WARNING 09-10 12:12:13 [envs.py:2239] Unknown vLLM environment variable detected: VLLM_USE_B12X_MHC
WARNING 09-10 12:12:13 [envs.py:2239] Unknown vLLM environment variable detected: VLLM_EXL3_PREFILL_BLOCK_M
WARNING 09-10 12:12:13 [envs.py:2239] Unknown vLLM environment variable detected: VLLM_TRELLISMX_CHECKPOINT
WARNING 09-10 12:12:13 [envs.py:2239] Unknown vLLM environment variable detected: VLLM_NVFP4_MLA_DYNAMIC_SCALE
WARNING 09-10 12:12:13 [envs.py:2239] Unknown vLLM environment variable detected: VLLM_B12X_GLM_H64_QUERY_PROJ
WARNING 09-10 12:12:13 [envs.py:2239] Unknown vLLM environment variable detected: VLLM_EXL3_PREFILL_CAPACITY
WARNING 09-10 12:12:13 [envs.py:2239] Unknown vLLM environment variable detected: VLLM_EXL3_TRELLIS_MIN_M
WARNING 09-10 12:12:13 [envs.py:2239] Unknown vLLM environment variable detected: VLLM_EXL3_PREFILL_TRELLIS
WARNING 09-10 12:12:13 [envs.py:2239] Unknown vLLM environment variable detected: VLLM_EXL3_TRELLIS_BLOCK_M
WARNING 09-10 12:12:13 [envs.py:2239] Unknown vLLM environment variable detected: VLLM_USE_B12X_KPOOL_INDEXER
WARNING 09-10 12:12:13 [envs.py:2239] Unknown vLLM environment variable detected: VLLM_EXL3_TRELLIS_MAX_M
INFO 09-10 12:12:13 [model.py:679] Resolved architecture: Glm5NextForConditionalGeneration
INFO 09-10 12:12:13 [model.py:1972] Using max model len 9000
INFO 09-10 12:12:15 [registry.py:141] All limits of multimodal modalities supported by the model are set to 0, running in text-only mode.
INFO 09-10 12:12:15 [model.py:882] Disabled mm_prefix attention mode because multimodal inputs are configuration-disabled. Attention backends without mm_prefix support may now be selected.
INFO 09-10 12:12:15 [cache.py:289] Using nvfp4_ds_mla data type to store kv cache. It reduces the GPU memory footprint and boosts the performance. Meanwhile, it may cause accuracy drop without a proper scaling factor
INFO 09-10 12:12:15 [arg_utils.py:2168] Inferred data_parallel_rank 0 from node_rank 1
INFO 09-10 12:12:15 [scheduler.py:242] Chunked prefill is enabled with max_num_batched_tokens=7168.
INFO 09-10 12:12:15 [config.py:605] Mamba cache mode is set to 'align' for Glm5NextForConditionalGeneration by default when prefix caching is enabled
WARNING 09-10 12:12:15 [modelopt.py:386] Detected ModelOpt fp8 checkpoint (quant_algo=FP8). Please note that the format is experimental and could change.
WARNING 09-10 12:12:15 [modelopt.py:1019] Detected ModelOpt NVFP4 checkpoint (quant_algo=NVFP4). Please note that the format is experimental and could change in future.
WARNING 09-10 12:12:15 [modelopt.py:1019] Detected ModelOpt NVFP4 checkpoint (quant_algo=W4A16_NVFP4). Please note that the format is experimental and could change in future.
WARNING 09-10 12:12:15 [modelopt.py:1683] Detected ModelOpt MXFP8 checkpoint. Please note that the format is experimental and could change in future.
INFO 09-10 12:12:15 [vllm.py:1336] Auto-enabling VLLM_USE_BREAKABLE_CUDAGRAPH=1. Set VLLM_USE_BREAKABLE_CUDAGRAPH=0 to opt out.
INFO 09-10 12:12:15 [kernel.py:306] Final IR op priority after setting platform defaults: IrOpPriorityConfig(rms_norm=['vllm_c', 'native'], fused_add_rms_norm=['vllm_c', 'native'])
INFO 09-10 12:12:15 [compilation.py:329] Enabled custom fusions: norm_quant, act_quant
INFO 09-10 12:12:15 [serve.py:216] Launching vLLM (v0.1.dev20051+g487ecf187) headless multiproc executor, with head node address 10.55.0.3:29553 for torch.distributed process group.
INFO 09-10 12:12:28 [registry.py:141] All limits of multimodal modalities supported by the model are set to 0, running in text-only mode.
(Worker pid=202) INFO 09-10 12:12:28 [parallel_state.py:1640] world_size=2 rank=1 local_rank=0 distributed_init_method=tcp://10.55.0.3:29553 backend=nccl
(Worker pid=202) WARNING 09-10 12:12:47 [symm_mem.py:67] SymmMemCommunicator: Device capability 12.1 not supported, communicator is not available.
(Worker pid=202) INFO 09-10 12:12:48 [parallel_state.py:1984] rank 1 in world size 2 is assigned as DP rank 0, PP rank 0, PCP rank 0, TP rank 1, EP rank 1, EPLB rank N/A
(Worker pid=202) INFO 09-10 12:12:48 [gpu_worker.py:386] Using V2 Model Runner
(Worker_TP1 pid=202) INFO 09-10 12:12:49 [model_runner.py:353] Loading model from scratch...
(Worker_TP1 pid=202) INFO 09-10 12:12:49 [cuda.py:592] Using backend AttentionBackendEnum.FLASH_ATTN for vit attention
(Worker_TP1 pid=202) INFO 09-10 12:12:49 [mm_encoder_attention.py:375] Using AttentionBackendEnum.FLASH_ATTN for MMEncoderAttention.
(Worker_TP1 pid=202) INFO 09-10 12:12:49 [kernel.py:306] Final IR op priority after setting platform defaults: IrOpPriorityConfig(rms_norm=['vllm_c', 'native'], fused_add_rms_norm=['vllm_c', 'native'])
(Worker_TP1 pid=202) INFO 09-10 12:12:49 [sparse_attn_indexer_kpool.py:1108] Using B12x fused paged score+top-k for GLM kpool decode.
(Worker_TP1 pid=202) INFO 09-10 12:12:49 [cuda.py:473] Using AttentionBackendEnum.B12X_MLA_SPARSE backend.
(Worker_TP1 pid=202) INFO 09-10 12:12:49 [b12x_mla_sparse.py:1528] B12X GLM MLA KV format: KV_FP8_ROPE=1 kv_gmem_stride=368 kv_cache_dtype=nvfp4_ds_mla
(Worker_TP1 pid=202) WARNING 09-10 12:12:50 [mla_attention.py:553] Sparse MLA impl has no dense-MHA prefill path; using the top-k MQA path only.
(Worker_TP1 pid=202) INFO 09-10 12:12:50 [deep_gemm.py:191] deep_gemm not found in site-packages, trying vendored vllm.third_party.deep_gemm
(Worker_TP1 pid=202) INFO 09-10 12:12:50 [deep_gemm.py:136] DeepGEMM E8M0 enabled on current platform.
(Worker_TP1 pid=202) INFO 09-10 12:12:50 [b12x_mla_sparse.py:1528] B12X GLM MLA KV format: KV_FP8_ROPE=1 kv_gmem_stride=368 kv_cache_dtype=nvfp4_ds_mla
(Worker_TP1 pid=202) INFO 09-10 12:12:51 [b12x_mla_sparse.py:1528] B12X GLM MLA KV format: KV_FP8_ROPE=1 kv_gmem_stride=368 kv_cache_dtype=nvfp4_ds_mla
(Worker_TP1 pid=202) INFO 09-10 12:12:51 [b12x_mla_sparse.py:1528] B12X GLM MLA KV format: KV_FP8_ROPE=1 kv_gmem_stride=368 kv_cache_dtype=nvfp4_ds_mla
(Worker_TP1 pid=202) INFO 09-10 12:12:51 [b12x_mla_sparse.py:1528] B12X GLM MLA KV format: KV_FP8_ROPE=1 kv_gmem_stride=368 kv_cache_dtype=nvfp4_ds_mla
(Worker_TP1 pid=202) INFO 09-10 12:12:51 [b12x_mla_sparse.py:1528] B12X GLM MLA KV format: KV_FP8_ROPE=1 kv_gmem_stride=368 kv_cache_dtype=nvfp4_ds_mla
(Worker_TP1 pid=202) INFO 09-10 12:12:52 [b12x_mla_sparse.py:1528] B12X GLM MLA KV format: KV_FP8_ROPE=1 kv_gmem_stride=368 kv_cache_dtype=nvfp4_ds_mla
(Worker_TP1 pid=202) INFO 09-10 12:12:52 [b12x_mla_sparse.py:1528] B12X GLM MLA KV format: KV_FP8_ROPE=1 kv_gmem_stride=368 kv_cache_dtype=nvfp4_ds_mla
(Worker_TP1 pid=202) INFO 09-10 12:12:52 [b12x_mla_sparse.py:1528] B12X GLM MLA KV format: KV_FP8_ROPE=1 kv_gmem_stride=368 kv_cache_dtype=nvfp4_ds_mla
(Worker_TP1 pid=202) INFO 09-10 12:12:53 [b12x_mla_sparse.py:1528] B12X GLM MLA KV format: KV_FP8_ROPE=1 kv_gmem_stride=368 kv_cache_dtype=nvfp4_ds_mla
(Worker_TP1 pid=202) INFO 09-10 12:12:53 [b12x_mla_sparse.py:1528] B12X GLM MLA KV format: KV_FP8_ROPE=1 kv_gmem_stride=368 kv_cache_dtype=nvfp4_ds_mla
(Worker_TP1 pid=202) INFO 09-10 12:12:53 [weight_utils.py:858] Filesystem type for checkpoints: EXT4. Checkpoint size: 184.46 GiB. Available RAM: 20.18 GiB.
(Worker_TP1 pid=202) INFO 09-10 12:12:53 [weight_utils.py:888] Auto-prefetch is disabled because the filesystem (EXT4) is not a recognized network FS (NFS/Lustre) and the checkpoint size (184.46 GiB) exceeds 90% of available RAM (20.18 GiB).
(Worker_TP1 pid=202) INFO 09-10 12:15:38 [default_loader.py:430] Loading weights took 165.04 seconds
(Worker_TP1 pid=202) INFO 09-10 12:15:48 [trellismx.py:185] TrellisMX layer=3 tp_rank=1 ep_rank=0 ep_size=1 K5 E4M3/UE8M0-32 coupled-h512-h128 released_carrier_bytes=2038438656
(Worker_TP1 pid=202) INFO 09-10 12:15:50 [trellismx.py:185] TrellisMX layer=4 tp_rank=1 ep_rank=0 ep_size=1 K4 E4M3/UE8M0-32 coupled-h512-h128 released_carrier_bytes=2038438656
(Worker_TP1 pid=202) INFO 09-10 12:15:53 [trellismx.py:185] TrellisMX layer=5 tp_rank=1 ep_rank=0 ep_size=1 K4 E4M3/UE8M0-32 coupled-h512-h128 released_carrier_bytes=2038438656
(Worker_TP1 pid=202) INFO 09-10 12:15:55 [trellismx.py:185] TrellisMX layer=6 tp_rank=1 ep_rank=0 ep_size=1 K4 E4M3/UE8M0-32 coupled-h512-h128 released_carrier_bytes=2038438656
(Worker_TP1 pid=202) INFO 09-10 12:15:58 [trellismx.py:185] TrellisMX layer=7 tp_rank=1 ep_rank=0 ep_size=1 K4 E4M3/UE8M0-32 coupled-h512-h128 released_carrier_bytes=2038438656
(Worker_TP1 pid=202) INFO 09-10 12:16:01 [trellismx.py:185] TrellisMX layer=8 tp_rank=1 ep_rank=0 ep_size=1 K4 E4M3/UE8M0-32 coupled-h512-h128 released_carrier_bytes=2038438656
(Worker_TP1 pid=202) INFO 09-10 12:16:03 [trellismx.py:185] TrellisMX layer=9 tp_rank=1 ep_rank=0 ep_size=1 K4 E4M3/UE8M0-32 coupled-h512-h128 released_carrier_bytes=2038438656
(Worker_TP1 pid=202) INFO 09-10 12:16:06 [trellismx.py:185] TrellisMX layer=10 tp_rank=1 ep_rank=0 ep_size=1 K4 E4M3/UE8M0-32 coupled-h512-h128 released_carrier_bytes=2038438656
(Worker_TP1 pid=202) INFO 09-10 12:16:08 [trellismx.py:185] TrellisMX layer=11 tp_rank=1 ep_rank=0 ep_size=1 K4 E4M3/UE8M0-32 coupled-h512-h128 released_carrier_bytes=2038438656
(Worker_TP1 pid=202) INFO 09-10 12:16:11 [trellismx.py:185] TrellisMX layer=12 tp_rank=1 ep_rank=0 ep_size=1 K4 E4M3/UE8M0-32 coupled-h512-h128 released_carrier_bytes=2038438656
(Worker_TP1 pid=202) INFO 09-10 12:16:14 [trellismx.py:185] TrellisMX layer=13 tp_rank=1 ep_rank=0 ep_size=1 K4 E4M3/UE8M0-32 coupled-h512-h128 released_carrier_bytes=2038438656
(Worker_TP1 pid=202) INFO 09-10 12:16:17 [trellismx.py:185] TrellisMX layer=14 tp_rank=1 ep_rank=0 ep_size=1 K4 E4M3/UE8M0-32 coupled-h512-h128 released_carrier_bytes=2038438656
(Worker_TP1 pid=202) INFO 09-10 12:16:19 [trellismx.py:185] TrellisMX layer=15 tp_rank=1 ep_rank=0 ep_size=1 K4 E4M3/UE8M0-32 coupled-h512-h128 released_carrier_bytes=2038438656
(Worker_TP1 pid=202) INFO 09-10 12:16:22 [trellismx.py:185] TrellisMX layer=16 tp_rank=1 ep_rank=0 ep_size=1 K4 E4M3/UE8M0-32 coupled-h512-h128 released_carrier_bytes=2038438656
(Worker_TP1 pid=202) INFO 09-10 12:16:25 [trellismx.py:185] TrellisMX layer=17 tp_rank=1 ep_rank=0 ep_size=1 K4 E4M3/UE8M0-32 coupled-h512-h128 released_carrier_bytes=2038438656
(Worker_TP1 pid=202) INFO 09-10 12:16:27 [trellismx.py:185] TrellisMX layer=18 tp_rank=1 ep_rank=0 ep_size=1 K4 E4M3/UE8M0-32 coupled-h512-h128 released_carrier_bytes=2038438656
(Worker_TP1 pid=202) INFO 09-10 12:16:31 [trellismx.py:185] TrellisMX layer=19 tp_rank=1 ep_rank=0 ep_size=1 K5 E4M3/UE8M0-32 coupled-h512-h128 released_carrier_bytes=2038438656
(Worker_TP1 pid=202) INFO 09-10 12:16:33 [trellismx.py:185] TrellisMX layer=20 tp_rank=1 ep_rank=0 ep_size=1 K4 E4M3/UE8M0-32 coupled-h512-h128 released_carrier_bytes=2038438656
(Worker_TP1 pid=202) INFO 09-10 12:16:37 [trellismx.py:185] TrellisMX layer=21 tp_rank=1 ep_rank=0 ep_size=1 K5 E4M3/UE8M0-32 coupled-h512-h128 released_carrier_bytes=2038438656
(Worker_TP1 pid=202) INFO 09-10 12:16:42 [trellismx.py:185] TrellisMX layer=22 tp_rank=1 ep_rank=0 ep_size=1 K5 E4M3/UE8M0-32 coupled-h512-h128 released_carrier_bytes=2038438656
(Worker_TP1 pid=202) INFO 09-10 12:16:45 [trellismx.py:185] TrellisMX layer=23 tp_rank=1 ep_rank=0 ep_size=1 K4 E4M3/UE8M0-32 coupled-h512-h128 released_carrier_bytes=2038438656
(Worker_TP1 pid=202) INFO 09-10 12:16:48 [trellismx.py:185] TrellisMX layer=24 tp_rank=1 ep_rank=0 ep_size=1 K5 E4M3/UE8M0-32 coupled-h512-h128 released_carrier_bytes=2038438656
(Worker_TP1 pid=202) INFO 09-10 12:16:52 [trellismx.py:185] TrellisMX layer=25 tp_rank=1 ep_rank=0 ep_size=1 K5 E4M3/UE8M0-32 coupled-h512-h128 released_carrier_bytes=2038438656
(Worker_TP1 pid=202) INFO 09-10 12:16:55 [trellismx.py:185] TrellisMX layer=26 tp_rank=1 ep_rank=0 ep_size=1 K4 E4M3/UE8M0-32 coupled-h512-h128 released_carrier_bytes=2038438656
(Worker_TP1 pid=202) INFO 09-10 12:16:58 [trellismx.py:185] TrellisMX layer=27 tp_rank=1 ep_rank=0 ep_size=1 K4 E4M3/UE8M0-32 coupled-h512-h128 released_carrier_bytes=2038438656
(Worker_TP1 pid=202) INFO 09-10 12:17:01 [trellismx.py:185] TrellisMX layer=28 tp_rank=1 ep_rank=0 ep_size=1 K4 E4M3/UE8M0-32 coupled-h512-h128 released_carrier_bytes=2038438656
(Worker_TP1 pid=202) INFO 09-10 12:17:05 [trellismx.py:185] TrellisMX layer=29 tp_rank=1 ep_rank=0 ep_size=1 K5 E4M3/UE8M0-32 coupled-h512-h128 released_carrier_bytes=2038438656
(Worker_TP1 pid=202) INFO 09-10 12:17:08 [trellismx.py:185] TrellisMX layer=30 tp_rank=1 ep_rank=0 ep_size=1 K5 E4M3/UE8M0-32 coupled-h512-h128 released_carrier_bytes=2038438656
(Worker_TP1 pid=202) INFO 09-10 12:17:11 [trellismx.py:185] TrellisMX layer=31 tp_rank=1 ep_rank=0 ep_size=1 K4 E4M3/UE8M0-32 coupled-h512-h128 released_carrier_bytes=2038438656
(Worker_TP1 pid=202) INFO 09-10 12:17:14 [trellismx.py:185] TrellisMX layer=32 tp_rank=1 ep_rank=0 ep_size=1 K4 E4M3/UE8M0-32 coupled-h512-h128 released_carrier_bytes=2038438656
(Worker_TP1 pid=202) INFO 09-10 12:17:17 [trellismx.py:185] TrellisMX layer=33 tp_rank=1 ep_rank=0 ep_size=1 K5 E4M3/UE8M0-32 coupled-h512-h128 released_carrier_bytes=2038438656
(Worker_TP1 pid=202) INFO 09-10 12:17:21 [trellismx.py:185] TrellisMX layer=34 tp_rank=1 ep_rank=0 ep_size=1 K5 E4M3/UE8M0-32 coupled-h512-h128 released_carrier_bytes=2038438656
(Worker_TP1 pid=202) INFO 09-10 12:17:23 [trellismx.py:185] TrellisMX layer=35 tp_rank=1 ep_rank=0 ep_size=1 K4 E4M3/UE8M0-32 coupled-h512-h128 released_carrier_bytes=2038438656
(Worker_TP1 pid=202) INFO 09-10 12:17:27 [trellismx.py:185] TrellisMX layer=36 tp_rank=1 ep_rank=0 ep_size=1 K5 E4M3/UE8M0-32 coupled-h512-h128 released_carrier_bytes=2038438656
(Worker_TP1 pid=202) INFO 09-10 12:17:30 [trellismx.py:185] TrellisMX layer=37 tp_rank=1 ep_rank=0 ep_size=1 K4 E4M3/UE8M0-32 coupled-h512-h128 released_carrier_bytes=2038438656
(Worker_TP1 pid=202) INFO 09-10 12:17:33 [trellismx.py:185] TrellisMX layer=38 tp_rank=1 ep_rank=0 ep_size=1 K5 E4M3/UE8M0-32 coupled-h512-h128 released_carrier_bytes=2038438656
(Worker_TP1 pid=202) INFO 09-10 12:17:36 [trellismx.py:185] TrellisMX layer=39 tp_rank=1 ep_rank=0 ep_size=1 K4 E4M3/UE8M0-32 coupled-h512-h128 released_carrier_bytes=2038438656
(Worker_TP1 pid=202) INFO 09-10 12:17:39 [trellismx.py:185] TrellisMX layer=40 tp_rank=1 ep_rank=0 ep_size=1 K5 E4M3/UE8M0-32 coupled-h512-h128 released_carrier_bytes=2038438656
(Worker_TP1 pid=202) INFO 09-10 12:17:43 [trellismx.py:185] TrellisMX layer=41 tp_rank=1 ep_rank=0 ep_size=1 K5 E4M3/UE8M0-32 coupled-h512-h128 released_carrier_bytes=2038438656
(Worker_TP1 pid=202) INFO 09-10 12:17:46 [trellismx.py:185] TrellisMX layer=42 tp_rank=1 ep_rank=0 ep_size=1 K5 E4M3/UE8M0-32 coupled-h512-h128 released_carrier_bytes=2038438656
(Worker_TP1 pid=202) INFO 09-10 12:17:49 [trellismx.py:185] TrellisMX layer=43 tp_rank=1 ep_rank=0 ep_size=1 K5 E4M3/UE8M0-32 coupled-h512-h128 released_carrier_bytes=2038438656
(Worker_TP1 pid=202) INFO 09-10 12:17:52 [trellismx.py:185] TrellisMX layer=44 tp_rank=1 ep_rank=0 ep_size=1 K5 E4M3/UE8M0-32 coupled-h512-h128 released_carrier_bytes=2038438656
(Worker_TP1 pid=202) INFO 09-10 12:17:53 [model_runner.py:374] Model loading took 96.23 GiB and 304.664457 seconds
(Worker_TP1 pid=202) INFO 09-10 12:17:53 [interface.py:926] Setting attention block size to 6144 tokens to ensure that attention page size is >= mamba page size.
(Worker_TP1 pid=202) INFO 09-10 12:17:53 [interface.py:950] Padding mamba page size by 4.15% to ensure that mamba page size and attention page size are exactly equal.
INFO 09-10 12:26:07 [torch_utils.py:263] Reducing Torch threads from 20 to 1 for serving. Set OMP_NUM_THREADS in the external environment to override.
(Worker_TP1 pid=202) 2026-09-10 12:26:09  [TileLang:tilelang.jit.kernel:INFO] (kernel.py:129): TileLang begins to compile kernel `mhc_pre_big_fuse_with_norm_tilelang` with `out_idx=None`
(Worker_TP1 pid=202) 2026-09-10 12:26:13  [TileLang:tilelang.jit.kernel:INFO] (kernel.py:137): TileLang completes to compile kernel `mhc_pre_big_fuse_with_norm_tilelang`
(Worker_TP1 pid=202) 2026-09-10 12:26:14  [TileLang:tilelang.jit.kernel:INFO] (kernel.py:129): TileLang begins to compile kernel `mhc_post_tilelang` with `out_idx=None`
[12:26:14] : Warning: T.vectorized loop over `i_hci` with extent 4 is lowered as a serial loop because TileLang could not find a valid vectorization plan. Scalar accumulator updates inside the loop are a common cause; move reductions to T.unroll or T.serial if this is intended.
(Worker_TP1 pid=202) 2026-09-10 12:26:15  [TileLang:tilelang.jit.kernel:INFO] (kernel.py:137): TileLang completes to compile kernel `mhc_post_tilelang`
(Worker_TP1 pid=202) INFO 09-10 12:26:20 [gpu_worker.py:515] GLM53 memory snapshots: before=torch_peak=96.23GiB, torch_allocated=96.23GiB, free_memory=14.74GiB, total_memory=121.63GiB, cuda_memory=106.88GiB, torch_memory=96.24GiB, non_torch_memory=10.64GiB, timestamp=1789043167.767734, auto_measure=False; after=torch_peak=99.9GiB, torch_allocated=96.3GiB, free_memory=13.92GiB, total_memory=121.63GiB, cuda_memory=107.71GiB, torch_memory=96.31GiB, non_torch_memory=11.4GiB, timestamp=1789043180.7634583, auto_measure=False
(Worker_TP1 pid=202) INFO 09-10 12:26:20 [indexer.py:736] DSA indexer decode path: use_flattening=False supports_varlen=False (next_n=1, use_fp4_indexer_cache=False)
(Worker_TP1 pid=202) INFO 09-10 12:26:20 [breakable_cudagraph.py:288] Breakable CUDA graph enabled
(Worker_TP1 pid=202) 2026-09-10 12:26:21  [TileLang:tilelang.jit.kernel:INFO] (kernel.py:129): TileLang begins to compile kernel `mhc_pre_big_fuse_with_norm_tilelang` with `out_idx=None`
(Worker_TP1 pid=202) 2026-09-10 12:26:25  [TileLang:tilelang.jit.kernel:INFO] (kernel.py:137): TileLang completes to compile kernel `mhc_pre_big_fuse_with_norm_tilelang`
(Worker_TP1 pid=202) 2026-09-10 12:26:26  [TileLang:tilelang.jit.kernel:INFO] (kernel.py:129): TileLang begins to compile kernel `mhc_fused_tilelang` with `out_idx=None`
(Worker_TP1 pid=202) 2026-09-10 12:26:26  [TileLang:tilelang.jit.kernel:INFO] (kernel.py:137): TileLang completes to compile kernel `mhc_fused_tilelang`
(Worker_TP1 pid=202) 2026-09-10 12:26:27  [TileLang:tilelang.jit.kernel:INFO] (kernel.py:129): TileLang begins to compile kernel `mhc_pre_big_fuse_with_norm_tilelang` with `out_idx=None`
(Worker_TP1 pid=202) 2026-09-10 12:26:31  [TileLang:tilelang.jit.kernel:INFO] (kernel.py:137): TileLang completes to compile kernel `mhc_pre_big_fuse_with_norm_tilelang`
(Worker_TP1 pid=202) 2026-09-10 12:26:32  [TileLang:tilelang.jit.kernel:INFO] (kernel.py:129): TileLang begins to compile kernel `mhc_fused_tilelang` with `out_idx=None`
(Worker_TP1 pid=202) 2026-09-10 12:26:33  [TileLang:tilelang.jit.kernel:INFO] (kernel.py:137): TileLang completes to compile kernel `mhc_fused_tilelang`
(Worker_TP1 pid=202) 2026-09-10 12:26:33  [TileLang:tilelang.jit.kernel:INFO] (kernel.py:129): TileLang begins to compile kernel `mhc_pre_big_fuse_with_norm_tilelang` with `out_idx=None`
(Worker_TP1 pid=202) 2026-09-10 12:26:37  [TileLang:tilelang.jit.kernel:INFO] (kernel.py:137): TileLang completes to compile kernel `mhc_pre_big_fuse_with_norm_tilelang`
(Worker_TP1 pid=202) INFO 09-10 12:26:39 [mhc.py:438] Using B12x fused GLM H4096 mHC post+pre for decode M=1.
(Worker_TP1 pid=202) INFO 09-10 12:26:41 [model_runner.py:957] Estimated CUDA graph memory: 1.30 GiB total
(Worker_TP1 pid=202) INFO 09-10 12:26:41 [gpu_worker.py:574] GLM53 memory accounting: Memory profiling takes 13.00 seconds. Total non KV cache memory: 101.18GiB; torch peak memory increase: 3.67GiB; total consumed (from mem_get_info): 97.58GiB; weights memory: 96.23GiB.
(Worker_TP1 pid=202) INFO 09-10 12:26:41 [gpu_worker.py:575] Available KV cache memory: -5.17 GiB
(Worker_TP1 pid=202) INFO 09-10 12:26:41 [gpu_worker.py:590] CUDA graph memory profiling is enabled (default since v0.21.0). The current --gpu-memory-utilization=0.8000 is equivalent to --gpu-memory-utilization=0.7894 without CUDA graph memory profiling. To maintain the same effective KV cache size as before, increase --gpu-memory-utilization to 0.8106. To disable, set VLLM_MEMORY_PROFILER_ESTIMATE_CUDAGRAPHS=0.
[rank1]:[W910 12:26:45.877016505 TCPStore.cpp:125] [c10d] recvValue failed on SocketImpl(fd=48, addr=[kiwi.200gb]:54432, remote=[emu.200gb]:29553): Failed to recv, got 0 bytes. Connection was likely closed. Did the remote server shutdown or crash?
Exception raised from recvBytes at /__w/pytorch/pytorch/torch/csrc/distributed/c10d/Utils.hpp:787 (most recent call first):
frame #0: c10::Error::Error(c10::SourceLocation, std::__cxx11::basic_string<char, std::char_traits<char>, std::allocator<char> >) + 0xc8 (0xe0a77ef9e158 in /usr/local/lib/python3.12/dist-packages/torch/lib/libc10.so)
frame #1: c10::DistError::DistError(c10::SourceLocation, std::__cxx11::basic_string<char, std::char_traits<char>, std::allocator<char> >) + 0x78 (0xe0a77ef9ed48 in /usr/local/lib/python3.12/dist-packages/torch/lib/libc10.so)
frame #2: c10::DistNetworkError::DistNetworkError(c10::SourceLocation, std::__cxx11::basic_string<char, std::char_traits<char>, std::allocator<char> >) + 0x78 (0xe0a77ef9f0c8 in /usr/local/lib/python3.12/dist-packages/torch/lib/libc10.so)
frame #3: <unknown function> + 0x70b84d4 (0xe0a79c9084d4 in /usr/local/lib/python3.12/dist-packages/torch/lib/libtorch_cpu.so)
frame #4: c10d::TCPStore::check(std::vector<std::__cxx11::basic_string<char, std::char_traits<char>, std::allocator<char> >, std::allocator<std::__cxx11::basic_string<char, std::char_traits<char>, std::allocator<char> > > > const&) + 0x258 (0xe0a79c90ab38 in /usr/local/lib/python3.12/dist-packages/torch/lib/libtorch_cpu.so)
frame #5: c10d::ProcessGroupNCCL::HeartbeatMonitor::runLoop() + 0x330 (0xe0a77fee7350 in /usr/local/lib/python3.12/dist-packages/torch/lib/libtorch_cuda.so)
frame #6: <unknown function> + 0xe1ae0 (0xe0a830351ae0 in /lib/aarch64-linux-gnu/libstdc++.so.6)
frame #7: <unknown function> + 0x8582c (0xe0a83121582c in /lib/aarch64-linux-gnu/libc.so.6)
frame #8: <unknown function> + 0xeb79c (0xe0a83127b79c in /lib/aarch64-linux-gnu/libc.so.6)

[rank1]:[W910 12:26:45.884107063 ProcessGroupNCCL.cpp:1876] [PG ID 0 PG GUID 0 Rank 1] Failed to check the "should dump" flag on TCPStore, (maybe TCPStore server has shut down too early), with error: Failed to recv, got 0 bytes. Connection was likely closed. Did the remote server shutdown or crash?
[rank1]:[W910 12:26:46.884255050 TCPStore.cpp:106] [c10d] sendBytes failed on SocketImpl(fd=48, addr=[kiwi.200gb]:54432, remote=[emu.200gb]:29553): Broken pipe
Exception raised from sendBytes at /__w/pytorch/pytorch/torch/csrc/distributed/c10d/Utils.hpp:758 (most recent call first):
frame #0: c10::Error::Error(c10::SourceLocation, std::__cxx11::basic_string<char, std::char_traits<char>, std::allocator<char> >) + 0xc8 (0xe0a77ef9e158 in /usr/local/lib/python3.12/dist-packages/torch/lib/libc10.so)
frame #1: c10::DistError::DistError(c10::SourceLocation, std::__cxx11::basic_string<char, std::char_traits<char>, std::allocator<char> >) + 0x78 (0xe0a77ef9ed48 in /usr/local/lib/python3.12/dist-packages/torch/lib/libc10.so)
frame #2: c10::DistNetworkError::DistNetworkError(c10::SourceLocation, std::__cxx11::basic_string<char, std::char_traits<char>, std::allocator<char> >) + 0x78 (0xe0a77ef9f0c8 in /usr/local/lib/python3.12/dist-packages/torch/lib/libc10.so)
frame #3: <unknown function> + 0x70b77ec (0xe0a79c9077ec in /usr/local/lib/python3.12/dist-packages/torch/lib/libtorch_cpu.so)
frame #4: <unknown function> + 0x70b9aa4 (0xe0a79c909aa4 in /usr/local/lib/python3.12/dist-packages/torch/lib/libtorch_cpu.so)
frame #5: <unknown function> + 0x70b9c18 (0xe0a79c909c18 in /usr/local/lib/python3.12/dist-packages/torch/lib/libtorch_cpu.so)
frame #6: c10d::TCPStore::check(std::vector<std::__cxx11::basic_string<char, std::char_traits<char>, std::allocator<char> >, std::allocator<std::__cxx11::basic_string<char, std::char_traits<char>, std::allocator<char> > > > const&) + 0x23c (0xe0a79c90ab1c in /usr/local/lib/python3.12/dist-packages/torch/lib/libtorch_cpu.so)
frame #7: c10d::ProcessGroupNCCL::HeartbeatMonitor::runLoop() + 0x330 (0xe0a77fee7350 in /usr/local/lib/python3.12/dist-packages/torch/lib/libtorch_cuda.so)
frame #8: <unknown function> + 0xe1ae0 (0xe0a830351ae0 in /lib/aarch64-linux-gnu/libstdc++.so.6)
frame #9: <unknown function> + 0x8582c (0xe0a83121582c in /lib/aarch64-linux-gnu/libc.so.6)
frame #10: <unknown function> + 0xeb79c (0xe0a83127b79c in /lib/aarch64-linux-gnu/libc.so.6)

[rank1]:[W910 12:26:46.886954447 ProcessGroupNCCL.cpp:1876] [PG ID 0 PG GUID 0 Rank 1] Failed to check the "should dump" flag on TCPStore, (maybe TCPStore server has shut down too early), with error: Broken pipe
[rank1]:[W910 12:26:47.887089230 TCPStore.cpp:106] [c10d] sendBytes failed on SocketImpl(fd=48, addr=[kiwi.200gb]:54432, remote=[emu.200gb]:29553): Broken pipe
Exception raised from sendBytes at /__w/pytorch/pytorch/torch/csrc/distributed/c10d/Utils.hpp:758 (most recent call first):
frame #0: c10::Error::Error(c10::SourceLocation, std::__cxx11::basic_string<char, std::char_traits<char>, std::allocator<char> >) + 0xc8 (0xe0a77ef9e158 in /usr/local/lib/python3.12/dist-packages/torch/lib/libc10.so)
frame #1: c10::DistError::DistError(c10::SourceLocation, std::__cxx11::basic_string<char, std::char_traits<char>, std::allocator<char> >) + 0x78 (0xe0a77ef9ed48 in /usr/local/lib/python3.12/dist-packages/torch/lib/libc10.so)
frame #2: c10::DistNetworkError::DistNetworkError(c10::SourceLocation, std::__cxx11::basic_string<char, std::char_traits<char>, std::allocator<char> >) + 0x78 (0xe0a77ef9f0c8 in /usr/local/lib/python3.12/dist-packages/torch/lib/libc10.so)
frame #3: <unknown function> + 0x70b77ec (0xe0a79c9077ec in /usr/local/lib/python3.12/dist-packages/torch/lib/libtorch_cpu.so)
frame #4: <unknown function> + 0x70b9aa4 (0xe0a79c909aa4 in /usr/local/lib/python3.12/dist-packages/torch/lib/libtorch_cpu.so)
frame #5: <unknown function> + 0x70b9c18 (0xe0a79c909c18 in /usr/local/lib/python3.12/dist-packages/torch/lib/libtorch_cpu.so)
frame #6: c10d::TCPStore::check(std::vector<std::__cxx11::basic_string<char, std::char_traits<char>, std::allocator<char> >, std::allocator<std::__cxx11::basic_string<char, std::char_traits<char>, std::allocator<char> > > > const&) + 0x23c (0xe0a79c90ab1c in /usr/local/lib/python3.12/dist-packages/torch/lib/libtorch_cpu.so)
frame #7: c10d::ProcessGroupNCCL::HeartbeatMonitor::runLoop() + 0x330 (0xe0a77fee7350 in /usr/local/lib/python3.12/dist-packages/torch/lib/libtorch_cuda.so)
frame #8: <unknown function> + 0xe1ae0 (0xe0a830351ae0 in /lib/aarch64-linux-gnu/libstdc++.so.6)
frame #9: <unknown function> + 0x8582c (0xe0a83121582c in /lib/aarch64-linux-gnu/libc.so.6)
frame #10: <unknown function> + 0xeb79c (0xe0a83127b79c in /lib/aarch64-linux-gnu/libc.so.6)

[rank1]:[W910 12:26:47.889818403 ProcessGroupNCCL.cpp:1876] [PG ID 0 PG GUID 0 Rank 1] Failed to check the "should dump" flag on TCPStore, (maybe TCPStore server has shut down too early), with error: Broken pipe
[rank1]:[W910 12:26:48.889950175 TCPStore.cpp:106] [c10d] sendBytes failed on SocketImpl(fd=48, addr=[kiwi.200gb]:54432, remote=[emu.200gb]:29553): Broken pipe
Exception raised from sendBytes at /__w/pytorch/pytorch/torch/csrc/distributed/c10d/Utils.hpp:758 (most recent call first):
frame #0: c10::Error::Error(c10::SourceLocation, std::__cxx11::basic_string<char, std::char_traits<char>, std::allocator<char> >) + 0xc8 (0xe0a77ef9e158 in /usr/local/lib/python3.12/dist-packages/torch/lib/libc10.so)
frame #1: c10::DistError::DistError(c10::SourceLocation, std::__cxx11::basic_string<char, std::char_traits<char>, std::allocator<char> >) + 0x78 (0xe0a77ef9ed48 in /usr/local/lib/python3.12/dist-packages/torch/lib/libc10.so)
frame #2: c10::DistNetworkError::DistNetworkError(c10::SourceLocation, std::__cxx11::basic_string<char, std::char_traits<char>, std::allocator<char> >) + 0x78 (0xe0a77ef9f0c8 in /usr/local/lib/python3.12/dist-packages/torch/lib/libc10.so)
frame #3: <unknown function> + 0x70b77ec (0xe0a79c9077ec in /usr/local/lib/python3.12/dist-packages/torch/lib/libtorch_cpu.so)
frame #4: <unknown function> + 0x70b9aa4 (0xe0a79c909aa4 in /usr/local/lib/python3.12/dist-packages/torch/lib/libtorch_cpu.so)
frame #5: <unknown function> + 0x70b9c18 (0xe0a79c909c18 in /usr/local/lib/python3.12/dist-packages/torch/lib/libtorch_cpu.so)
frame #6: c10d::TCPStore::check(std::vector<std::__cxx11::basic_string<char, std::char_traits<char>, std::allocator<char> >, std::allocator<std::__cxx11::basic_string<char, std::char_traits<char>, std::allocator<char> > > > const&) + 0x23c (0xe0a79c90ab1c in /usr/local/lib/python3.12/dist-packages/torch/lib/libtorch_cpu.so)
frame #7: c10d::ProcessGroupNCCL::HeartbeatMonitor::runLoop() + 0x330 (0xe0a77fee7350 in /usr/local/lib/python3.12/dist-packages/torch/lib/libtorch_cuda.so)
frame #8: <unknown function> + 0xe1ae0 (0xe0a830351ae0 in /lib/aarch64-linux-gnu/libstdc++.so.6)
frame #9: <unknown function> + 0x8582c (0xe0a83121582c in /lib/aarch64-linux-gnu/libc.so.6)
frame #10: <unknown function> + 0xeb79c (0xe0a83127b79c in /lib/aarch64-linux-gnu/libc.so.6)

[rank1]:[W910 12:26:48.892637253 ProcessGroupNCCL.cpp:1876] [PG ID 0 PG GUID 0 Rank 1] Failed to check the "should dump" flag on TCPStore, (maybe TCPStore server has shut down too early), with error: Broken pipe
[rank1]:[W910 12:26:49.893108895 TCPStore.cpp:106] [c10d] sendBytes failed on SocketImpl(fd=48, addr=[kiwi.200gb]:54432, remote=[emu.200gb]:29553): Broken pipe
Exception raised from sendBytes at /__w/pytorch/pytorch/torch/csrc/distributed/c10d/Utils.hpp:758 (most recent call first):
frame #0: c10::Error::Error(c10::SourceLocation, std::__cxx11::basic_string<char, std::char_traits<char>, std::allocator<char> >) + 0xc8 (0xe0a77ef9e158 in /usr/local/lib/python3.12/dist-packages/torch/lib/libc10.so)
frame #1: c10::DistError::DistError(c10::SourceLocation, std::__cxx11::basic_string<char, std::char_traits<char>, std::allocator<char> >) + 0x78 (0xe0a77ef9ed48 in /usr/local/lib/python3.12/dist-packages/torch/lib/libc10.so)
frame #2: c10::DistNetworkError::DistNetworkError(c10::SourceLocation, std::__cxx11::basic_string<char, std::char_traits<char>, std::allocator<char> >) + 0x78 (0xe0a77ef9f0c8 in /usr/local/lib/python3.12/dist-packages/torch/lib/libc10.so)
frame #3: <unknown function> + 0x70b77ec (0xe0a79c9077ec in /usr/local/lib/python3.12/dist-packages/torch/lib/libtorch_cpu.so)
frame #4: <unknown function> + 0x70b9aa4 (0xe0a79c909aa4 in /usr/local/lib/python3.12/dist-packages/torch/lib/libtorch_cpu.so)
frame #5: <unknown function> + 0x70b9c18 (0xe0a79c909c18 in /usr/local/lib/python3.12/dist-packages/torch/lib/libtorch_cpu.so)
frame #6: c10d::TCPStore::check(std::vector<std::__cxx11::basic_string<char, std::char_traits<char>, std::allocator<char> >, std::allocator<std::__cxx11::basic_string<char, std::char_traits<char>, std::allocator<char> > > > const&) + 0x23c (0xe0a79c90ab1c in /usr/local/lib/python3.12/dist-packages/torch/lib/libtorch_cpu.so)
frame #7: c10d::ProcessGroupNCCL::HeartbeatMonitor::runLoop() + 0x330 (0xe0a77fee7350 in /usr/local/lib/python3.12/dist-packages/torch/lib/libtorch_cuda.so)
frame #8: <unknown function> + 0xe1ae0 (0xe0a830351ae0 in /lib/aarch64-linux-gnu/libstdc++.so.6)
frame #9: <unknown function> + 0x8582c (0xe0a83121582c in /lib/aarch64-linux-gnu/libc.so.6)
frame #10: <unknown function> + 0xeb79c (0xe0a83127b79c in /lib/aarch64-linux-gnu/libc.so.6)

[rank1]:[W910 12:26:49.895763012 ProcessGroupNCCL.cpp:1876] [PG ID 0 PG GUID 0 Rank 1] Failed to check the "should dump" flag on TCPStore, (maybe TCPStore server has shut down too early), with error: Broken pipe
[rank1]:[W910 12:26:50.895899850 TCPStore.cpp:106] [c10d] sendBytes failed on SocketImpl(fd=48, addr=[kiwi.200gb]:54432, remote=[emu.200gb]:29553): Broken pipe
Exception raised from sendBytes at /__w/pytorch/pytorch/torch/csrc/distributed/c10d/Utils.hpp:758 (most recent call first):
frame #0: c10::Error::Error(c10::SourceLocation, std::__cxx11::basic_string<char, std::char_traits<char>, std::allocator<char> >) + 0xc8 (0xe0a77ef9e158 in /usr/local/lib/python3.12/dist-packages/torch/lib/libc10.so)
frame #1: c10::DistError::DistError(c10::SourceLocation, std::__cxx11::basic_string<char, std::char_traits<char>, std::allocator<char> >) + 0x78 (0xe0a77ef9ed48 in /usr/local/lib/python3.12/dist-packages/torch/lib/libc10.so)
frame #2: c10::DistNetworkError::DistNetworkError(c10::SourceLocation, std::__cxx11::basic_string<char, std::char_traits<char>, std::allocator<char> >) + 0x78 (0xe0a77ef9f0c8 in /usr/local/lib/python3.12/dist-packages/torch/lib/libc10.so)
frame #3: <unknown function> + 0x70b77ec (0xe0a79c9077ec in /usr/local/lib/python3.12/dist-packages/torch/lib/libtorch_cpu.so)
frame #4: <unknown function> + 0x70b9aa4 (0xe0a79c909aa4 in /usr/local/lib/python3.12/dist-packages/torch/lib/libtorch_cpu.so)
frame #5: <unknown function> + 0x70b9c18 (0xe0a79c909c18 in /usr/local/lib/python3.12/dist-packages/torch/lib/libtorch_cpu.so)
frame #6: c10d::TCPStore::check(std::vector<std::__cxx11::basic_string<char, std::char_traits<char>, std::allocator<char> >, std::allocator<std::__cxx11::basic_string<char, std::char_traits<char>, std::allocator<char> > > > const&) + 0x23c (0xe0a79c90ab1c in /usr/local/lib/python3.12/dist-packages/torch/lib/libtorch_cpu.so)
frame #7: c10d::ProcessGroupNCCL::HeartbeatMonitor::runLoop() + 0x330 (0xe0a77fee7350 in /usr/local/lib/python3.12/dist-packages/torch/lib/libtorch_cuda.so)
frame #8: <unknown function> + 0xe1ae0 (0xe0a830351ae0 in /lib/aarch64-linux-gnu/libstdc++.so.6)
frame #9: <unknown function> + 0x8582c (0xe0a83121582c in /lib/aarch64-linux-gnu/libc.so.6)
frame #10: <unknown function> + 0xeb79c (0xe0a83127b79c in /lib/aarch64-linux-gnu/libc.so.6)

[rank1]:[W910 12:26:50.898391855 ProcessGroupNCCL.cpp:1876] [PG ID 0 PG GUID 0 Rank 1] Failed to check the "should dump" flag on TCPStore, (maybe TCPStore server has shut down too early), with error: Broken pipe
[rank1]:[W910 12:26:51.898635939 TCPStore.cpp:106] [c10d] sendBytes failed on SocketImpl(fd=48, addr=[kiwi.200gb]:54432, remote=[emu.200gb]:29553): Broken pipe
Exception raised from sendBytes at /__w/pytorch/pytorch/torch/csrc/distributed/c10d/Utils.hpp:758 (most recent call first):
frame #0: c10::Error::Error(c10::SourceLocation, std::__cxx11::basic_string<char, std::char_traits<char>, std::allocator<char> >) + 0xc8 (0xe0a77ef9e158 in /usr/local/lib/python3.12/dist-packages/torch/lib/libc10.so)
frame #1: c10::DistError::DistError(c10::SourceLocation, std::__cxx11::basic_string<char, std::char_traits<char>, std::allocator<char> >) + 0x78 (0xe0a77ef9ed48 in /usr/local/lib/python3.12/dist-packages/torch/lib/libc10.so)
frame #2: c10::DistNetworkError::DistNetworkError(c10::SourceLocation, std::__cxx11::basic_string<char, std::char_traits<char>, std::allocator<char> >) + 0x78 (0xe0a77ef9f0c8 in /usr/local/lib/python3.12/dist-packages/torch/lib/libc10.so)
frame #3: <unknown function> + 0x70b77ec (0xe0a79c9077ec in /usr/local/lib/python3.12/dist-packages/torch/lib/libtorch_cpu.so)
frame #4: <unknown function> + 0x70b9aa4 (0xe0a79c909aa4 in /usr/local/lib/python3.12/dist-packages/torch/lib/libtorch_cpu.so)
frame #5: <unknown function> + 0x70b9c18 (0xe0a79c909c18 in /usr/local/lib/python3.12/dist-packages/torch/lib/libtorch_cpu.so)
frame #6: c10d::TCPStore::check(std::vector<std::__cxx11::basic_string<char, std::char_traits<char>, std::allocator<char> >, std::allocator<std::__cxx11::basic_string<char, std::char_traits<char>, std::allocator<char> > > > const&) + 0x23c (0xe0a79c90ab1c in /usr/local/lib/python3.12/dist-packages/torch/lib/libtorch_cpu.so)
frame #7: c10d::ProcessGroupNCCL::HeartbeatMonitor::runLoop() + 0x330 (0xe0a77fee7350 in /usr/local/lib/python3.12/dist-packages/torch/lib/libtorch_cuda.so)
frame #8: <unknown function> + 0xe1ae0 (0xe0a830351ae0 in /lib/aarch64-linux-gnu/libstdc++.so.6)
frame #9: <unknown function> + 0x8582c (0xe0a83121582c in /lib/aarch64-linux-gnu/libc.so.6)
frame #10: <unknown function> + 0xeb79c (0xe0a83127b79c in /lib/aarch64-linux-gnu/libc.so.6)

[rank1]:[W910 12:26:51.901258776 ProcessGroupNCCL.cpp:1876] [PG ID 0 PG GUID 0 Rank 1] Failed to check the "should dump" flag on TCPStore, (maybe TCPStore server has shut down too early), with error: Broken pipe
[rank1]:[W910 12:26:52.901395177 TCPStore.cpp:106] [c10d] sendBytes failed on SocketImpl(fd=48, addr=[kiwi.200gb]:54432, remote=[emu.200gb]:29553): Broken pipe
Exception raised from sendBytes at /__w/pytorch/pytorch/torch/csrc/distributed/c10d/Utils.hpp:758 (most recent call first):
frame #0: c10::Error::Error(c10::SourceLocation, std::__cxx11::basic_string<char, std::char_traits<char>, std::allocator<char> >) + 0xc8 (0xe0a77ef9e158 in /usr/local/lib/python3.12/dist-packages/torch/lib/libc10.so)
frame #1: c10::DistError::DistError(c10::SourceLocation, std::__cxx11::basic_string<char, std::char_traits<char>, std::allocator<char> >) + 0x78 (0xe0a77ef9ed48 in /usr/local/lib/python3.12/dist-packages/torch/lib/libc10.so)
frame #2: c10::DistNetworkError::DistNetworkError(c10::SourceLocation, std::__cxx11::basic_string<char, std::char_traits<char>, std::allocator<char> >) + 0x78 (0xe0a77ef9f0c8 in /usr/local/lib/python3.12/dist-packages/torch/lib/libc10.so)
frame #3: <unknown function> + 0x70b77ec (0xe0a79c9077ec in /usr/local/lib/python3.12/dist-packages/torch/lib/libtorch_cpu.so)
frame #4: <unknown function> + 0x70b9aa4 (0xe0a79c909aa4 in /usr/local/lib/python3.12/dist-packages/torch/lib/libtorch_cpu.so)
frame #5: <unknown function> + 0x70b9c18 (0xe0a79c909c18 in /usr/local/lib/python3.12/dist-packages/torch/lib/libtorch_cpu.so)
frame #6: c10d::TCPStore::check(std::vector<std::__cxx11::basic_string<char, std::char_traits<char>, std::allocator<char> >, std::allocator<std::__cxx11::basic_string<char, std::char_traits<char>, std::allocator<char> > > > const&) + 0x23c (0xe0a79c90ab1c in /usr/local/lib/python3.12/dist-packages/torch/lib/libtorch_cpu.so)
frame #7: c10d::ProcessGroupNCCL::HeartbeatMonitor::runLoop() + 0x330 (0xe0a77fee7350 in /usr/local/lib/python3.12/dist-packages/torch/lib/libtorch_cuda.so)
frame #8: <unknown function> + 0xe1ae0 (0xe0a830351ae0 in /lib/aarch64-linux-gnu/libstdc++.so.6)
frame #9: <unknown function> + 0x8582c (0xe0a83121582c in /lib/aarch64-linux-gnu/libc.so.6)
frame #10: <unknown function> + 0xeb79c (0xe0a83127b79c in /lib/aarch64-linux-gnu/libc.so.6)

[rank1]:[W910 12:26:52.904122958 ProcessGroupNCCL.cpp:1876] [PG ID 0 PG GUID 0 Rank 1] Failed to check the "should dump" flag on TCPStore, (maybe TCPStore server has shut down too early), with error: Broken pipe
[rank1]:[W910 12:26:53.905665022 TCPStore.cpp:106] [c10d] sendBytes failed on SocketImpl(fd=48, addr=[kiwi.200gb]:54432, remote=[emu.200gb]:29553): Broken pipe
Exception raised from sendBytes at /__w/pytorch/pytorch/torch/csrc/distributed/c10d/Utils.hpp:758 (most recent call first):
frame #0: c10::Error::Error(c10::SourceLocation, std::__cxx11::basic_string<char, std::char_traits<char>, std::allocator<char> >) + 0xc8 (0xe0a77ef9e158 in /usr/local/lib/python3.12/dist-packages/torch/lib/libc10.so)
frame #1: c10::DistError::DistError(c10::SourceLocation, std::__cxx11::basic_string<char, std::char_traits<char>, std::allocator<char> >) + 0x78 (0xe0a77ef9ed48 in /usr/local/lib/python3.12/dist-packages/torch/lib/libc10.so)
frame #2: c10::DistNetworkError::DistNetworkError(c10::SourceLocation, std::__cxx11::basic_string<char, std::char_traits<char>, std::allocator<char> >) + 0x78 (0xe0a77ef9f0c8 in /usr/local/lib/python3.12/dist-packages/torch/lib/libc10.so)
frame #3: <unknown function> + 0x70b77ec (0xe0a79c9077ec in /usr/local/lib/python3.12/dist-packages/torch/lib/libtorch_cpu.so)
frame #4: <unknown function> + 0x70b9aa4 (0xe0a79c909aa4 in /usr/local/lib/python3.12/dist-packages/torch/lib/libtorch_cpu.so)
frame #5: <unknown function> + 0x70b9c18 (0xe0a79c909c18 in /usr/local/lib/python3.12/dist-packages/torch/lib/libtorch_cpu.so)
frame #6: c10d::TCPStore::check(std::vector<std::__cxx11::basic_string<char, std::char_traits<char>, std::allocator<char> >, std::allocator<std::__cxx11::basic_string<char, std::char_traits<char>, std::allocator<char> > > > const&) + 0x23c (0xe0a79c90ab1c in /usr/local/lib/python3.12/dist-packages/torch/lib/libtorch_cpu.so)
frame #7: c10d::ProcessGroupNCCL::HeartbeatMonitor::runLoop() + 0x330 (0xe0a77fee7350 in /usr/local/lib/python3.12/dist-packages/torch/lib/libtorch_cuda.so)
frame #8: <unknown function> + 0xe1ae0 (0xe0a830351ae0 in /lib/aarch64-linux-gnu/libstdc++.so.6)
frame #9: <unknown function> + 0x8582c (0xe0a83121582c in /lib/aarch64-linux-gnu/libc.so.6)
frame #10: <unknown function> + 0xeb79c (0xe0a83127b79c in /lib/aarch64-linux-gnu/libc.so.6)

[rank1]:[W910 12:26:53.908033027 ProcessGroupNCCL.cpp:1876] [PG ID 0 PG GUID 0 Rank 1] Failed to check the "should dump" flag on TCPStore, (maybe TCPStore server has shut down too early), with error: Broken pipe
[rank1]:[W910 12:26:54.908563726 TCPStore.cpp:106] [c10d] sendBytes failed on SocketImpl(fd=48, addr=[kiwi.200gb]:54432, remote=[emu.200gb]:29553): Broken pipe
Exception raised from sendBytes at /__w/pytorch/pytorch/torch/csrc/distributed/c10d/Utils.hpp:758 (most recent call first):
frame #0: c10::Error::Error(c10::SourceLocation, std::__cxx11::basic_string<char, std::char_traits<char>, std::allocator<char> >) + 0xc8 (0xe0a77ef9e158 in /usr/local/lib/python3.12/dist-packages/torch/lib/libc10.so)
frame #1: c10::DistError::DistError(c10::SourceLocation, std::__cxx11::basic_string<char, std::char_traits<char>, std::allocator<char> >) + 0x78 (0xe0a77ef9ed48 in /usr/local/lib/python3.12/dist-packages/torch/lib/libc10.so)
frame #2: c10::DistNetworkError::DistNetworkError(c10::SourceLocation, std::__cxx11::basic_string<char, std::char_traits<char>, std::allocator<char> >) + 0x78 (0xe0a77ef9f0c8 in /usr/local/lib/python3.12/dist-packages/torch/lib/libc10.so)
frame #3: <unknown function> + 0x70b77ec (0xe0a79c9077ec in /usr/local/lib/python3.12/dist-packages/torch/lib/libtorch_cpu.so)
frame #4: <unknown function> + 0x70b9aa4 (0xe0a79c909aa4 in /usr/local/lib/python3.12/dist-packages/torch/lib/libtorch_cpu.so)
frame #5: <unknown function> + 0x70b9c18 (0xe0a79c909c18 in /usr/local/lib/python3.12/dist-packages/torch/lib/libtorch_cpu.so)
frame #6: c10d::TCPStore::check(std::vector<std::__cxx11::basic_string<char, std::char_traits<char>, std::allocator<char> >, std::allocator<std::__cxx11::basic_string<char, std::char_traits<char>, std::allocator<char> > > > const&) + 0x23c (0xe0a79c90ab1c in /usr/local/lib/python3.12/dist-packages/torch/lib/libtorch_cpu.so)
frame #7: c10d::ProcessGroupNCCL::HeartbeatMonitor::runLoop() + 0x330 (0xe0a77fee7350 in /usr/local/lib/python3.12/dist-packages/torch/lib/libtorch_cuda.so)
frame #8: <unknown function> + 0xe1ae0 (0xe0a830351ae0 in /lib/aarch64-linux-gnu/libstdc++.so.6)
frame #9: <unknown function> + 0x8582c (0xe0a83121582c in /lib/aarch64-linux-gnu/libc.so.6)
frame #10: <unknown function> + 0xeb79c (0xe0a83127b79c in /lib/aarch64-linux-gnu/libc.so.6)

[rank1]:[W910 12:26:54.910717970 ProcessGroupNCCL.cpp:1876] [PG ID 0 PG GUID 0 Rank 1] Failed to check the "should dump" flag on TCPStore, (maybe TCPStore server has shut down too early), with error: Broken pipe
[rank1]:[W910 12:26:55.910978810 TCPStore.cpp:106] [c10d] sendBytes failed on SocketImpl(fd=48, addr=[kiwi.200gb]:54432, remote=[emu.200gb]:29553): Broken pipe
Exception raised from sendBytes at /__w/pytorch/pytorch/torch/csrc/distributed/c10d/Utils.hpp:758 (most recent call first):
frame #0: c10::Error::Error(c10::SourceLocation, std::__cxx11::basic_string<char, std::char_traits<char>, std::allocator<char> >) + 0xc8 (0xe0a77ef9e158 in /usr/local/lib/python3.12/dist-packages/torch/lib/libc10.so)
frame #1: c10::DistError::DistError(c10::SourceLocation, std::__cxx11::basic_string<char, std::char_traits<char>, std::allocator<char> >) + 0x78 (0xe0a77ef9ed48 in /usr/local/lib/python3.12/dist-packages/torch/lib/libc10.so)
frame #2: c10::DistNetworkError::DistNetworkError(c10::SourceLocation, std::__cxx11::basic_string<char, std::char_traits<char>, std::allocator<char> >) + 0x78 (0xe0a77ef9f0c8 in /usr/local/lib/python3.12/dist-packages/torch/lib/libc10.so)
frame #3: <unknown function> + 0x70b77ec (0xe0a79c9077ec in /usr/local/lib/python3.12/dist-packages/torch/lib/libtorch_cpu.so)
frame #4: <unknown function> + 0x70b9aa4 (0xe0a79c909aa4 in /usr/local/lib/python3.12/dist-packages/torch/lib/libtorch_cpu.so)
frame #5: <unknown function> + 0x70b9c18 (0xe0a79c909c18 in /usr/local/lib/python3.12/dist-packages/torch/lib/libtorch_cpu.so)
frame #6: c10d::TCPStore::check(std::vector<std::__cxx11::basic_string<char, std::char_traits<char>, std::allocator<char> >, std::allocator<std::__cxx11::basic_string<char, std::char_traits<char>, std::allocator<char> > > > const&) + 0x23c (0xe0a79c90ab1c in /usr/local/lib/python3.12/dist-packages/torch/lib/libtorch_cpu.so)
frame #7: c10d::ProcessGroupNCCL::HeartbeatMonitor::runLoop() + 0x330 (0xe0a77fee7350 in /usr/local/lib/python3.12/dist-packages/torch/lib/libtorch_cuda.so)
frame #8: <unknown function> + 0xe1ae0 (0xe0a830351ae0 in /lib/aarch64-linux-gnu/libstdc++.so.6)
frame #9: <unknown function> + 0x8582c (0xe0a83121582c in /lib/aarch64-linux-gnu/libc.so.6)
frame #10: <unknown function> + 0xeb79c (0xe0a83127b79c in /lib/aarch64-linux-gnu/libc.so.6)

[rank1]:[W910 12:26:55.912971630 ProcessGroupNCCL.cpp:1876] [PG ID 0 PG GUID 0 Rank 1] Failed to check the "should dump" flag on TCPStore, (maybe TCPStore server has shut down too early), with error: Broken pipe
[rank1]:[W910 12:26:56.913132578 TCPStore.cpp:106] [c10d] sendBytes failed on SocketImpl(fd=48, addr=[kiwi.200gb]:54432, remote=[emu.200gb]:29553): Broken pipe
Exception raised from sendBytes at /__w/pytorch/pytorch/torch/csrc/distributed/c10d/Utils.hpp:758 (most recent call first):
frame #0: c10::Error::Error(c10::SourceLocation, std::__cxx11::basic_string<char, std::char_traits<char>, std::allocator<char> >) + 0xc8 (0xe0a77ef9e158 in /usr/local/lib/python3.12/dist-packages/torch/lib/libc10.so)
frame #1: c10::DistError::DistError(c10::SourceLocation, std::__cxx11::basic_string<char, std::char_traits<char>, std::allocator<char> >) + 0x78 (0xe0a77ef9ed48 in /usr/local/lib/python3.12/dist-packages/torch/lib/libc10.so)
frame #2: c10::DistNetworkError::DistNetworkError(c10::SourceLocation, std::__cxx11::basic_string<char, std::char_traits<char>, std::allocator<char> >) + 0x78 (0xe0a77ef9f0c8 in /usr/local/lib/python3.12/dist-packages/torch/lib/libc10.so)
frame #3: <unknown function> + 0x70b77ec (0xe0a79c9077ec in /usr/local/lib/python3.12/dist-packages/torch/lib/libtorch_cpu.so)
frame #4: <unknown function> + 0x70b9aa4 (0xe0a79c909aa4 in /usr/local/lib/python3.12/dist-packages/torch/lib/libtorch_cpu.so)
frame #5: <unknown function> + 0x70b9c18 (0xe0a79c909c18 in /usr/local/lib/python3.12/dist-packages/torch/lib/libtorch_cpu.so)
frame #6: c10d::TCPStore::check(std::vector<std::__cxx11::basic_string<char, std::char_traits<char>, std::allocator<char> >, std::allocator<std::__cxx11::basic_string<char, std::char_traits<char>, std::allocator<char> > > > const&) + 0x23c (0xe0a79c90ab1c in /usr/local/lib/python3.12/dist-packages/torch/lib/libtorch_cpu.so)
frame #7: c10d::ProcessGroupNCCL::HeartbeatMonitor::runLoop() + 0x330 (0xe0a77fee7350 in /usr/local/lib/python3.12/dist-packages/torch/lib/libtorch_cuda.so)
frame #8: <unknown function> + 0xe1ae0 (0xe0a830351ae0 in /lib/aarch64-linux-gnu/libstdc++.so.6)
frame #9: <unknown function> + 0x8582c (0xe0a83121582c in /lib/aarch64-linux-gnu/libc.so.6)
frame #10: <unknown function> + 0xeb79c (0xe0a83127b79c in /lib/aarch64-linux-gnu/libc.so.6)

[rank1]:[W910 12:26:56.915639959 ProcessGroupNCCL.cpp:1876] [PG ID 0 PG GUID 0 Rank 1] Failed to check the "should dump" flag on TCPStore, (maybe TCPStore server has shut down too early), with error: Broken pipe
[rank1]:[W910 12:26:57.916199721 TCPStore.cpp:106] [c10d] sendBytes failed on SocketImpl(fd=48, addr=[kiwi.200gb]:54432, remote=[emu.200gb]:29553): Broken pipe
Exception raised from sendBytes at /__w/pytorch/pytorch/torch/csrc/distributed/c10d/Utils.hpp:758 (most recent call first):
frame #0: c10::Error::Error(c10::SourceLocation, std::__cxx11::basic_string<char, std::char_traits<char>, std::allocator<char> >) + 0xc8 (0xe0a77ef9e158 in /usr/local/lib/python3.12/dist-packages/torch/lib/libc10.so)
frame #1: c10::DistError::DistError(c10::SourceLocation, std::__cxx11::basic_string<char, std::char_traits<char>, std::allocator<char> >) + 0x78 (0xe0a77ef9ed48 in /usr/local/lib/python3.12/dist-packages/torch/lib/libc10.so)
frame #2: c10::DistNetworkError::DistNetworkError(c10::SourceLocation, std::__cxx11::basic_string<char, std::char_traits<char>, std::allocator<char> >) + 0x78 (0xe0a77ef9f0c8 in /usr/local/lib/python3.12/dist-packages/torch/lib/libc10.so)
frame #3: <unknown function> + 0x70b77ec (0xe0a79c9077ec in /usr/local/lib/python3.12/dist-packages/torch/lib/libtorch_cpu.so)
frame #4: <unknown function> + 0x70b9aa4 (0xe0a79c909aa4 in /usr/local/lib/python3.12/dist-packages/torch/lib/libtorch_cpu.so)
frame #5: <unknown function> + 0x70b9c18 (0xe0a79c909c18 in /usr/local/lib/python3.12/dist-packages/torch/lib/libtorch_cpu.so)
frame #6: c10d::TCPStore::check(std::vector<std::__cxx11::basic_string<char, std::char_traits<char>, std::allocator<char> >, std::allocator<std::__cxx11::basic_string<char, std::char_traits<char>, std::allocator<char> > > > const&) + 0x23c (0xe0a79c90ab1c in /usr/local/lib/python3.12/dist-packages/torch/lib/libtorch_cpu.so)
frame #7: c10d::ProcessGroupNCCL::HeartbeatMonitor::runLoop() + 0x330 (0xe0a77fee7350 in /usr/local/lib/python3.12/dist-packages/torch/lib/libtorch_cuda.so)
frame #8: <unknown function> + 0xe1ae0 (0xe0a830351ae0 in /lib/aarch64-linux-gnu/libstdc++.so.6)
frame #9: <unknown function> + 0x8582c (0xe0a83121582c in /lib/aarch64-linux-gnu/libc.so.6)
frame #10: <unknown function> + 0xeb79c (0xe0a83127b79c in /lib/aarch64-linux-gnu/libc.so.6)

[rank1]:[W910 12:26:57.918211517 ProcessGroupNCCL.cpp:1876] [PG ID 0 PG GUID 0 Rank 1] Failed to check the "should dump" flag on TCPStore, (maybe TCPStore server has shut down too early), with error: Broken pipe
[rank1]:[W910 12:26:58.918324732 TCPStore.cpp:106] [c10d] sendBytes failed on SocketImpl(fd=48, addr=[kiwi.200gb]:54432, remote=[emu.200gb]:29553): Broken pipe
Exception raised from sendBytes at /__w/pytorch/pytorch/torch/csrc/distributed/c10d/Utils.hpp:758 (most recent call first):
frame #0: c10::Error::Error(c10::SourceLocation, std::__cxx11::basic_string<char, std::char_traits<char>, std::allocator<char> >) + 0xc8 (0xe0a77ef9e158 in /usr/local/lib/python3.12/dist-packages/torch/lib/libc10.so)
frame #1: c10::DistError::DistError(c10::SourceLocation, std::__cxx11::basic_string<char, std::char_traits<char>, std::allocator<char> >) + 0x78 (0xe0a77ef9ed48 in /usr/local/lib/python3.12/dist-packages/torch/lib/libc10.so)
frame #2: c10::DistNetworkError::DistNetworkError(c10::SourceLocation, std::__cxx11::basic_string<char, std::char_traits<char>, std::allocator<char> >) + 0x78 (0xe0a77ef9f0c8 in /usr/local/lib/python3.12/dist-packages/torch/lib/libc10.so)
frame #3: <unknown function> + 0x70b77ec (0xe0a79c9077ec in /usr/local/lib/python3.12/dist-packages/torch/lib/libtorch_cpu.so)
frame #4: <unknown function> + 0x70b9aa4 (0xe0a79c909aa4 in /usr/local/lib/python3.12/dist-packages/torch/lib/libtorch_cpu.so)
frame #5: <unknown function> + 0x70b9c18 (0xe0a79c909c18 in /usr/local/lib/python3.12/dist-packages/torch/lib/libtorch_cpu.so)
frame #6: c10d::TCPStore::check(std::vector<std::__cxx11::basic_string<char, std::char_traits<char>, std::allocator<char> >, std::allocator<std::__cxx11::basic_string<char, std::char_traits<char>, std::allocator<char> > > > const&) + 0x23c (0xe0a79c90ab1c in /usr/local/lib/python3.12/dist-packages/torch/lib/libtorch_cpu.so)
frame #7: c10d::ProcessGroupNCCL::HeartbeatMonitor::runLoop() + 0x330 (0xe0a77fee7350 in /usr/local/lib/python3.12/dist-packages/torch/lib/libtorch_cuda.so)
frame #8: <unknown function> + 0xe1ae0 (0xe0a830351ae0 in /lib/aarch64-linux-gnu/libstdc++.so.6)
frame #9: <unknown function> + 0x8582c (0xe0a83121582c in /lib/aarch64-linux-gnu/libc.so.6)
frame #10: <unknown function> + 0xeb79c (0xe0a83127b79c in /lib/aarch64-linux-gnu/libc.so.6)

[rank1]:[W910 12:26:58.920230591 ProcessGroupNCCL.cpp:1876] [PG ID 0 PG GUID 0 Rank 1] Failed to check the "should dump" flag on TCPStore, (maybe TCPStore server has shut down too early), with error: Broken pipe
[rank1]:[W910 12:26:59.920818572 TCPStore.cpp:106] [c10d] sendBytes failed on SocketImpl(fd=48, addr=[kiwi.200gb]:54432, remote=[emu.200gb]:29553): Broken pipe
Exception raised from sendBytes at /__w/pytorch/pytorch/torch/csrc/distributed/c10d/Utils.hpp:758 (most recent call first):
frame #0: c10::Error::Error(c10::SourceLocation, std::__cxx11::basic_string<char, std::char_traits<char>, std::allocator<char> >) + 0xc8 (0xe0a77ef9e158 in /usr/local/lib/python3.12/dist-packages/torch/lib/libc10.so)
frame #1: c10::DistError::DistError(c10::SourceLocation, std::__cxx11::basic_string<char, std::char_traits<char>, std::allocator<char> >) + 0x78 (0xe0a77ef9ed48 in /usr/local/lib/python3.12/dist-packages/torch/lib/libc10.so)
frame #2: c10::DistNetworkError::DistNetworkError(c10::SourceLocation, std::__cxx11::basic_string<char, std::char_traits<char>, std::allocator<char> >) + 0x78 (0xe0a77ef9f0c8 in /usr/local/lib/python3.12/dist-packages/torch/lib/libc10.so)
frame #3: <unknown function> + 0x70b77ec (0xe0a79c9077ec in /usr/local/lib/python3.12/dist-packages/torch/lib/libtorch_cpu.so)
frame #4: <unknown function> + 0x70b9aa4 (0xe0a79c909aa4 in /usr/local/lib/python3.12/dist-packages/torch/lib/libtorch_cpu.so)
frame #5: <unknown function> + 0x70b9c18 (0xe0a79c909c18 in /usr/local/lib/python3.12/dist-packages/torch/lib/libtorch_cpu.so)
frame #6: c10d::TCPStore::check(std::vector<std::__cxx11::basic_string<char, std::char_traits<char>, std::allocator<char> >, std::allocator<std::__cxx11::basic_string<char, std::char_traits<char>, std::allocator<char> > > > const&) + 0x23c (0xe0a79c90ab1c in /usr/local/lib/python3.12/dist-packages/torch/lib/libtorch_cpu.so)
frame #7: c10d::ProcessGroupNCCL::HeartbeatMonitor::runLoop() + 0x330 (0xe0a77fee7350 in /usr/local/lib/python3.12/dist-packages/torch/lib/libtorch_cuda.so)
frame #8: <unknown function> + 0xe1ae0 (0xe0a830351ae0 in /lib/aarch64-linux-gnu/libstdc++.so.6)
frame #9: <unknown function> + 0x8582c (0xe0a83121582c in /lib/aarch64-linux-gnu/libc.so.6)
frame #10: <unknown function> + 0xeb79c (0xe0a83127b79c in /lib/aarch64-linux-gnu/libc.so.6)

[rank1]:[W910 12:26:59.923187537 ProcessGroupNCCL.cpp:1876] [PG ID 0 PG GUID 0 Rank 1] Failed to check the "should dump" flag on TCPStore, (maybe TCPStore server has shut down too early), with error: Broken pipe
[rank1]:[W910 12:27:00.923410185 TCPStore.cpp:106] [c10d] sendBytes failed on SocketImpl(fd=48, addr=[kiwi.200gb]:54432, remote=[emu.200gb]:29553): Broken pipe
Exception raised from sendBytes at /__w/pytorch/pytorch/torch/csrc/distributed/c10d/Utils.hpp:758 (most recent call first):
frame #0: c10::Error::Error(c10::SourceLocation, std::__cxx11::basic_string<char, std::char_traits<char>, std::allocator<char> >) + 0xc8 (0xe0a77ef9e158 in /usr/local/lib/python3.12/dist-packages/torch/lib/libc10.so)
frame #1: c10::DistError::DistError(c10::SourceLocation, std::__cxx11::basic_string<char, std::char_traits<char>, std::allocator<char> >) + 0x78 (0xe0a77ef9ed48 in /usr/local/lib/python3.12/dist-packages/torch/lib/libc10.so)
frame #2: c10::DistNetworkError::DistNetworkError(c10::SourceLocation, std::__cxx11::basic_string<char, std::char_traits<char>, std::allocator<char> >) + 0x78 (0xe0a77ef9f0c8 in /usr/local/lib/python3.12/dist-packages/torch/lib/libc10.so)
frame #3: <unknown function> + 0x70b77ec (0xe0a79c9077ec in /usr/local/lib/python3.12/dist-packages/torch/lib/libtorch_cpu.so)
frame #4: <unknown function> + 0x70b9aa4 (0xe0a79c909aa4 in /usr/local/lib/python3.12/dist-packages/torch/lib/libtorch_cpu.so)
frame #5: <unknown function> + 0x70b9c18 (0xe0a79c909c18 in /usr/local/lib/python3.12/dist-packages/torch/lib/libtorch_cpu.so)
frame #6: c10d::TCPStore::check(std::vector<std::__cxx11::basic_string<char, std::char_traits<char>, std::allocator<char> >, std::allocator<std::__cxx11::basic_string<char, std::char_traits<char>, std::allocator<char> > > > const&) + 0x23c (0xe0a79c90ab1c in /usr/local/lib/python3.12/dist-packages/torch/lib/libtorch_cpu.so)
frame #7: c10d::ProcessGroupNCCL::HeartbeatMonitor::runLoop() + 0x330 (0xe0a77fee7350 in /usr/local/lib/python3.12/dist-packages/torch/lib/libtorch_cuda.so)
frame #8: <unknown function> + 0xe1ae0 (0xe0a830351ae0 in /lib/aarch64-linux-gnu/libstdc++.so.6)
frame #9: <unknown function> + 0x8582c (0xe0a83121582c in /lib/aarch64-linux-gnu/libc.so.6)
frame #10: <unknown function> + 0xeb79c (0xe0a83127b79c in /lib/aarch64-linux-gnu/libc.so.6)

[rank1]:[W910 12:27:00.925780029 ProcessGroupNCCL.cpp:1876] [PG ID 0 PG GUID 0 Rank 1] Failed to check the "should dump" flag on TCPStore, (maybe TCPStore server has shut down too early), with error: Broken pipe
[rank1]:[W910 12:27:01.926363460 TCPStore.cpp:106] [c10d] sendBytes failed on SocketImpl(fd=48, addr=[kiwi.200gb]:54432, remote=[emu.200gb]:29553): Broken pipe
Exception raised from sendBytes at /__w/pytorch/pytorch/torch/csrc/distributed/c10d/Utils.hpp:758 (most recent call first):
frame #0: c10::Error::Error(c10::SourceLocation, std::__cxx11::basic_string<char, std::char_traits<char>, std::allocator<char> >) + 0xc8 (0xe0a77ef9e158 in /usr/local/lib/python3.12/dist-packages/torch/lib/libc10.so)
frame #1: c10::DistError::DistError(c10::SourceLocation, std::__cxx11::basic_string<char, std::char_traits<char>, std::allocator<char> >) + 0x78 (0xe0a77ef9ed48 in /usr/local/lib/python3.12/dist-packages/torch/lib/libc10.so)
frame #2: c10::DistNetworkError::DistNetworkError(c10::SourceLocation, std::__cxx11::basic_string<char, std::char_traits<char>, std::allocator<char> >) + 0x78 (0xe0a77ef9f0c8 in /usr/local/lib/python3.12/dist-packages/torch/lib/libc10.so)
frame #3: <unknown function> + 0x70b77ec (0xe0a79c9077ec in /usr/local/lib/python3.12/dist-packages/torch/lib/libtorch_cpu.so)
frame #4: <unknown function> + 0x70b9aa4 (0xe0a79c909aa4 in /usr/local/lib/python3.12/dist-packages/torch/lib/libtorch_cpu.so)
frame #5: <unknown function> + 0x70b9c18 (0xe0a79c909c18 in /usr/local/lib/python3.12/dist-packages/torch/lib/libtorch_cpu.so)
frame #6: c10d::TCPStore::check(std::vector<std::__cxx11::basic_string<char, std::char_traits<char>, std::allocator<char> >, std::allocator<std::__cxx11::basic_string<char, std::char_traits<char>, std::allocator<char> > > > const&) + 0x23c (0xe0a79c90ab1c in /usr/local/lib/python3.12/dist-packages/torch/lib/libtorch_cpu.so)
frame #7: c10d::ProcessGroupNCCL::HeartbeatMonitor::runLoop() + 0x330 (0xe0a77fee7350 in /usr/local/lib/python3.12/dist-packages/torch/lib/libtorch_cuda.so)
frame #8: <unknown function> + 0xe1ae0 (0xe0a830351ae0 in /lib/aarch64-linux-gnu/libstdc++.so.6)
frame #9: <unknown function> + 0x8582c (0xe0a83121582c in /lib/aarch64-linux-gnu/libc.so.6)
frame #10: <unknown function> + 0xeb79c (0xe0a83127b79c in /lib/aarch64-linux-gnu/libc.so.6)

[rank1]:[W910 12:27:01.928778121 ProcessGroupNCCL.cpp:1876] [PG ID 0 PG GUID 0 Rank 1] Failed to check the "should dump" flag on TCPStore, (maybe TCPStore server has shut down too early), with error: Broken pipe
[rank1]:[W910 12:27:02.929011387 TCPStore.cpp:106] [c10d] sendBytes failed on SocketImpl(fd=48, addr=[kiwi.200gb]:54432, remote=[emu.200gb]:29553): Broken pipe
Exception raised from sendBytes at /__w/pytorch/pytorch/torch/csrc/distributed/c10d/Utils.hpp:758 (most recent call first):
frame #0: c10::Error::Error(c10::SourceLocation, std::__cxx11::basic_string<char, std::char_traits<char>, std::allocator<char> >) + 0xc8 (0xe0a77ef9e158 in /usr/local/lib/python3.12/dist-packages/torch/lib/libc10.so)
frame #1: c10::DistError::DistError(c10::SourceLocation, std::__cxx11::basic_string<char, std::char_traits<char>, std::allocator<char> >) + 0x78 (0xe0a77ef9ed48 in /usr/local/lib/python3.12/dist-packages/torch/lib/libc10.so)
frame #2: c10::DistNetworkError::DistNetworkError(c10::SourceLocation, std::__cxx11::basic_string<char, std::char_traits<char>, std::allocator<char> >) + 0x78 (0xe0a77ef9f0c8 in /usr/local/lib/python3.12/dist-packages/torch/lib/libc10.so)
frame #3: <unknown function> + 0x70b77ec (0xe0a79c9077ec in /usr/local/lib/python3.12/dist-packages/torch/lib/libtorch_cpu.so)
frame #4: <unknown function> + 0x70b9aa4 (0xe0a79c909aa4 in /usr/local/lib/python3.12/dist-packages/torch/lib/libtorch_cpu.so)
frame #5: <unknown function> + 0x70b9c18 (0xe0a79c909c18 in /usr/local/lib/python3.12/dist-packages/torch/lib/libtorch_cpu.so)
frame #6: c10d::TCPStore::check(std::vector<std::__cxx11::basic_string<char, std::char_traits<char>, std::allocator<char> >, std::allocator<std::__cxx11::basic_string<char, std::char_traits<char>, std::allocator<char> > > > const&) + 0x23c (0xe0a79c90ab1c in /usr/local/lib/python3.12/dist-packages/torch/lib/libtorch_cpu.so)
frame #7: c10d::ProcessGroupNCCL::HeartbeatMonitor::runLoop() + 0x330 (0xe0a77fee7350 in /usr/local/lib/python3.12/dist-packages/torch/lib/libtorch_cuda.so)
frame #8: <unknown function> + 0xe1ae0 (0xe0a830351ae0 in /lib/aarch64-linux-gnu/libstdc++.so.6)
frame #9: <unknown function> + 0x8582c (0xe0a83121582c in /lib/aarch64-linux-gnu/libc.so.6)
frame #10: <unknown function> + 0xeb79c (0xe0a83127b79c in /lib/aarch64-linux-gnu/libc.so.6)

[rank1]:[W910 12:27:02.931190704 ProcessGroupNCCL.cpp:1876] [PG ID 0 PG GUID 0 Rank 1] Failed to check the "should dump" flag on TCPStore, (maybe TCPStore server has shut down too early), with error: Broken pipe
[rank1]:[W910 12:27:03.931318271 TCPStore.cpp:106] [c10d] sendBytes failed on SocketImpl(fd=48, addr=[kiwi.200gb]:54432, remote=[emu.200gb]:29553): Broken pipe
Exception raised from sendBytes at /__w/pytorch/pytorch/torch/csrc/distributed/c10d/Utils.hpp:758 (most recent call first):
frame #0: c10::Error::Error(c10::SourceLocation, std::__cxx11::basic_string<char, std::char_traits<char>, std::allocator<char> >) + 0xc8 (0xe0a77ef9e158 in /usr/local/lib/python3.12/dist-packages/torch/lib/libc10.so)
frame #1: c10::DistError::DistError(c10::SourceLocation, std::__cxx11::basic_string<char, std::char_traits<char>, std::allocator<char> >) + 0x78 (0xe0a77ef9ed48 in /usr/local/lib/python3.12/dist-packages/torch/lib/libc10.so)
frame #2: c10::DistNetworkError::DistNetworkError(c10::SourceLocation, std::__cxx11::basic_string<char, std::char_traits<char>, std::allocator<char> >) + 0x78 (0xe0a77ef9f0c8 in /usr/local/lib/python3.12/dist-packages/torch/lib/libc10.so)
frame #3: <unknown function> + 0x70b77ec (0xe0a79c9077ec in /usr/local/lib/python3.12/dist-packages/torch/lib/libtorch_cpu.so)
frame #4: <unknown function> + 0x70b9aa4 (0xe0a79c909aa4 in /usr/local/lib/python3.12/dist-packages/torch/lib/libtorch_cpu.so)
frame #5: <unknown function> + 0x70b9c18 (0xe0a79c909c18 in /usr/local/lib/python3.12/dist-packages/torch/lib/libtorch_cpu.so)
frame #6: c10d::TCPStore::check(std::vector<std::__cxx11::basic_string<char, std::char_traits<char>, std::allocator<char> >, std::allocator<std::__cxx11::basic_string<char, std::char_traits<char>, std::allocator<char> > > > const&) + 0x23c (0xe0a79c90ab1c in /usr/local/lib/python3.12/dist-packages/torch/lib/libtorch_cpu.so)
frame #7: c10d::ProcessGroupNCCL::HeartbeatMonitor::runLoop() + 0x330 (0xe0a77fee7350 in /usr/local/lib/python3.12/dist-packages/torch/lib/libtorch_cuda.so)
frame #8: <unknown function> + 0xe1ae0 (0xe0a830351ae0 in /lib/aarch64-linux-gnu/libstdc++.so.6)
frame #9: <unknown function> + 0x8582c (0xe0a83121582c in /lib/aarch64-linux-gnu/libc.so.6)
frame #10: <unknown function> + 0xeb79c (0xe0a83127b79c in /lib/aarch64-linux-gnu/libc.so.6)

[rank1]:[W910 12:27:03.933284098 ProcessGroupNCCL.cpp:1876] [PG ID 0 PG GUID 0 Rank 1] Failed to check the "should dump" flag on TCPStore, (maybe TCPStore server has shut down too early), with error: Broken pipe
[rank1]:[W910 12:27:04.933900448 TCPStore.cpp:106] [c10d] sendBytes failed on SocketImpl(fd=48, addr=[kiwi.200gb]:54432, remote=[emu.200gb]:29553): Broken pipe
Exception raised from sendBytes at /__w/pytorch/pytorch/torch/csrc/distributed/c10d/Utils.hpp:758 (most recent call first):
frame #0: c10::Error::Error(c10::SourceLocation, std::__cxx11::basic_string<char, std::char_traits<char>, std::allocator<char> >) + 0xc8 (0xe0a77ef9e158 in /usr/local/lib/python3.12/dist-packages/torch/lib/libc10.so)
frame #1: c10::DistError::DistError(c10::SourceLocation, std::__cxx11::basic_string<char, std::char_traits<char>, std::allocator<char> >) + 0x78 (0xe0a77ef9ed48 in /usr/local/lib/python3.12/dist-packages/torch/lib/libc10.so)
frame #2: c10::DistNetworkError::DistNetworkError(c10::SourceLocation, std::__cxx11::basic_string<char, std::char_traits<char>, std::allocator<char> >) + 0x78 (0xe0a77ef9f0c8 in /usr/local/lib/python3.12/dist-packages/torch/lib/libc10.so)
frame #3: <unknown function> + 0x70b77ec (0xe0a79c9077ec in /usr/local/lib/python3.12/dist-packages/torch/lib/libtorch_cpu.so)
frame #4: <unknown function> + 0x70b9aa4 (0xe0a79c909aa4 in /usr/local/lib/python3.12/dist-packages/torch/lib/libtorch_cpu.so)
frame #5: <unknown function> + 0x70b9c18 (0xe0a79c909c18 in /usr/local/lib/python3.12/dist-packages/torch/lib/libtorch_cpu.so)
frame #6: c10d::TCPStore::check(std::vector<std::__cxx11::basic_string<char, std::char_traits<char>, std::allocator<char> >, std::allocator<std::__cxx11::basic_string<char, std::char_traits<char>, std::allocator<char> > > > const&) + 0x23c (0xe0a79c90ab1c in /usr/local/lib/python3.12/dist-packages/torch/lib/libtorch_cpu.so)
frame #7: c10d::ProcessGroupNCCL::HeartbeatMonitor::runLoop() + 0x330 (0xe0a77fee7350 in /usr/local/lib/python3.12/dist-packages/torch/lib/libtorch_cuda.so)
frame #8: <unknown function> + 0xe1ae0 (0xe0a830351ae0 in /lib/aarch64-linux-gnu/libstdc++.so.6)
frame #9: <unknown function> + 0x8582c (0xe0a83121582c in /lib/aarch64-linux-gnu/libc.so.6)
frame #10: <unknown function> + 0xeb79c (0xe0a83127b79c in /lib/aarch64-linux-gnu/libc.so.6)

[rank1]:[W910 12:27:04.936448069 ProcessGroupNCCL.cpp:1876] [PG ID 0 PG GUID 0 Rank 1] Failed to check the "should dump" flag on TCPStore, (maybe TCPStore server has shut down too early), with error: Broken pipe
[rank1]:[W910 12:27:05.936896751 TCPStore.cpp:106] [c10d] sendBytes failed on SocketImpl(fd=48, addr=[kiwi.200gb]:54432, remote=[emu.200gb]:29553): Broken pipe
Exception raised from sendBytes at /__w/pytorch/pytorch/torch/csrc/distributed/c10d/Utils.hpp:758 (most recent call first):
frame #0: c10::Error::Error(c10::SourceLocation, std::__cxx11::basic_string<char, std::char_traits<char>, std::allocator<char> >) + 0xc8 (0xe0a77ef9e158 in /usr/local/lib/python3.12/dist-packages/torch/lib/libc10.so)
frame #1: c10::DistError::DistError(c10::SourceLocation, std::__cxx11::basic_string<char, std::char_traits<char>, std::allocator<char> >) + 0x78 (0xe0a77ef9ed48 in /usr/local/lib/python3.12/dist-packages/torch/lib/libc10.so)
frame #2: c10::DistNetworkError::DistNetworkError(c10::SourceLocation, std::__cxx11::basic_string<char, std::char_traits<char>, std::allocator<char> >) + 0x78 (0xe0a77ef9f0c8 in /usr/local/lib/python3.12/dist-packages/torch/lib/libc10.so)
frame #3: <unknown function> + 0x70b77ec (0xe0a79c9077ec in /usr/local/lib/python3.12/dist-packages/torch/lib/libtorch_cpu.so)
frame #4: <unknown function> + 0x70b9aa4 (0xe0a79c909aa4 in /usr/local/lib/python3.12/dist-packages/torch/lib/libtorch_cpu.so)
frame #5: <unknown function> + 0x70b9c18 (0xe0a79c909c18 in /usr/local/lib/python3.12/dist-packages/torch/lib/libtorch_cpu.so)
frame #6: c10d::TCPStore::check(std::vector<std::__cxx11::basic_string<char, std::char_traits<char>, std::allocator<char> >, std::allocator<std::__cxx11::basic_string<char, std::char_traits<char>, std::allocator<char> > > > const&) + 0x23c (0xe0a79c90ab1c in /usr/local/lib/python3.12/dist-packages/torch/lib/libtorch_cpu.so)
frame #7: c10d::ProcessGroupNCCL::HeartbeatMonitor::runLoop() + 0x330 (0xe0a77fee7350 in /usr/local/lib/python3.12/dist-packages/torch/lib/libtorch_cuda.so)
frame #8: <unknown function> + 0xe1ae0 (0xe0a830351ae0 in /lib/aarch64-linux-gnu/libstdc++.so.6)
frame #9: <unknown function> + 0x8582c (0xe0a83121582c in /lib/aarch64-linux-gnu/libc.so.6)
frame #10: <unknown function> + 0xeb79c (0xe0a83127b79c in /lib/aarch64-linux-gnu/libc.so.6)

[rank1]:[W910 12:27:05.939263155 ProcessGroupNCCL.cpp:1876] [PG ID 0 PG GUID 0 Rank 1] Failed to check the "should dump" flag on TCPStore, (maybe TCPStore server has shut down too early), with error: Broken pipe
[rank1]:[W910 12:27:06.939874811 TCPStore.cpp:106] [c10d] sendBytes failed on SocketImpl(fd=48, addr=[kiwi.200gb]:54432, remote=[emu.200gb]:29553): Broken pipe
Exception raised from sendBytes at /__w/pytorch/pytorch/torch/csrc/distributed/c10d/Utils.hpp:758 (most recent call first):
frame #0: c10::Error::Error(c10::SourceLocation, std::__cxx11::basic_string<char, std::char_traits<char>, std::allocator<char> >) + 0xc8 (0xe0a77ef9e158 in /usr/local/lib/python3.12/dist-packages/torch/lib/libc10.so)
frame #1: c10::DistError::DistError(c10::SourceLocation, std::__cxx11::basic_string<char, std::char_traits<char>, std::allocator<char> >) + 0x78 (0xe0a77ef9ed48 in /usr/local/lib/python3.12/dist-packages/torch/lib/libc10.so)
frame #2: c10::DistNetworkError::DistNetworkError(c10::SourceLocation, std::__cxx11::basic_string<char, std::char_traits<char>, std::allocator<char> >) + 0x78 (0xe0a77ef9f0c8 in /usr/local/lib/python3.12/dist-packages/torch/lib/libc10.so)
frame #3: <unknown function> + 0x70b77ec (0xe0a79c9077ec in /usr/local/lib/python3.12/dist-packages/torch/lib/libtorch_cpu.so)
frame #4: <unknown function> + 0x70b9aa4 (0xe0a79c909aa4 in /usr/local/lib/python3.12/dist-packages/torch/lib/libtorch_cpu.so)
frame #5: <unknown function> + 0x70b9c18 (0xe0a79c909c18 in /usr/local/lib/python3.12/dist-packages/torch/lib/libtorch_cpu.so)
frame #6: c10d::TCPStore::check(std::vector<std::__cxx11::basic_string<char, std::char_traits<char>, std::allocator<char> >, std::allocator<std::__cxx11::basic_string<char, std::char_traits<char>, std::allocator<char> > > > const&) + 0x23c (0xe0a79c90ab1c in /usr/local/lib/python3.12/dist-packages/torch/lib/libtorch_cpu.so)
frame #7: c10d::ProcessGroupNCCL::HeartbeatMonitor::runLoop() + 0x330 (0xe0a77fee7350 in /usr/local/lib/python3.12/dist-packages/torch/lib/libtorch_cuda.so)
frame #8: <unknown function> + 0xe1ae0 (0xe0a830351ae0 in /lib/aarch64-linux-gnu/libstdc++.so.6)
frame #9: <unknown function> + 0x8582c (0xe0a83121582c in /lib/aarch64-linux-gnu/libc.so.6)
frame #10: <unknown function> + 0xeb79c (0xe0a83127b79c in /lib/aarch64-linux-gnu/libc.so.6)

[rank1]:[W910 12:27:06.941930446 ProcessGroupNCCL.cpp:1876] [PG ID 0 PG GUID 0 Rank 1] Failed to check the "should dump" flag on TCPStore, (maybe TCPStore server has shut down too early), with error: Broken pipe
[rank1]:[W910 12:27:07.942060996 TCPStore.cpp:106] [c10d] sendBytes failed on SocketImpl(fd=48, addr=[kiwi.200gb]:54432, remote=[emu.200gb]:29553): Broken pipe
Exception raised from sendBytes at /__w/pytorch/pytorch/torch/csrc/distributed/c10d/Utils.hpp:758 (most recent call first):
frame #0: c10::Error::Error(c10::SourceLocation, std::__cxx11::basic_string<char, std::char_traits<char>, std::allocator<char> >) + 0xc8 (0xe0a77ef9e158 in /usr/local/lib/python3.12/dist-packages/torch/lib/libc10.so)
frame #1: c10::DistError::DistError(c10::SourceLocation, std::__cxx11::basic_string<char, std::char_traits<char>, std::allocator<char> >) + 0x78 (0xe0a77ef9ed48 in /usr/local/lib/python3.12/dist-packages/torch/lib/libc10.so)
frame #2: c10::DistNetworkError::DistNetworkError(c10::SourceLocation, std::__cxx11::basic_string<char, std::char_traits<char>, std::allocator<char> >) + 0x78 (0xe0a77ef9f0c8 in /usr/local/lib/python3.12/dist-packages/torch/lib/libc10.so)
frame #3: <unknown function> + 0x70b77ec (0xe0a79c9077ec in /usr/local/lib/python3.12/dist-packages/torch/lib/libtorch_cpu.so)
frame #4: <unknown function> + 0x70b9aa4 (0xe0a79c909aa4 in /usr/local/lib/python3.12/dist-packages/torch/lib/libtorch_cpu.so)
frame #5: <unknown function> + 0x70b9c18 (0xe0a79c909c18 in /usr/local/lib/python3.12/dist-packages/torch/lib/libtorch_cpu.so)
frame #6: c10d::TCPStore::check(std::vector<std::__cxx11::basic_string<char, std::char_traits<char>, std::allocator<char> >, std::allocator<std::__cxx11::basic_string<char, std::char_traits<char>, std::allocator<char> > > > const&) + 0x23c (0xe0a79c90ab1c in /usr/local/lib/python3.12/dist-packages/torch/lib/libtorch_cpu.so)
frame #7: c10d::ProcessGroupNCCL::HeartbeatMonitor::runLoop() + 0x330 (0xe0a77fee7350 in /usr/local/lib/python3.12/dist-packages/torch/lib/libtorch_cuda.so)
frame #8: <unknown function> + 0xe1ae0 (0xe0a830351ae0 in /lib/aarch64-linux-gnu/libstdc++.so.6)
frame #9: <unknown function> + 0x8582c (0xe0a83121582c in /lib/aarch64-linux-gnu/libc.so.6)
frame #10: <unknown function> + 0xeb79c (0xe0a83127b79c in /lib/aarch64-linux-gnu/libc.so.6)

[rank1]:[W910 12:27:07.943832583 ProcessGroupNCCL.cpp:1876] [PG ID 0 PG GUID 0 Rank 1] Failed to check the "should dump" flag on TCPStore, (maybe TCPStore server has shut down too early), with error: Broken pipe
[rank1]:[W910 12:27:08.944069929 TCPStore.cpp:106] [c10d] sendBytes failed on SocketImpl(fd=48, addr=[kiwi.200gb]:54432, remote=[emu.200gb]:29553): Broken pipe
Exception raised from sendBytes at /__w/pytorch/pytorch/torch/csrc/distributed/c10d/Utils.hpp:758 (most recent call first):
frame #0: c10::Error::Error(c10::SourceLocation, std::__cxx11::basic_string<char, std::char_traits<char>, std::allocator<char> >) + 0xc8 (0xe0a77ef9e158 in /usr/local/lib/python3.12/dist-packages/torch/lib/libc10.so)
frame #1: c10::DistError::DistError(c10::SourceLocation, std::__cxx11::basic_string<char, std::char_traits<char>, std::allocator<char> >) + 0x78 (0xe0a77ef9ed48 in /usr/local/lib/python3.12/dist-packages/torch/lib/libc10.so)
frame #2: c10::DistNetworkError::DistNetworkError(c10::SourceLocation, std::__cxx11::basic_string<char, std::char_traits<char>, std::allocator<char> >) + 0x78 (0xe0a77ef9f0c8 in /usr/local/lib/python3.12/dist-packages/torch/lib/libc10.so)
frame #3: <unknown function> + 0x70b77ec (0xe0a79c9077ec in /usr/local/lib/python3.12/dist-packages/torch/lib/libtorch_cpu.so)
frame #4: <unknown function> + 0x70b9aa4 (0xe0a79c909aa4 in /usr/local/lib/python3.12/dist-packages/torch/lib/libtorch_cpu.so)
frame #5: <unknown function> + 0x70b9c18 (0xe0a79c909c18 in /usr/local/lib/python3.12/dist-packages/torch/lib/libtorch_cpu.so)
frame #6: c10d::TCPStore::check(std::vector<std::__cxx11::basic_string<char, std::char_traits<char>, std::allocator<char> >, std::allocator<std::__cxx11::basic_string<char, std::char_traits<char>, std::allocator<char> > > > const&) + 0x23c (0xe0a79c90ab1c in /usr/local/lib/python3.12/dist-packages/torch/lib/libtorch_cpu.so)
frame #7: c10d::ProcessGroupNCCL::HeartbeatMonitor::runLoop() + 0x330 (0xe0a77fee7350 in /usr/local/lib/python3.12/dist-packages/torch/lib/libtorch_cuda.so)
frame #8: <unknown function> + 0xe1ae0 (0xe0a830351ae0 in /lib/aarch64-linux-gnu/libstdc++.so.6)
frame #9: <unknown function> + 0x8582c (0xe0a83121582c in /lib/aarch64-linux-gnu/libc.so.6)
frame #10: <unknown function> + 0xeb79c (0xe0a83127b79c in /lib/aarch64-linux-gnu/libc.so.6)

[rank1]:[W910 12:27:08.946029197 ProcessGroupNCCL.cpp:1876] [PG ID 0 PG GUID 0 Rank 1] Failed to check the "should dump" flag on TCPStore, (maybe TCPStore server has shut down too early), with error: Broken pipe
[rank1]:[W910 12:27:09.946428125 TCPStore.cpp:106] [c10d] sendBytes failed on SocketImpl(fd=48, addr=[kiwi.200gb]:54432, remote=[emu.200gb]:29553): Broken pipe
Exception raised from sendBytes at /__w/pytorch/pytorch/torch/csrc/distributed/c10d/Utils.hpp:758 (most recent call first):
frame #0: c10::Error::Error(c10::SourceLocation, std::__cxx11::basic_string<char, std::char_traits<char>, std::allocator<char> >) + 0xc8 (0xe0a77ef9e158 in /usr/local/lib/python3.12/dist-packages/torch/lib/libc10.so)
frame #1: c10::DistError::DistError(c10::SourceLocation, std::__cxx11::basic_string<char, std::char_traits<char>, std::allocator<char> >) + 0x78 (0xe0a77ef9ed48 in /usr/local/lib/python3.12/dist-packages/torch/lib/libc10.so)
frame #2: c10::DistNetworkError::DistNetworkError(c10::SourceLocation, std::__cxx11::basic_string<char, std::char_traits<char>, std::allocator<char> >) + 0x78 (0xe0a77ef9f0c8 in /usr/local/lib/python3.12/dist-packages/torch/lib/libc10.so)
frame #3: <unknown function> + 0x70b77ec (0xe0a79c9077ec in /usr/local/lib/python3.12/dist-packages/torch/lib/libtorch_cpu.so)
frame #4: <unknown function> + 0x70b9aa4 (0xe0a79c909aa4 in /usr/local/lib/python3.12/dist-packages/torch/lib/libtorch_cpu.so)
frame #5: <unknown function> + 0x70b9c18 (0xe0a79c909c18 in /usr/local/lib/python3.12/dist-packages/torch/lib/libtorch_cpu.so)
frame #6: c10d::TCPStore::check(std::vector<std::__cxx11::basic_string<char, std::char_traits<char>, std::allocator<char> >, std::allocator<std::__cxx11::basic_string<char, std::char_traits<char>, std::allocator<char> > > > const&) + 0x23c (0xe0a79c90ab1c in /usr/local/lib/python3.12/dist-packages/torch/lib/libtorch_cpu.so)
frame #7: c10d::ProcessGroupNCCL::HeartbeatMonitor::runLoop() + 0x330 (0xe0a77fee7350 in /usr/local/lib/python3.12/dist-packages/torch/lib/libtorch_cuda.so)
frame #8: <unknown function> + 0xe1ae0 (0xe0a830351ae0 in /lib/aarch64-linux-gnu/libstdc++.so.6)
frame #9: <unknown function> + 0x8582c (0xe0a83121582c in /lib/aarch64-linux-gnu/libc.so.6)
frame #10: <unknown function> + 0xeb79c (0xe0a83127b79c in /lib/aarch64-linux-gnu/libc.so.6)

[rank1]:[W910 12:27:09.948793281 ProcessGroupNCCL.cpp:1876] [PG ID 0 PG GUID 0 Rank 1] Failed to check the "should dump" flag on TCPStore, (maybe TCPStore server has shut down too early), with error: Broken pipe
[rank1]:[W910 12:27:10.949638447 TCPStore.cpp:106] [c10d] sendBytes failed on SocketImpl(fd=48, addr=[kiwi.200gb]:54432, remote=[emu.200gb]:29553): Broken pipe
Exception raised from sendBytes at /__w/pytorch/pytorch/torch/csrc/distributed/c10d/Utils.hpp:758 (most recent call first):
frame #0: c10::Error::Error(c10::SourceLocation, std::__cxx11::basic_string<char, std::char_traits<char>, std::allocator<char> >) + 0xc8 (0xe0a77ef9e158 in /usr/local/lib/python3.12/dist-packages/torch/lib/libc10.so)
frame #1: c10::DistError::DistError(c10::SourceLocation, std::__cxx11::basic_string<char, std::char_traits<char>, std::allocator<char> >) + 0x78 (0xe0a77ef9ed48 in /usr/local/lib/python3.12/dist-packages/torch/lib/libc10.so)
frame #2: c10::DistNetworkError::DistNetworkError(c10::SourceLocation, std::__cxx11::basic_string<char, std::char_traits<char>, std::allocator<char> >) + 0x78 (0xe0a77ef9f0c8 in /usr/local/lib/python3.12/dist-packages/torch/lib/libc10.so)
frame #3: <unknown function> + 0x70b77ec (0xe0a79c9077ec in /usr/local/lib/python3.12/dist-packages/torch/lib/libtorch_cpu.so)
frame #4: <unknown function> + 0x70b9aa4 (0xe0a79c909aa4 in /usr/local/lib/python3.12/dist-packages/torch/lib/libtorch_cpu.so)
frame #5: <unknown function> + 0x70b9c18 (0xe0a79c909c18 in /usr/local/lib/python3.12/dist-packages/torch/lib/libtorch_cpu.so)
frame #6: c10d::TCPStore::check(std::vector<std::__cxx11::basic_string<char, std::char_traits<char>, std::allocator<char> >, std::allocator<std::__cxx11::basic_string<char, std::char_traits<char>, std::allocator<char> > > > const&) + 0x23c (0xe0a79c90ab1c in /usr/local/lib/python3.12/dist-packages/torch/lib/libtorch_cpu.so)
frame #7: c10d::ProcessGroupNCCL::HeartbeatMonitor::runLoop() + 0x330 (0xe0a77fee7350 in /usr/local/lib/python3.12/dist-packages/torch/lib/libtorch_cuda.so)
frame #8: <unknown function> + 0xe1ae0 (0xe0a830351ae0 in /lib/aarch64-linux-gnu/libstdc++.so.6)
frame #9: <unknown function> + 0x8582c (0xe0a83121582c in /lib/aarch64-linux-gnu/libc.so.6)
frame #10: <unknown function> + 0xeb79c (0xe0a83127b79c in /lib/aarch64-linux-gnu/libc.so.6)

[rank1]:[W910 12:27:10.951817331 ProcessGroupNCCL.cpp:1876] [PG ID 0 PG GUID 0 Rank 1] Failed to check the "should dump" flag on TCPStore, (maybe TCPStore server has shut down too early), with error: Broken pipe
[rank1]:[W910 12:27:11.952418572 TCPStore.cpp:106] [c10d] sendBytes failed on SocketImpl(fd=48, addr=[kiwi.200gb]:54432, remote=[emu.200gb]:29553): Broken pipe
Exception raised from sendBytes at /__w/pytorch/pytorch/torch/csrc/distributed/c10d/Utils.hpp:758 (most recent call first):
frame #0: c10::Error::Error(c10::SourceLocation, std::__cxx11::basic_string<char, std::char_traits<char>, std::allocator<char> >) + 0xc8 (0xe0a77ef9e158 in /usr/local/lib/python3.12/dist-packages/torch/lib/libc10.so)
frame #1: c10::DistError::DistError(c10::SourceLocation, std::__cxx11::basic_string<char, std::char_traits<char>, std::allocator<char> >) + 0x78 (0xe0a77ef9ed48 in /usr/local/lib/python3.12/dist-packages/torch/lib/libc10.so)
frame #2: c10::DistNetworkError::DistNetworkError(c10::SourceLocation, std::__cxx11::basic_string<char, std::char_traits<char>, std::allocator<char> >) + 0x78 (0xe0a77ef9f0c8 in /usr/local/lib/python3.12/dist-packages/torch/lib/libc10.so)
frame #3: <unknown function> + 0x70b77ec (0xe0a79c9077ec in /usr/local/lib/python3.12/dist-packages/torch/lib/libtorch_cpu.so)
frame #4: <unknown function> + 0x70b9aa4 (0xe0a79c909aa4 in /usr/local/lib/python3.12/dist-packages/torch/lib/libtorch_cpu.so)
frame #5: <unknown function> + 0x70b9c18 (0xe0a79c909c18 in /usr/local/lib/python3.12/dist-packages/torch/lib/libtorch_cpu.so)
frame #6: c10d::TCPStore::check(std::vector<std::__cxx11::basic_string<char, std::char_traits<char>, std::allocator<char> >, std::allocator<std::__cxx11::basic_string<char, std::char_traits<char>, std::allocator<char> > > > const&) + 0x23c (0xe0a79c90ab1c in /usr/local/lib/python3.12/dist-packages/torch/lib/libtorch_cpu.so)
frame #7: c10d::ProcessGroupNCCL::HeartbeatMonitor::runLoop() + 0x330 (0xe0a77fee7350 in /usr/local/lib/python3.12/dist-packages/torch/lib/libtorch_cuda.so)
frame #8: <unknown function> + 0xe1ae0 (0xe0a830351ae0 in /lib/aarch64-linux-gnu/libstdc++.so.6)
frame #9: <unknown function> + 0x8582c (0xe0a83121582c in /lib/aarch64-linux-gnu/libc.so.6)
frame #10: <unknown function> + 0xeb79c (0xe0a83127b79c in /lib/aarch64-linux-gnu/libc.so.6)

[rank1]:[W910 12:27:11.954786689 ProcessGroupNCCL.cpp:1876] [PG ID 0 PG GUID 0 Rank 1] Failed to check the "should dump" flag on TCPStore, (maybe TCPStore server has shut down too early), with error: Broken pipe
[rank1]:[W910 12:27:12.955007720 TCPStore.cpp:106] [c10d] sendBytes failed on SocketImpl(fd=48, addr=[kiwi.200gb]:54432, remote=[emu.200gb]:29553): Broken pipe
Exception raised from sendBytes at /__w/pytorch/pytorch/torch/csrc/distributed/c10d/Utils.hpp:758 (most recent call first):
frame #0: c10::Error::Error(c10::SourceLocation, std::__cxx11::basic_string<char, std::char_traits<char>, std::allocator<char> >) + 0xc8 (0xe0a77ef9e158 in /usr/local/lib/python3.12/dist-packages/torch/lib/libc10.so)
frame #1: c10::DistError::DistError(c10::SourceLocation, std::__cxx11::basic_string<char, std::char_traits<char>, std::allocator<char> >) + 0x78 (0xe0a77ef9ed48 in /usr/local/lib/python3.12/dist-packages/torch/lib/libc10.so)
frame #2: c10::DistNetworkError::DistNetworkError(c10::SourceLocation, std::__cxx11::basic_string<char, std::char_traits<char>, std::allocator<char> >) + 0x78 (0xe0a77ef9f0c8 in /usr/local/lib/python3.12/dist-packages/torch/lib/libc10.so)
frame #3: <unknown function> + 0x70b77ec (0xe0a79c9077ec in /usr/local/lib/python3.12/dist-packages/torch/lib/libtorch_cpu.so)
frame #4: <unknown function> + 0x70b9aa4 (0xe0a79c909aa4 in /usr/local/lib/python3.12/dist-packages/torch/lib/libtorch_cpu.so)
frame #5: <unknown function> + 0x70b9c18 (0xe0a79c909c18 in /usr/local/lib/python3.12/dist-packages/torch/lib/libtorch_cpu.so)
frame #6: c10d::TCPStore::check(std::vector<std::__cxx11::basic_string<char, std::char_traits<char>, std::allocator<char> >, std::allocator<std::__cxx11::basic_string<char, std::char_traits<char>, std::allocator<char> > > > const&) + 0x23c (0xe0a79c90ab1c in /usr/local/lib/python3.12/dist-packages/torch/lib/libtorch_cpu.so)
frame #7: c10d::ProcessGroupNCCL::HeartbeatMonitor::runLoop() + 0x330 (0xe0a77fee7350 in /usr/local/lib/python3.12/dist-packages/torch/lib/libtorch_cuda.so)
frame #8: <unknown function> + 0xe1ae0 (0xe0a830351ae0 in /lib/aarch64-linux-gnu/libstdc++.so.6)
frame #9: <unknown function> + 0x8582c (0xe0a83121582c in /lib/aarch64-linux-gnu/libc.so.6)
frame #10: <unknown function> + 0xeb79c (0xe0a83127b79c in /lib/aarch64-linux-gnu/libc.so.6)

[rank1]:[W910 12:27:12.956853180 ProcessGroupNCCL.cpp:1876] [PG ID 0 PG GUID 0 Rank 1] Failed to check the "should dump" flag on TCPStore, (maybe TCPStore server has shut down too early), with error: Broken pipe
[rank1]:[W910 12:27:13.957480880 TCPStore.cpp:106] [c10d] sendBytes failed on SocketImpl(fd=48, addr=[kiwi.200gb]:54432, remote=[emu.200gb]:29553): Broken pipe
Exception raised from sendBytes at /__w/pytorch/pytorch/torch/csrc/distributed/c10d/Utils.hpp:758 (most recent call first):
frame #0: c10::Error::Error(c10::SourceLocation, std::__cxx11::basic_string<char, std::char_traits<char>, std::allocator<char> >) + 0xc8 (0xe0a77ef9e158 in /usr/local/lib/python3.12/dist-packages/torch/lib/libc10.so)
frame #1: c10::DistError::DistError(c10::SourceLocation, std::__cxx11::basic_string<char, std::char_traits<char>, std::allocator<char> >) + 0x78 (0xe0a77ef9ed48 in /usr/local/lib/python3.12/dist-packages/torch/lib/libc10.so)
frame #2: c10::DistNetworkError::DistNetworkError(c10::SourceLocation, std::__cxx11::basic_string<char, std::char_traits<char>, std::allocator<char> >) + 0x78 (0xe0a77ef9f0c8 in /usr/local/lib/python3.12/dist-packages/torch/lib/libc10.so)
frame #3: <unknown function> + 0x70b77ec (0xe0a79c9077ec in /usr/local/lib/python3.12/dist-packages/torch/lib/libtorch_cpu.so)
frame #4: <unknown function> + 0x70b9aa4 (0xe0a79c909aa4 in /usr/local/lib/python3.12/dist-packages/torch/lib/libtorch_cpu.so)
frame #5: <unknown function> + 0x70b9c18 (0xe0a79c909c18 in /usr/local/lib/python3.12/dist-packages/torch/lib/libtorch_cpu.so)
frame #6: c10d::TCPStore::check(std::vector<std::__cxx11::basic_string<char, std::char_traits<char>, std::allocator<char> >, std::allocator<std::__cxx11::basic_string<char, std::char_traits<char>, std::allocator<char> > > > const&) + 0x23c (0xe0a79c90ab1c in /usr/local/lib/python3.12/dist-packages/torch/lib/libtorch_cpu.so)
frame #7: c10d::ProcessGroupNCCL::HeartbeatMonitor::runLoop() + 0x330 (0xe0a77fee7350 in /usr/local/lib/python3.12/dist-packages/torch/lib/libtorch_cuda.so)
frame #8: <unknown function> + 0xe1ae0 (0xe0a830351ae0 in /lib/aarch64-linux-gnu/libstdc++.so.6)
frame #9: <unknown function> + 0x8582c (0xe0a83121582c in /lib/aarch64-linux-gnu/libc.so.6)
frame #10: <unknown function> + 0xeb79c (0xe0a83127b79c in /lib/aarch64-linux-gnu/libc.so.6)

[rank1]:[W910 12:27:13.960388245 ProcessGroupNCCL.cpp:1876] [PG ID 0 PG GUID 0 Rank 1] Failed to check the "should dump" flag on TCPStore, (maybe TCPStore server has shut down too early), with error: Broken pipe
[rank1]:[W910 12:27:14.960971511 TCPStore.cpp:106] [c10d] sendBytes failed on SocketImpl(fd=48, addr=[kiwi.200gb]:54432, remote=[emu.200gb]:29553): Broken pipe
Exception raised from sendBytes at /__w/pytorch/pytorch/torch/csrc/distributed/c10d/Utils.hpp:758 (most recent call first):
frame #0: c10::Error::Error(c10::SourceLocation, std::__cxx11::basic_string<char, std::char_traits<char>, std::allocator<char> >) + 0xc8 (0xe0a77ef9e158 in /usr/local/lib/python3.12/dist-packages/torch/lib/libc10.so)
frame #1: c10::DistError::DistError(c10::SourceLocation, std::__cxx11::basic_string<char, std::char_traits<char>, std::allocator<char> >) + 0x78 (0xe0a77ef9ed48 in /usr/local/lib/python3.12/dist-packages/torch/lib/libc10.so)
frame #2: c10::DistNetworkError::DistNetworkError(c10::SourceLocation, std::__cxx11::basic_string<char, std::char_traits<char>, std::allocator<char> >) + 0x78 (0xe0a77ef9f0c8 in /usr/local/lib/python3.12/dist-packages/torch/lib/libc10.so)
frame #3: <unknown function> + 0x70b77ec (0xe0a79c9077ec in /usr/local/lib/python3.12/dist-packages/torch/lib/libtorch_cpu.so)
frame #4: <unknown function> + 0x70b9aa4 (0xe0a79c909aa4 in /usr/local/lib/python3.12/dist-packages/torch/lib/libtorch_cpu.so)
frame #5: <unknown function> + 0x70b9c18 (0xe0a79c909c18 in /usr/local/lib/python3.12/dist-packages/torch/lib/libtorch_cpu.so)
frame #6: c10d::TCPStore::check(std::vector<std::__cxx11::basic_string<char, std::char_traits<char>, std::allocator<char> >, std::allocator<std::__cxx11::basic_string<char, std::char_traits<char>, std::allocator<char> > > > const&) + 0x23c (0xe0a79c90ab1c in /usr/local/lib/python3.12/dist-packages/torch/lib/libtorch_cpu.so)
frame #7: c10d::ProcessGroupNCCL::HeartbeatMonitor::runLoop() + 0x330 (0xe0a77fee7350 in /usr/local/lib/python3.12/dist-packages/torch/lib/libtorch_cuda.so)
frame #8: <unknown function> + 0xe1ae0 (0xe0a830351ae0 in /lib/aarch64-linux-gnu/libstdc++.so.6)
frame #9: <unknown function> + 0x8582c (0xe0a83121582c in /lib/aarch64-linux-gnu/libc.so.6)
frame #10: <unknown function> + 0xeb79c (0xe0a83127b79c in /lib/aarch64-linux-gnu/libc.so.6)

[rank1]:[W910 12:27:14.963352123 ProcessGroupNCCL.cpp:1876] [PG ID 0 PG GUID 0 Rank 1] Failed to check the "should dump" flag on TCPStore, (maybe TCPStore server has shut down too early), with error: Broken pipe
[rank1]:[W910 12:27:15.964473978 TCPStore.cpp:106] [c10d] sendBytes failed on SocketImpl(fd=48, addr=[kiwi.200gb]:54432, remote=[emu.200gb]:29553): Broken pipe
Exception raised from sendBytes at /__w/pytorch/pytorch/torch/csrc/distributed/c10d/Utils.hpp:758 (most recent call first):
frame #0: c10::Error::Error(c10::SourceLocation, std::__cxx11::basic_string<char, std::char_traits<char>, std::allocator<char> >) + 0xc8 (0xe0a77ef9e158 in /usr/local/lib/python3.12/dist-packages/torch/lib/libc10.so)
frame #1: c10::DistError::DistError(c10::SourceLocation, std::__cxx11::basic_string<char, std::char_traits<char>, std::allocator<char> >) + 0x78 (0xe0a77ef9ed48 in /usr/local/lib/python3.12/dist-packages/torch/lib/libc10.so)
frame #2: c10::DistNetworkError::DistNetworkError(c10::SourceLocation, std::__cxx11::basic_string<char, std::char_traits<char>, std::allocator<char> >) + 0x78 (0xe0a77ef9f0c8 in /usr/local/lib/python3.12/dist-packages/torch/lib/libc10.so)
frame #3: <unknown function> + 0x70b77ec (0xe0a79c9077ec in /usr/local/lib/python3.12/dist-packages/torch/lib/libtorch_cpu.so)
frame #4: <unknown function> + 0x70b9aa4 (0xe0a79c909aa4 in /usr/local/lib/python3.12/dist-packages/torch/lib/libtorch_cpu.so)
frame #5: <unknown function> + 0x70b9c18 (0xe0a79c909c18 in /usr/local/lib/python3.12/dist-packages/torch/lib/libtorch_cpu.so)
frame #6: c10d::TCPStore::check(std::vector<std::__cxx11::basic_string<char, std::char_traits<char>, std::allocator<char> >, std::allocator<std::__cxx11::basic_string<char, std::char_traits<char>, std::allocator<char> > > > const&) + 0x23c (0xe0a79c90ab1c in /usr/local/lib/python3.12/dist-packages/torch/lib/libtorch_cpu.so)
frame #7: c10d::ProcessGroupNCCL::HeartbeatMonitor::runLoop() + 0x330 (0xe0a77fee7350 in /usr/local/lib/python3.12/dist-packages/torch/lib/libtorch_cuda.so)
frame #8: <unknown function> + 0xe1ae0 (0xe0a830351ae0 in /lib/aarch64-linux-gnu/libstdc++.so.6)
frame #9: <unknown function> + 0x8582c (0xe0a83121582c in /lib/aarch64-linux-gnu/libc.so.6)
frame #10: <unknown function> + 0xeb79c (0xe0a83127b79c in /lib/aarch64-linux-gnu/libc.so.6)

[rank1]:[W910 12:27:15.967216592 ProcessGroupNCCL.cpp:1876] [PG ID 0 PG GUID 0 Rank 1] Failed to check the "should dump" flag on TCPStore, (maybe TCPStore server has shut down too early), with error: Broken pipe
[rank1]:[W910 12:27:16.967814380 TCPStore.cpp:106] [c10d] sendBytes failed on SocketImpl(fd=48, addr=[kiwi.200gb]:54432, remote=[emu.200gb]:29553): Broken pipe
Exception raised from sendBytes at /__w/pytorch/pytorch/torch/csrc/distributed/c10d/Utils.hpp:758 (most recent call first):
frame #0: c10::Error::Error(c10::SourceLocation, std::__cxx11::basic_string<char, std::char_traits<char>, std::allocator<char> >) + 0xc8 (0xe0a77ef9e158 in /usr/local/lib/python3.12/dist-packages/torch/lib/libc10.so)
frame #1: c10::DistError::DistError(c10::SourceLocation, std::__cxx11::basic_string<char, std::char_traits<char>, std::allocator<char> >) + 0x78 (0xe0a77ef9ed48 in /usr/local/lib/python3.12/dist-packages/torch/lib/libc10.so)
frame #2: c10::DistNetworkError::DistNetworkError(c10::SourceLocation, std::__cxx11::basic_string<char, std::char_traits<char>, std::allocator<char> >) + 0x78 (0xe0a77ef9f0c8 in /usr/local/lib/python3.12/dist-packages/torch/lib/libc10.so)
frame #3: <unknown function> + 0x70b77ec (0xe0a79c9077ec in /usr/local/lib/python3.12/dist-packages/torch/lib/libtorch_cpu.so)
frame #4: <unknown function> + 0x70b9aa4 (0xe0a79c909aa4 in /usr/local/lib/python3.12/dist-packages/torch/lib/libtorch_cpu.so)
frame #5: <unknown function> + 0x70b9c18 (0xe0a79c909c18 in /usr/local/lib/python3.12/dist-packages/torch/lib/libtorch_cpu.so)
frame #6: c10d::TCPStore::check(std::vector<std::__cxx11::basic_string<char, std::char_traits<char>, std::allocator<char> >, std::allocator<std::__cxx11::basic_string<char, std::char_traits<char>, std::allocator<char> > > > const&) + 0x23c (0xe0a79c90ab1c in /usr/local/lib/python3.12/dist-packages/torch/lib/libtorch_cpu.so)
frame #7: c10d::ProcessGroupNCCL::HeartbeatMonitor::runLoop() + 0x330 (0xe0a77fee7350 in /usr/local/lib/python3.12/dist-packages/torch/lib/libtorch_cuda.so)
frame #8: <unknown function> + 0xe1ae0 (0xe0a830351ae0 in /lib/aarch64-linux-gnu/libstdc++.so.6)
frame #9: <unknown function> + 0x8582c (0xe0a83121582c in /lib/aarch64-linux-gnu/libc.so.6)
frame #10: <unknown function> + 0xeb79c (0xe0a83127b79c in /lib/aarch64-linux-gnu/libc.so.6)

[rank1]:[W910 12:27:16.970160273 ProcessGroupNCCL.cpp:1876] [PG ID 0 PG GUID 0 Rank 1] Failed to check the "should dump" flag on TCPStore, (maybe TCPStore server has shut down too early), with error: Broken pipe
[rank1]:[W910 12:27:17.970672523 TCPStore.cpp:106] [c10d] sendBytes failed on SocketImpl(fd=48, addr=[kiwi.200gb]:54432, remote=[emu.200gb]:29553): Broken pipe
Exception raised from sendBytes at /__w/pytorch/pytorch/torch/csrc/distributed/c10d/Utils.hpp:758 (most recent call first):
frame #0: c10::Error::Error(c10::SourceLocation, std::__cxx11::basic_string<char, std::char_traits<char>, std::allocator<char> >) + 0xc8 (0xe0a77ef9e158 in /usr/local/lib/python3.12/dist-packages/torch/lib/libc10.so)
frame #1: c10::DistError::DistError(c10::SourceLocation, std::__cxx11::basic_string<char, std::char_traits<char>, std::allocator<char> >) + 0x78 (0xe0a77ef9ed48 in /usr/local/lib/python3.12/dist-packages/torch/lib/libc10.so)
frame #2: c10::DistNetworkError::DistNetworkError(c10::SourceLocation, std::__cxx11::basic_string<char, std::char_traits<char>, std::allocator<char> >) + 0x78 (0xe0a77ef9f0c8 in /usr/local/lib/python3.12/dist-packages/torch/lib/libc10.so)
frame #3: <unknown function> + 0x70b77ec (0xe0a79c9077ec in /usr/local/lib/python3.12/dist-packages/torch/lib/libtorch_cpu.so)
frame #4: <unknown function> + 0x70b9aa4 (0xe0a79c909aa4 in /usr/local/lib/python3.12/dist-packages/torch/lib/libtorch_cpu.so)
frame #5: <unknown function> + 0x70b9c18 (0xe0a79c909c18 in /usr/local/lib/python3.12/dist-packages/torch/lib/libtorch_cpu.so)
frame #6: c10d::TCPStore::check(std::vector<std::__cxx11::basic_string<char, std::char_traits<char>, std::allocator<char> >, std::allocator<std::__cxx11::basic_string<char, std::char_traits<char>, std::allocator<char> > > > const&) + 0x23c (0xe0a79c90ab1c in /usr/local/lib/python3.12/dist-packages/torch/lib/libtorch_cpu.so)
frame #7: c10d::ProcessGroupNCCL::HeartbeatMonitor::runLoop() + 0x330 (0xe0a77fee7350 in /usr/local/lib/python3.12/dist-packages/torch/lib/libtorch_cuda.so)
frame #8: <unknown function> + 0xe1ae0 (0xe0a830351ae0 in /lib/aarch64-linux-gnu/libstdc++.so.6)
frame #9: <unknown function> + 0x8582c (0xe0a83121582c in /lib/aarch64-linux-gnu/libc.so.6)
frame #10: <unknown function> + 0xeb79c (0xe0a83127b79c in /lib/aarch64-linux-gnu/libc.so.6)

[rank1]:[W910 12:27:17.973031392 ProcessGroupNCCL.cpp:1876] [PG ID 0 PG GUID 0 Rank 1] Failed to check the "should dump" flag on TCPStore, (maybe TCPStore server has shut down too early), with error: Broken pipe
[rank1]:[W910 12:27:18.973470102 TCPStore.cpp:106] [c10d] sendBytes failed on SocketImpl(fd=48, addr=[kiwi.200gb]:54432, remote=[emu.200gb]:29553): Broken pipe
Exception raised from sendBytes at /__w/pytorch/pytorch/torch/csrc/distributed/c10d/Utils.hpp:758 (most recent call first):
frame #0: c10::Error::Error(c10::SourceLocation, std::__cxx11::basic_string<char, std::char_traits<char>, std::allocator<char> >) + 0xc8 (0xe0a77ef9e158 in /usr/local/lib/python3.12/dist-packages/torch/lib/libc10.so)
frame #1: c10::DistError::DistError(c10::SourceLocation, std::__cxx11::basic_string<char, std::char_traits<char>, std::allocator<char> >) + 0x78 (0xe0a77ef9ed48 in /usr/local/lib/python3.12/dist-packages/torch/lib/libc10.so)
frame #2: c10::DistNetworkError::DistNetworkError(c10::SourceLocation, std::__cxx11::basic_string<char, std::char_traits<char>, std::allocator<char> >) + 0x78 (0xe0a77ef9f0c8 in /usr/local/lib/python3.12/dist-packages/torch/lib/libc10.so)
frame #3: <unknown function> + 0x70b77ec (0xe0a79c9077ec in /usr/local/lib/python3.12/dist-packages/torch/lib/libtorch_cpu.so)
frame #4: <unknown function> + 0x70b9aa4 (0xe0a79c909aa4 in /usr/local/lib/python3.12/dist-packages/torch/lib/libtorch_cpu.so)
frame #5: <unknown function> + 0x70b9c18 (0xe0a79c909c18 in /usr/local/lib/python3.12/dist-packages/torch/lib/libtorch_cpu.so)
frame #6: c10d::TCPStore::check(std::vector<std::__cxx11::basic_string<char, std::char_traits<char>, std::allocator<char> >, std::allocator<std::__cxx11::basic_string<char, std::char_traits<char>, std::allocator<char> > > > const&) + 0x23c (0xe0a79c90ab1c in /usr/local/lib/python3.12/dist-packages/torch/lib/libtorch_cpu.so)
frame #7: c10d::ProcessGroupNCCL::HeartbeatMonitor::runLoop() + 0x330 (0xe0a77fee7350 in /usr/local/lib/python3.12/dist-packages/torch/lib/libtorch_cuda.so)
frame #8: <unknown function> + 0xe1ae0 (0xe0a830351ae0 in /lib/aarch64-linux-gnu/libstdc++.so.6)
frame #9: <unknown function> + 0x8582c (0xe0a83121582c in /lib/aarch64-linux-gnu/libc.so.6)
frame #10: <unknown function> + 0xeb79c (0xe0a83127b79c in /lib/aarch64-linux-gnu/libc.so.6)

[rank1]:[W910 12:27:18.975844235 ProcessGroupNCCL.cpp:1876] [PG ID 0 PG GUID 0 Rank 1] Failed to check the "should dump" flag on TCPStore, (maybe TCPStore server has shut down too early), with error: Broken pipe
[rank1]:[W910 12:27:19.976062606 TCPStore.cpp:106] [c10d] sendBytes failed on SocketImpl(fd=48, addr=[kiwi.200gb]:54432, remote=[emu.200gb]:29553): Broken pipe
Exception raised from sendBytes at /__w/pytorch/pytorch/torch/csrc/distributed/c10d/Utils.hpp:758 (most recent call first):
frame #0: c10::Error::Error(c10::SourceLocation, std::__cxx11::basic_string<char, std::char_traits<char>, std::allocator<char> >) + 0xc8 (0xe0a77ef9e158 in /usr/local/lib/python3.12/dist-packages/torch/lib/libc10.so)
frame #1: c10::DistError::DistError(c10::SourceLocation, std::__cxx11::basic_string<char, std::char_traits<char>, std::allocator<char> >) + 0x78 (0xe0a77ef9ed48 in /usr/local/lib/python3.12/dist-packages/torch/lib/libc10.so)
frame #2: c10::DistNetworkError::DistNetworkError(c10::SourceLocation, std::__cxx11::basic_string<char, std::char_traits<char>, std::allocator<char> >) + 0x78 (0xe0a77ef9f0c8 in /usr/local/lib/python3.12/dist-packages/torch/lib/libc10.so)
frame #3: <unknown function> + 0x70b77ec (0xe0a79c9077ec in /usr/local/lib/python3.12/dist-packages/torch/lib/libtorch_cpu.so)
frame #4: <unknown function> + 0x70b9aa4 (0xe0a79c909aa4 in /usr/local/lib/python3.12/dist-packages/torch/lib/libtorch_cpu.so)
frame #5: <unknown function> + 0x70b9c18 (0xe0a79c909c18 in /usr/local/lib/python3.12/dist-packages/torch/lib/libtorch_cpu.so)
frame #6: c10d::TCPStore::check(std::vector<std::__cxx11::basic_string<char, std::char_traits<char>, std::allocator<char> >, std::allocator<std::__cxx11::basic_string<char, std::char_traits<char>, std::allocator<char> > > > const&) + 0x23c (0xe0a79c90ab1c in /usr/local/lib/python3.12/dist-packages/torch/lib/libtorch_cpu.so)
frame #7: c10d::ProcessGroupNCCL::HeartbeatMonitor::runLoop() + 0x330 (0xe0a77fee7350 in /usr/local/lib/python3.12/dist-packages/torch/lib/libtorch_cuda.so)
frame #8: <unknown function> + 0xe1ae0 (0xe0a830351ae0 in /lib/aarch64-linux-gnu/libstdc++.so.6)
frame #9: <unknown function> + 0x8582c (0xe0a83121582c in /lib/aarch64-linux-gnu/libc.so.6)
frame #10: <unknown function> + 0xeb79c (0xe0a83127b79c in /lib/aarch64-linux-gnu/libc.so.6)

[rank1]:[W910 12:27:19.978201490 ProcessGroupNCCL.cpp:1876] [PG ID 0 PG GUID 0 Rank 1] Failed to check the "should dump" flag on TCPStore, (maybe TCPStore server has shut down too early), with error: Broken pipe
[rank1]:[W910 12:27:20.979146357 TCPStore.cpp:106] [c10d] sendBytes failed on SocketImpl(fd=48, addr=[kiwi.200gb]:54432, remote=[emu.200gb]:29553): Broken pipe
Exception raised from sendBytes at /__w/pytorch/pytorch/torch/csrc/distributed/c10d/Utils.hpp:758 (most recent call first):
frame #0: c10::Error::Error(c10::SourceLocation, std::__cxx11::basic_string<char, std::char_traits<char>, std::allocator<char> >) + 0xc8 (0xe0a77ef9e158 in /usr/local/lib/python3.12/dist-packages/torch/lib/libc10.so)
frame #1: c10::DistError::DistError(c10::SourceLocation, std::__cxx11::basic_string<char, std::char_traits<char>, std::allocator<char> >) + 0x78 (0xe0a77ef9ed48 in /usr/local/lib/python3.12/dist-packages/torch/lib/libc10.so)
frame #2: c10::DistNetworkError::DistNetworkError(c10::SourceLocation, std::__cxx11::basic_string<char, std::char_traits<char>, std::allocator<char> >) + 0x78 (0xe0a77ef9f0c8 in /usr/local/lib/python3.12/dist-packages/torch/lib/libc10.so)
frame #3: <unknown function> + 0x70b77ec (0xe0a79c9077ec in /usr/local/lib/python3.12/dist-packages/torch/lib/libtorch_cpu.so)
frame #4: <unknown function> + 0x70b9aa4 (0xe0a79c909aa4 in /usr/local/lib/python3.12/dist-packages/torch/lib/libtorch_cpu.so)
frame #5: <unknown function> + 0x70b9c18 (0xe0a79c909c18 in /usr/local/lib/python3.12/dist-packages/torch/lib/libtorch_cpu.so)
frame #6: c10d::TCPStore::check(std::vector<std::__cxx11::basic_string<char, std::char_traits<char>, std::allocator<char> >, std::allocator<std::__cxx11::basic_string<char, std::char_traits<char>, std::allocator<char> > > > const&) + 0x23c (0xe0a79c90ab1c in /usr/local/lib/python3.12/dist-packages/torch/lib/libtorch_cpu.so)
frame #7: c10d::ProcessGroupNCCL::HeartbeatMonitor::runLoop() + 0x330 (0xe0a77fee7350 in /usr/local/lib/python3.12/dist-packages/torch/lib/libtorch_cuda.so)
frame #8: <unknown function> + 0xe1ae0 (0xe0a830351ae0 in /lib/aarch64-linux-gnu/libstdc++.so.6)
frame #9: <unknown function> + 0x8582c (0xe0a83121582c in /lib/aarch64-linux-gnu/libc.so.6)
frame #10: <unknown function> + 0xeb79c (0xe0a83127b79c in /lib/aarch64-linux-gnu/libc.so.6)

[rank1]:[W910 12:27:20.982168907 ProcessGroupNCCL.cpp:1876] [PG ID 0 PG GUID 0 Rank 1] Failed to check the "should dump" flag on TCPStore, (maybe TCPStore server has shut down too early), with error: Broken pipe
[rank1]:[W910 12:27:21.982945547 TCPStore.cpp:106] [c10d] sendBytes failed on SocketImpl(fd=48, addr=[kiwi.200gb]:54432, remote=[emu.200gb]:29553): Broken pipe
Exception raised from sendBytes at /__w/pytorch/pytorch/torch/csrc/distributed/c10d/Utils.hpp:758 (most recent call first):
frame #0: c10::Error::Error(c10::SourceLocation, std::__cxx11::basic_string<char, std::char_traits<char>, std::allocator<char> >) + 0xc8 (0xe0a77ef9e158 in /usr/local/lib/python3.12/dist-packages/torch/lib/libc10.so)
frame #1: c10::DistError::DistError(c10::SourceLocation, std::__cxx11::basic_string<char, std::char_traits<char>, std::allocator<char> >) + 0x78 (0xe0a77ef9ed48 in /usr/local/lib/python3.12/dist-packages/torch/lib/libc10.so)
frame #2: c10::DistNetworkError::DistNetworkError(c10::SourceLocation, std::__cxx11::basic_string<char, std::char_traits<char>, std::allocator<char> >) + 0x78 (0xe0a77ef9f0c8 in /usr/local/lib/python3.12/dist-packages/torch/lib/libc10.so)
frame #3: <unknown function> + 0x70b77ec (0xe0a79c9077ec in /usr/local/lib/python3.12/dist-packages/torch/lib/libtorch_cpu.so)
frame #4: <unknown function> + 0x70b9aa4 (0xe0a79c909aa4 in /usr/local/lib/python3.12/dist-packages/torch/lib/libtorch_cpu.so)
frame #5: <unknown function> + 0x70b9c18 (0xe0a79c909c18 in /usr/local/lib/python3.12/dist-packages/torch/lib/libtorch_cpu.so)
frame #6: c10d::TCPStore::check(std::vector<std::__cxx11::basic_string<char, std::char_traits<char>, std::allocator<char> >, std::allocator<std::__cxx11::basic_string<char, std::char_traits<char>, std::allocator<char> > > > const&) + 0x23c (0xe0a79c90ab1c in /usr/local/lib/python3.12/dist-packages/torch/lib/libtorch_cpu.so)
frame #7: c10d::ProcessGroupNCCL::HeartbeatMonitor::runLoop() + 0x330 (0xe0a77fee7350 in /usr/local/lib/python3.12/dist-packages/torch/lib/libtorch_cuda.so)
frame #8: <unknown function> + 0xe1ae0 (0xe0a830351ae0 in /lib/aarch64-linux-gnu/libstdc++.so.6)
frame #9: <unknown function> + 0x8582c (0xe0a83121582c in /lib/aarch64-linux-gnu/libc.so.6)
frame #10: <unknown function> + 0xeb79c (0xe0a83127b79c in /lib/aarch64-linux-gnu/libc.so.6)

[rank1]:[W910 12:27:21.985364031 ProcessGroupNCCL.cpp:1876] [PG ID 0 PG GUID 0 Rank 1] Failed to check the "should dump" flag on TCPStore, (maybe TCPStore server has shut down too early), with error: Broken pipe
[rank1]:[W910 12:27:22.985982331 TCPStore.cpp:106] [c10d] sendBytes failed on SocketImpl(fd=48, addr=[kiwi.200gb]:54432, remote=[emu.200gb]:29553): Broken pipe
Exception raised from sendBytes at /__w/pytorch/pytorch/torch/csrc/distributed/c10d/Utils.hpp:758 (most recent call first):
frame #0: c10::Error::Error(c10::SourceLocation, std::__cxx11::basic_string<char, std::char_traits<char>, std::allocator<char> >) + 0xc8 (0xe0a77ef9e158 in /usr/local/lib/python3.12/dist-packages/torch/lib/libc10.so)
frame #1: c10::DistError::DistError(c10::SourceLocation, std::__cxx11::basic_string<char, std::char_traits<char>, std::allocator<char> >) + 0x78 (0xe0a77ef9ed48 in /usr/local/lib/python3.12/dist-packages/torch/lib/libc10.so)
frame #2: c10::DistNetworkError::DistNetworkError(c10::SourceLocation, std::__cxx11::basic_string<char, std::char_traits<char>, std::allocator<char> >) + 0x78 (0xe0a77ef9f0c8 in /usr/local/lib/python3.12/dist-packages/torch/lib/libc10.so)
frame #3: <unknown function> + 0x70b77ec (0xe0a79c9077ec in /usr/local/lib/python3.12/dist-packages/torch/lib/libtorch_cpu.so)
frame #4: <unknown function> + 0x70b9aa4 (0xe0a79c909aa4 in /usr/local/lib/python3.12/dist-packages/torch/lib/libtorch_cpu.so)
frame #5: <unknown function> + 0x70b9c18 (0xe0a79c909c18 in /usr/local/lib/python3.12/dist-packages/torch/lib/libtorch_cpu.so)
frame #6: c10d::TCPStore::check(std::vector<std::__cxx11::basic_string<char, std::char_traits<char>, std::allocator<char> >, std::allocator<std::__cxx11::basic_string<char, std::char_traits<char>, std::allocator<char> > > > const&) + 0x23c (0xe0a79c90ab1c in /usr/local/lib/python3.12/dist-packages/torch/lib/libtorch_cpu.so)
frame #7: c10d::ProcessGroupNCCL::HeartbeatMonitor::runLoop() + 0x330 (0xe0a77fee7350 in /usr/local/lib/python3.12/dist-packages/torch/lib/libtorch_cuda.so)
frame #8: <unknown function> + 0xe1ae0 (0xe0a830351ae0 in /lib/aarch64-linux-gnu/libstdc++.so.6)
frame #9: <unknown function> + 0x8582c (0xe0a83121582c in /lib/aarch64-linux-gnu/libc.so.6)
frame #10: <unknown function> + 0xeb79c (0xe0a83127b79c in /lib/aarch64-linux-gnu/libc.so.6)

[rank1]:[W910 12:27:22.988464912 ProcessGroupNCCL.cpp:1876] [PG ID 0 PG GUID 0 Rank 1] Failed to check the "should dump" flag on TCPStore, (maybe TCPStore server has shut down too early), with error: Broken pipe
[rank1]:[W910 12:27:23.989088859 TCPStore.cpp:106] [c10d] sendBytes failed on SocketImpl(fd=48, addr=[kiwi.200gb]:54432, remote=[emu.200gb]:29553): Broken pipe
Exception raised from sendBytes at /__w/pytorch/pytorch/torch/csrc/distributed/c10d/Utils.hpp:758 (most recent call first):
frame #0: c10::Error::Error(c10::SourceLocation, std::__cxx11::basic_string<char, std::char_traits<char>, std::allocator<char> >) + 0xc8 (0xe0a77ef9e158 in /usr/local/lib/python3.12/dist-packages/torch/lib/libc10.so)
frame #1: c10::DistError::DistError(c10::SourceLocation, std::__cxx11::basic_string<char, std::char_traits<char>, std::allocator<char> >) + 0x78 (0xe0a77ef9ed48 in /usr/local/lib/python3.12/dist-packages/torch/lib/libc10.so)
frame #2: c10::DistNetworkError::DistNetworkError(c10::SourceLocation, std::__cxx11::basic_string<char, std::char_traits<char>, std::allocator<char> >) + 0x78 (0xe0a77ef9f0c8 in /usr/local/lib/python3.12/dist-packages/torch/lib/libc10.so)
frame #3: <unknown function> + 0x70b77ec (0xe0a79c9077ec in /usr/local/lib/python3.12/dist-packages/torch/lib/libtorch_cpu.so)
frame #4: <unknown function> + 0x70b9aa4 (0xe0a79c909aa4 in /usr/local/lib/python3.12/dist-packages/torch/lib/libtorch_cpu.so)
frame #5: <unknown function> + 0x70b9c18 (0xe0a79c909c18 in /usr/local/lib/python3.12/dist-packages/torch/lib/libtorch_cpu.so)
frame #6: c10d::TCPStore::check(std::vector<std::__cxx11::basic_string<char, std::char_traits<char>, std::allocator<char> >, std::allocator<std::__cxx11::basic_string<char, std::char_traits<char>, std::allocator<char> > > > const&) + 0x23c (0xe0a79c90ab1c in /usr/local/lib/python3.12/dist-packages/torch/lib/libtorch_cpu.so)
frame #7: c10d::ProcessGroupNCCL::HeartbeatMonitor::runLoop() + 0x330 (0xe0a77fee7350 in /usr/local/lib/python3.12/dist-packages/torch/lib/libtorch_cuda.so)
frame #8: <unknown function> + 0xe1ae0 (0xe0a830351ae0 in /lib/aarch64-linux-gnu/libstdc++.so.6)
frame #9: <unknown function> + 0x8582c (0xe0a83121582c in /lib/aarch64-linux-gnu/libc.so.6)
frame #10: <unknown function> + 0xeb79c (0xe0a83127b79c in /lib/aarch64-linux-gnu/libc.so.6)

[rank1]:[W910 12:27:23.991471503 ProcessGroupNCCL.cpp:1876] [PG ID 0 PG GUID 0 Rank 1] Failed to check the "should dump" flag on TCPStore, (maybe TCPStore server has shut down too early), with error: Broken pipe
[rank1]:[W910 12:27:24.991989735 TCPStore.cpp:106] [c10d] sendBytes failed on SocketImpl(fd=48, addr=[kiwi.200gb]:54432, remote=[emu.200gb]:29553): Broken pipe
Exception raised from sendBytes at /__w/pytorch/pytorch/torch/csrc/distributed/c10d/Utils.hpp:758 (most recent call first):
frame #0: c10::Error::Error(c10::SourceLocation, std::__cxx11::basic_string<char, std::char_traits<char>, std::allocator<char> >) + 0xc8 (0xe0a77ef9e158 in /usr/local/lib/python3.12/dist-packages/torch/lib/libc10.so)
frame #1: c10::DistError::DistError(c10::SourceLocation, std::__cxx11::basic_string<char, std::char_traits<char>, std::allocator<char> >) + 0x78 (0xe0a77ef9ed48 in /usr/local/lib/python3.12/dist-packages/torch/lib/libc10.so)
frame #2: c10::DistNetworkError::DistNetworkError(c10::SourceLocation, std::__cxx11::basic_string<char, std::char_traits<char>, std::allocator<char> >) + 0x78 (0xe0a77ef9f0c8 in /usr/local/lib/python3.12/dist-packages/torch/lib/libc10.so)
frame #3: <unknown function> + 0x70b77ec (0xe0a79c9077ec in /usr/local/lib/python3.12/dist-packages/torch/lib/libtorch_cpu.so)
frame #4: <unknown function> + 0x70b9aa4 (0xe0a79c909aa4 in /usr/local/lib/python3.12/dist-packages/torch/lib/libtorch_cpu.so)
frame #5: <unknown function> + 0x70b9c18 (0xe0a79c909c18 in /usr/local/lib/python3.12/dist-packages/torch/lib/libtorch_cpu.so)
frame #6: c10d::TCPStore::check(std::vector<std::__cxx11::basic_string<char, std::char_traits<char>, std::allocator<char> >, std::allocator<std::__cxx11::basic_string<char, std::char_traits<char>, std::allocator<char> > > > const&) + 0x23c (0xe0a79c90ab1c in /usr/local/lib/python3.12/dist-packages/torch/lib/libtorch_cpu.so)
frame #7: c10d::ProcessGroupNCCL::HeartbeatMonitor::runLoop() + 0x330 (0xe0a77fee7350 in /usr/local/lib/python3.12/dist-packages/torch/lib/libtorch_cuda.so)
frame #8: <unknown function> + 0xe1ae0 (0xe0a830351ae0 in /lib/aarch64-linux-gnu/libstdc++.so.6)
frame #9: <unknown function> + 0x8582c (0xe0a83121582c in /lib/aarch64-linux-gnu/libc.so.6)
frame #10: <unknown function> + 0xeb79c (0xe0a83127b79c in /lib/aarch64-linux-gnu/libc.so.6)

[rank1]:[W910 12:27:24.993952090 ProcessGroupNCCL.cpp:1876] [PG ID 0 PG GUID 0 Rank 1] Failed to check the "should dump" flag on TCPStore, (maybe TCPStore server has shut down too early), with error: Broken pipe
[rank1]:[W910 12:27:25.994168462 TCPStore.cpp:106] [c10d] sendBytes failed on SocketImpl(fd=48, addr=[kiwi.200gb]:54432, remote=[emu.200gb]:29553): Broken pipe
Exception raised from sendBytes at /__w/pytorch/pytorch/torch/csrc/distributed/c10d/Utils.hpp:758 (most recent call first):
frame #0: c10::Error::Error(c10::SourceLocation, std::__cxx11::basic_string<char, std::char_traits<char>, std::allocator<char> >) + 0xc8 (0xe0a77ef9e158 in /usr/local/lib/python3.12/dist-packages/torch/lib/libc10.so)
frame #1: c10::DistError::DistError(c10::SourceLocation, std::__cxx11::basic_string<char, std::char_traits<char>, std::allocator<char> >) + 0x78 (0xe0a77ef9ed48 in /usr/local/lib/python3.12/dist-packages/torch/lib/libc10.so)
frame #2: c10::DistNetworkError::DistNetworkError(c10::SourceLocation, std::__cxx11::basic_string<char, std::char_traits<char>, std::allocator<char> >) + 0x78 (0xe0a77ef9f0c8 in /usr/local/lib/python3.12/dist-packages/torch/lib/libc10.so)
frame #3: <unknown function> + 0x70b77ec (0xe0a79c9077ec in /usr/local/lib/python3.12/dist-packages/torch/lib/libtorch_cpu.so)
frame #4: <unknown function> + 0x70b9aa4 (0xe0a79c909aa4 in /usr/local/lib/python3.12/dist-packages/torch/lib/libtorch_cpu.so)
frame #5: <unknown function> + 0x70b9c18 (0xe0a79c909c18 in /usr/local/lib/python3.12/dist-packages/torch/lib/libtorch_cpu.so)
frame #6: c10d::TCPStore::check(std::vector<std::__cxx11::basic_string<char, std::char_traits<char>, std::allocator<char> >, std::allocator<std::__cxx11::basic_string<char, std::char_traits<char>, std::allocator<char> > > > const&) + 0x23c (0xe0a79c90ab1c in /usr/local/lib/python3.12/dist-packages/torch/lib/libtorch_cpu.so)
frame #7: c10d::ProcessGroupNCCL::HeartbeatMonitor::runLoop() + 0x330 (0xe0a77fee7350 in /usr/local/lib/python3.12/dist-packages/torch/lib/libtorch_cuda.so)
frame #8: <unknown function> + 0xe1ae0 (0xe0a830351ae0 in /lib/aarch64-linux-gnu/libstdc++.so.6)
frame #9: <unknown function> + 0x8582c (0xe0a83121582c in /lib/aarch64-linux-gnu/libc.so.6)
frame #10: <unknown function> + 0xeb79c (0xe0a83127b79c in /lib/aarch64-linux-gnu/libc.so.6)

[rank1]:[W910 12:27:25.996165890 ProcessGroupNCCL.cpp:1876] [PG ID 0 PG GUID 0 Rank 1] Failed to check the "should dump" flag on TCPStore, (maybe TCPStore server has shut down too early), with error: Broken pipe
[rank1]:[W910 12:27:26.996712053 TCPStore.cpp:106] [c10d] sendBytes failed on SocketImpl(fd=48, addr=[kiwi.200gb]:54432, remote=[emu.200gb]:29553): Broken pipe
Exception raised from sendBytes at /__w/pytorch/pytorch/torch/csrc/distributed/c10d/Utils.hpp:758 (most recent call first):
frame #0: c10::Error::Error(c10::SourceLocation, std::__cxx11::basic_string<char, std::char_traits<char>, std::allocator<char> >) + 0xc8 (0xe0a77ef9e158 in /usr/local/lib/python3.12/dist-packages/torch/lib/libc10.so)
frame #1: c10::DistError::DistError(c10::SourceLocation, std::__cxx11::basic_string<char, std::char_traits<char>, std::allocator<char> >) + 0x78 (0xe0a77ef9ed48 in /usr/local/lib/python3.12/dist-packages/torch/lib/libc10.so)
frame #2: c10::DistNetworkError::DistNetworkError(c10::SourceLocation, std::__cxx11::basic_string<char, std::char_traits<char>, std::allocator<char> >) + 0x78 (0xe0a77ef9f0c8 in /usr/local/lib/python3.12/dist-packages/torch/lib/libc10.so)
frame #3: <unknown function> + 0x70b77ec (0xe0a79c9077ec in /usr/local/lib/python3.12/dist-packages/torch/lib/libtorch_cpu.so)
frame #4: <unknown function> + 0x70b9aa4 (0xe0a79c909aa4 in /usr/local/lib/python3.12/dist-packages/torch/lib/libtorch_cpu.so)
frame #5: <unknown function> + 0x70b9c18 (0xe0a79c909c18 in /usr/local/lib/python3.12/dist-packages/torch/lib/libtorch_cpu.so)
frame #6: c10d::TCPStore::check(std::vector<std::__cxx11::basic_string<char, std::char_traits<char>, std::allocator<char> >, std::allocator<std::__cxx11::basic_string<char, std::char_traits<char>, std::allocator<char> > > > const&) + 0x23c (0xe0a79c90ab1c in /usr/local/lib/python3.12/dist-packages/torch/lib/libtorch_cpu.so)
frame #7: c10d::ProcessGroupNCCL::HeartbeatMonitor::runLoop() + 0x330 (0xe0a77fee7350 in /usr/local/lib/python3.12/dist-packages/torch/lib/libtorch_cuda.so)
frame #8: <unknown function> + 0xe1ae0 (0xe0a830351ae0 in /lib/aarch64-linux-gnu/libstdc++.so.6)
frame #9: <unknown function> + 0x8582c (0xe0a83121582c in /lib/aarch64-linux-gnu/libc.so.6)
frame #10: <unknown function> + 0xeb79c (0xe0a83127b79c in /lib/aarch64-linux-gnu/libc.so.6)

[rank1]:[W910 12:27:26.999093529 ProcessGroupNCCL.cpp:1876] [PG ID 0 PG GUID 0 Rank 1] Failed to check the "should dump" flag on TCPStore, (maybe TCPStore server has shut down too early), with error: Broken pipe
[rank1]:[W910 12:27:27.999664026 TCPStore.cpp:106] [c10d] sendBytes failed on SocketImpl(fd=48, addr=[kiwi.200gb]:54432, remote=[emu.200gb]:29553): Broken pipe
Exception raised from sendBytes at /__w/pytorch/pytorch/torch/csrc/distributed/c10d/Utils.hpp:758 (most recent call first):
frame #0: c10::Error::Error(c10::SourceLocation, std::__cxx11::basic_string<char, std::char_traits<char>, std::allocator<char> >) + 0xc8 (0xe0a77ef9e158 in /usr/local/lib/python3.12/dist-packages/torch/lib/libc10.so)
frame #1: c10::DistError::DistError(c10::SourceLocation, std::__cxx11::basic_string<char, std::char_traits<char>, std::allocator<char> >) + 0x78 (0xe0a77ef9ed48 in /usr/local/lib/python3.12/dist-packages/torch/lib/libc10.so)
frame #2: c10::DistNetworkError::DistNetworkError(c10::SourceLocation, std::__cxx11::basic_string<char, std::char_traits<char>, std::allocator<char> >) + 0x78 (0xe0a77ef9f0c8 in /usr/local/lib/python3.12/dist-packages/torch/lib/libc10.so)
frame #3: <unknown function> + 0x70b77ec (0xe0a79c9077ec in /usr/local/lib/python3.12/dist-packages/torch/lib/libtorch_cpu.so)
frame #4: <unknown function> + 0x70b9aa4 (0xe0a79c909aa4 in /usr/local/lib/python3.12/dist-packages/torch/lib/libtorch_cpu.so)
frame #5: <unknown function> + 0x70b9c18 (0xe0a79c909c18 in /usr/local/lib/python3.12/dist-packages/torch/lib/libtorch_cpu.so)
frame #6: c10d::TCPStore::check(std::vector<std::__cxx11::basic_string<char, std::char_traits<char>, std::allocator<char> >, std::allocator<std::__cxx11::basic_string<char, std::char_traits<char>, std::allocator<char> > > > const&) + 0x23c (0xe0a79c90ab1c in /usr/local/lib/python3.12/dist-packages/torch/lib/libtorch_cpu.so)
frame #7: c10d::ProcessGroupNCCL::HeartbeatMonitor::runLoop() + 0x330 (0xe0a77fee7350 in /usr/local/lib/python3.12/dist-packages/torch/lib/libtorch_cuda.so)
frame #8: <unknown function> + 0xe1ae0 (0xe0a830351ae0 in /lib/aarch64-linux-gnu/libstdc++.so.6)
frame #9: <unknown function> + 0x8582c (0xe0a83121582c in /lib/aarch64-linux-gnu/libc.so.6)
frame #10: <unknown function> + 0xeb79c (0xe0a83127b79c in /lib/aarch64-linux-gnu/libc.so.6)

[rank1]:[W910 12:27:27.001570077 ProcessGroupNCCL.cpp:1876] [PG ID 0 PG GUID 0 Rank 1] Failed to check the "should dump" flag on TCPStore, (maybe TCPStore server has shut down too early), with error: Broken pipe
[rank1]:[W910 12:27:28.002044426 TCPStore.cpp:106] [c10d] sendBytes failed on SocketImpl(fd=48, addr=[kiwi.200gb]:54432, remote=[emu.200gb]:29553): Broken pipe
Exception raised from sendBytes at /__w/pytorch/pytorch/torch/csrc/distributed/c10d/Utils.hpp:758 (most recent call first):
frame #0: c10::Error::Error(c10::SourceLocation, std::__cxx11::basic_string<char, std::char_traits<char>, std::allocator<char> >) + 0xc8 (0xe0a77ef9e158 in /usr/local/lib/python3.12/dist-packages/torch/lib/libc10.so)
frame #1: c10::DistError::DistError(c10::SourceLocation, std::__cxx11::basic_string<char, std::char_traits<char>, std::allocator<char> >) + 0x78 (0xe0a77ef9ed48 in /usr/local/lib/python3.12/dist-packages/torch/lib/libc10.so)
frame #2: c10::DistNetworkError::DistNetworkError(c10::SourceLocation, std::__cxx11::basic_string<char, std::char_traits<char>, std::allocator<char> >) + 0x78 (0xe0a77ef9f0c8 in /usr/local/lib/python3.12/dist-packages/torch/lib/libc10.so)
frame #3: <unknown function> + 0x70b77ec (0xe0a79c9077ec in /usr/local/lib/python3.12/dist-packages/torch/lib/libtorch_cpu.so)
frame #4: <unknown function> + 0x70b9aa4 (0xe0a79c909aa4 in /usr/local/lib/python3.12/dist-packages/torch/lib/libtorch_cpu.so)
frame #5: <unknown function> + 0x70b9c18 (0xe0a79c909c18 in /usr/local/lib/python3.12/dist-packages/torch/lib/libtorch_cpu.so)
frame #6: c10d::TCPStore::check(std::vector<std::__cxx11::basic_string<char, std::char_traits<char>, std::allocator<char> >, std::allocator<std::__cxx11::basic_string<char, std::char_traits<char>, std::allocator<char> > > > const&) + 0x23c (0xe0a79c90ab1c in /usr/local/lib/python3.12/dist-packages/torch/lib/libtorch_cpu.so)
frame #7: c10d::ProcessGroupNCCL::HeartbeatMonitor::runLoop() + 0x330 (0xe0a77fee7350 in /usr/local/lib/python3.12/dist-packages/torch/lib/libtorch_cuda.so)
frame #8: <unknown function> + 0xe1ae0 (0xe0a830351ae0 in /lib/aarch64-linux-gnu/libstdc++.so.6)
frame #9: <unknown function> + 0x8582c (0xe0a83121582c in /lib/aarch64-linux-gnu/libc.so.6)
frame #10: <unknown function> + 0xeb79c (0xe0a83127b79c in /lib/aarch64-linux-gnu/libc.so.6)

[rank1]:[W910 12:27:28.004036830 ProcessGroupNCCL.cpp:1876] [PG ID 0 PG GUID 0 Rank 1] Failed to check the "should dump" flag on TCPStore, (maybe TCPStore server has shut down too early), with error: Broken pipe
[rank1]:[W910 12:27:29.004655913 TCPStore.cpp:106] [c10d] sendBytes failed on SocketImpl(fd=48, addr=[kiwi.200gb]:54432, remote=[emu.200gb]:29553): Broken pipe
Exception raised from sendBytes at /__w/pytorch/pytorch/torch/csrc/distributed/c10d/Utils.hpp:758 (most recent call first):
frame #0: c10::Error::Error(c10::SourceLocation, std::__cxx11::basic_string<char, std::char_traits<char>, std::allocator<char> >) + 0xc8 (0xe0a77ef9e158 in /usr/local/lib/python3.12/dist-packages/torch/lib/libc10.so)
frame #1: c10::DistError::DistError(c10::SourceLocation, std::__cxx11::basic_string<char, std::char_traits<char>, std::allocator<char> >) + 0x78 (0xe0a77ef9ed48 in /usr/local/lib/python3.12/dist-packages/torch/lib/libc10.so)
frame #2: c10::DistNetworkError::DistNetworkError(c10::SourceLocation, std::__cxx11::basic_string<char, std::char_traits<char>, std::allocator<char> >) + 0x78 (0xe0a77ef9f0c8 in /usr/local/lib/python3.12/dist-packages/torch/lib/libc10.so)
frame #3: <unknown function> + 0x70b77ec (0xe0a79c9077ec in /usr/local/lib/python3.12/dist-packages/torch/lib/libtorch_cpu.so)
frame #4: <unknown function> + 0x70b9aa4 (0xe0a79c909aa4 in /usr/local/lib/python3.12/dist-packages/torch/lib/libtorch_cpu.so)
frame #5: <unknown function> + 0x70b9c18 (0xe0a79c909c18 in /usr/local/lib/python3.12/dist-packages/torch/lib/libtorch_cpu.so)
frame #6: c10d::TCPStore::check(std::vector<std::__cxx11::basic_string<char, std::char_traits<char>, std::allocator<char> >, std::allocator<std::__cxx11::basic_string<char, std::char_traits<char>, std::allocator<char> > > > const&) + 0x23c (0xe0a79c90ab1c in /usr/local/lib/python3.12/dist-packages/torch/lib/libtorch_cpu.so)
frame #7: c10d::ProcessGroupNCCL::HeartbeatMonitor::runLoop() + 0x330 (0xe0a77fee7350 in /usr/local/lib/python3.12/dist-packages/torch/lib/libtorch_cuda.so)
frame #8: <unknown function> + 0xe1ae0 (0xe0a830351ae0 in /lib/aarch64-linux-gnu/libstdc++.so.6)
frame #9: <unknown function> + 0x8582c (0xe0a83121582c in /lib/aarch64-linux-gnu/libc.so.6)
frame #10: <unknown function> + 0xeb79c (0xe0a83127b79c in /lib/aarch64-linux-gnu/libc.so.6)

[rank1]:[W910 12:27:29.007561326 ProcessGroupNCCL.cpp:1876] [PG ID 0 PG GUID 0 Rank 1] Failed to check the "should dump" flag on TCPStore, (maybe TCPStore server has shut down too early), with error: Broken pipe
[rank1]:[W910 12:27:30.008140710 TCPStore.cpp:106] [c10d] sendBytes failed on SocketImpl(fd=48, addr=[kiwi.200gb]:54432, remote=[emu.200gb]:29553): Broken pipe
Exception raised from sendBytes at /__w/pytorch/pytorch/torch/csrc/distributed/c10d/Utils.hpp:758 (most recent call first):
frame #0: c10::Error::Error(c10::SourceLocation, std::__cxx11::basic_string<char, std::char_traits<char>, std::allocator<char> >) + 0xc8 (0xe0a77ef9e158 in /usr/local/lib/python3.12/dist-packages/torch/lib/libc10.so)
frame #1: c10::DistError::DistError(c10::SourceLocation, std::__cxx11::basic_string<char, std::char_traits<char>, std::allocator<char> >) + 0x78 (0xe0a77ef9ed48 in /usr/local/lib/python3.12/dist-packages/torch/lib/libc10.so)
frame #2: c10::DistNetworkError::DistNetworkError(c10::SourceLocation, std::__cxx11::basic_string<char, std::char_traits<char>, std::allocator<char> >) + 0x78 (0xe0a77ef9f0c8 in /usr/local/lib/python3.12/dist-packages/torch/lib/libc10.so)
frame #3: <unknown function> + 0x70b77ec (0xe0a79c9077ec in /usr/local/lib/python3.12/dist-packages/torch/lib/libtorch_cpu.so)
frame #4: <unknown function> + 0x70b9aa4 (0xe0a79c909aa4 in /usr/local/lib/python3.12/dist-packages/torch/lib/libtorch_cpu.so)
frame #5: <unknown function> + 0x70b9c18 (0xe0a79c909c18 in /usr/local/lib/python3.12/dist-packages/torch/lib/libtorch_cpu.so)
frame #6: c10d::TCPStore::check(std::vector<std::__cxx11::basic_string<char, std::char_traits<char>, std::allocator<char> >, std::allocator<std::__cxx11::basic_string<char, std::char_traits<char>, std::allocator<char> > > > const&) + 0x23c (0xe0a79c90ab1c in /usr/local/lib/python3.12/dist-packages/torch/lib/libtorch_cpu.so)
frame #7: c10d::ProcessGroupNCCL::HeartbeatMonitor::runLoop() + 0x330 (0xe0a77fee7350 in /usr/local/lib/python3.12/dist-packages/torch/lib/libtorch_cuda.so)
frame #8: <unknown function> + 0xe1ae0 (0xe0a830351ae0 in /lib/aarch64-linux-gnu/libstdc++.so.6)
frame #9: <unknown function> + 0x8582c (0xe0a83121582c in /lib/aarch64-linux-gnu/libc.so.6)
frame #10: <unknown function> + 0xeb79c (0xe0a83127b79c in /lib/aarch64-linux-gnu/libc.so.6)

[rank1]:[W910 12:27:30.010174378 ProcessGroupNCCL.cpp:1876] [PG ID 0 PG GUID 0 Rank 1] Failed to check the "should dump" flag on TCPStore, (maybe TCPStore server has shut down too early), with error: Broken pipe
[rank1]:[W910 12:27:31.011131664 TCPStore.cpp:106] [c10d] sendBytes failed on SocketImpl(fd=48, addr=[kiwi.200gb]:54432, remote=[emu.200gb]:29553): Broken pipe
Exception raised from sendBytes at /__w/pytorch/pytorch/torch/csrc/distributed/c10d/Utils.hpp:758 (most recent call first):
frame #0: c10::Error::Error(c10::SourceLocation, std::__cxx11::basic_string<char, std::char_traits<char>, std::allocator<char> >) + 0xc8 (0xe0a77ef9e158 in /usr/local/lib/python3.12/dist-packages/torch/lib/libc10.so)
frame #1: c10::DistError::DistError(c10::SourceLocation, std::__cxx11::basic_string<char, std::char_traits<char>, std::allocator<char> >) + 0x78 (0xe0a77ef9ed48 in /usr/local/lib/python3.12/dist-packages/torch/lib/libc10.so)
frame #2: c10::DistNetworkError::DistNetworkError(c10::SourceLocation, std::__cxx11::basic_string<char, std::char_traits<char>, std::allocator<char> >) + 0x78 (0xe0a77ef9f0c8 in /usr/local/lib/python3.12/dist-packages/torch/lib/libc10.so)
frame #3: <unknown function> + 0x70b77ec (0xe0a79c9077ec in /usr/local/lib/python3.12/dist-packages/torch/lib/libtorch_cpu.so)
frame #4: <unknown function> + 0x70b9aa4 (0xe0a79c909aa4 in /usr/local/lib/python3.12/dist-packages/torch/lib/libtorch_cpu.so)
frame #5: <unknown function> + 0x70b9c18 (0xe0a79c909c18 in /usr/local/lib/python3.12/dist-packages/torch/lib/libtorch_cpu.so)
frame #6: c10d::TCPStore::check(std::vector<std::__cxx11::basic_string<char, std::char_traits<char>, std::allocator<char> >, std::allocator<std::__cxx11::basic_string<char, std::char_traits<char>, std::allocator<char> > > > const&) + 0x23c (0xe0a79c90ab1c in /usr/local/lib/python3.12/dist-packages/torch/lib/libtorch_cpu.so)
frame #7: c10d::ProcessGroupNCCL::HeartbeatMonitor::runLoop() + 0x330 (0xe0a77fee7350 in /usr/local/lib/python3.12/dist-packages/torch/lib/libtorch_cuda.so)
frame #8: <unknown function> + 0xe1ae0 (0xe0a830351ae0 in /lib/aarch64-linux-gnu/libstdc++.so.6)
frame #9: <unknown function> + 0x8582c (0xe0a83121582c in /lib/aarch64-linux-gnu/libc.so.6)
frame #10: <unknown function> + 0xeb79c (0xe0a83127b79c in /lib/aarch64-linux-gnu/libc.so.6)

[rank1]:[W910 12:27:31.013489668 ProcessGroupNCCL.cpp:1876] [PG ID 0 PG GUID 0 Rank 1] Failed to check the "should dump" flag on TCPStore, (maybe TCPStore server has shut down too early), with error: Broken pipe
[rank1]:[W910 12:27:32.014034728 TCPStore.cpp:106] [c10d] sendBytes failed on SocketImpl(fd=48, addr=[kiwi.200gb]:54432, remote=[emu.200gb]:29553): Broken pipe
Exception raised from sendBytes at /__w/pytorch/pytorch/torch/csrc/distributed/c10d/Utils.hpp:758 (most recent call first):
frame #0: c10::Error::Error(c10::SourceLocation, std::__cxx11::basic_string<char, std::char_traits<char>, std::allocator<char> >) + 0xc8 (0xe0a77ef9e158 in /usr/local/lib/python3.12/dist-packages/torch/lib/libc10.so)
frame #1: c10::DistError::DistError(c10::SourceLocation, std::__cxx11::basic_string<char, std::char_traits<char>, std::allocator<char> >) + 0x78 (0xe0a77ef9ed48 in /usr/local/lib/python3.12/dist-packages/torch/lib/libc10.so)
frame #2: c10::DistNetworkError::DistNetworkError(c10::SourceLocation, std::__cxx11::basic_string<char, std::char_traits<char>, std::allocator<char> >) + 0x78 (0xe0a77ef9f0c8 in /usr/local/lib/python3.12/dist-packages/torch/lib/libc10.so)
frame #3: <unknown function> + 0x70b77ec (0xe0a79c9077ec in /usr/local/lib/python3.12/dist-packages/torch/lib/libtorch_cpu.so)
frame #4: <unknown function> + 0x70b9aa4 (0xe0a79c909aa4 in /usr/local/lib/python3.12/dist-packages/torch/lib/libtorch_cpu.so)
frame #5: <unknown function> + 0x70b9c18 (0xe0a79c909c18 in /usr/local/lib/python3.12/dist-packages/torch/lib/libtorch_cpu.so)
frame #6: c10d::TCPStore::check(std::vector<std::__cxx11::basic_string<char, std::char_traits<char>, std::allocator<char> >, std::allocator<std::__cxx11::basic_string<char, std::char_traits<char>, std::allocator<char> > > > const&) + 0x23c (0xe0a79c90ab1c in /usr/local/lib/python3.12/dist-packages/torch/lib/libtorch_cpu.so)
frame #7: c10d::ProcessGroupNCCL::HeartbeatMonitor::runLoop() + 0x330 (0xe0a77fee7350 in /usr/local/lib/python3.12/dist-packages/torch/lib/libtorch_cuda.so)
frame #8: <unknown function> + 0xe1ae0 (0xe0a830351ae0 in /lib/aarch64-linux-gnu/libstdc++.so.6)
frame #9: <unknown function> + 0x8582c (0xe0a83121582c in /lib/aarch64-linux-gnu/libc.so.6)
frame #10: <unknown function> + 0xeb79c (0xe0a83127b79c in /lib/aarch64-linux-gnu/libc.so.6)

[rank1]:[W910 12:27:32.015971787 ProcessGroupNCCL.cpp:1876] [PG ID 0 PG GUID 0 Rank 1] Failed to check the "should dump" flag on TCPStore, (maybe TCPStore server has shut down too early), with error: Broken pipe
[rank1]:[W910 12:27:33.016541563 TCPStore.cpp:106] [c10d] sendBytes failed on SocketImpl(fd=48, addr=[kiwi.200gb]:54432, remote=[emu.200gb]:29553): Broken pipe
Exception raised from sendBytes at /__w/pytorch/pytorch/torch/csrc/distributed/c10d/Utils.hpp:758 (most recent call first):
frame #0: c10::Error::Error(c10::SourceLocation, std::__cxx11::basic_string<char, std::char_traits<char>, std::allocator<char> >) + 0xc8 (0xe0a77ef9e158 in /usr/local/lib/python3.12/dist-packages/torch/lib/libc10.so)
frame #1: c10::DistError::DistError(c10::SourceLocation, std::__cxx11::basic_string<char, std::char_traits<char>, std::allocator<char> >) + 0x78 (0xe0a77ef9ed48 in /usr/local/lib/python3.12/dist-packages/torch/lib/libc10.so)
frame #2: c10::DistNetworkError::DistNetworkError(c10::SourceLocation, std::__cxx11::basic_string<char, std::char_traits<char>, std::allocator<char> >) + 0x78 (0xe0a77ef9f0c8 in /usr/local/lib/python3.12/dist-packages/torch/lib/libc10.so)
frame #3: <unknown function> + 0x70b77ec (0xe0a79c9077ec in /usr/local/lib/python3.12/dist-packages/torch/lib/libtorch_cpu.so)
frame #4: <unknown function> + 0x70b9aa4 (0xe0a79c909aa4 in /usr/local/lib/python3.12/dist-packages/torch/lib/libtorch_cpu.so)
frame #5: <unknown function> + 0x70b9c18 (0xe0a79c909c18 in /usr/local/lib/python3.12/dist-packages/torch/lib/libtorch_cpu.so)
frame #6: c10d::TCPStore::check(std::vector<std::__cxx11::basic_string<char, std::char_traits<char>, std::allocator<char> >, std::allocator<std::__cxx11::basic_string<char, std::char_traits<char>, std::allocator<char> > > > const&) + 0x23c (0xe0a79c90ab1c in /usr/local/lib/python3.12/dist-packages/torch/lib/libtorch_cpu.so)
frame #7: c10d::ProcessGroupNCCL::HeartbeatMonitor::runLoop() + 0x330 (0xe0a77fee7350 in /usr/local/lib/python3.12/dist-packages/torch/lib/libtorch_cuda.so)
frame #8: <unknown function> + 0xe1ae0 (0xe0a830351ae0 in /lib/aarch64-linux-gnu/libstdc++.so.6)
frame #9: <unknown function> + 0x8582c (0xe0a83121582c in /lib/aarch64-linux-gnu/libc.so.6)
frame #10: <unknown function> + 0xeb79c (0xe0a83127b79c in /lib/aarch64-linux-gnu/libc.so.6)

[rank1]:[W910 12:27:33.018803919 ProcessGroupNCCL.cpp:1876] [PG ID 0 PG GUID 0 Rank 1] Failed to check the "should dump" flag on TCPStore, (maybe TCPStore server has shut down too early), with error: Broken pipe
[rank1]:[W910 12:27:34.019305372 TCPStore.cpp:106] [c10d] sendBytes failed on SocketImpl(fd=48, addr=[kiwi.200gb]:54432, remote=[emu.200gb]:29553): Broken pipe
Exception raised from sendBytes at /__w/pytorch/pytorch/torch/csrc/distributed/c10d/Utils.hpp:758 (most recent call first):
frame #0: c10::Error::Error(c10::SourceLocation, std::__cxx11::basic_string<char, std::char_traits<char>, std::allocator<char> >) + 0xc8 (0xe0a77ef9e158 in /usr/local/lib/python3.12/dist-packages/torch/lib/libc10.so)
frame #1: c10::DistError::DistError(c10::SourceLocation, std::__cxx11::basic_string<char, std::char_traits<char>, std::allocator<char> >) + 0x78 (0xe0a77ef9ed48 in /usr/local/lib/python3.12/dist-packages/torch/lib/libc10.so)
frame #2: c10::DistNetworkError::DistNetworkError(c10::SourceLocation, std::__cxx11::basic_string<char, std::char_traits<char>, std::allocator<char> >) + 0x78 (0xe0a77ef9f0c8 in /usr/local/lib/python3.12/dist-packages/torch/lib/libc10.so)
frame #3: <unknown function> + 0x70b77ec (0xe0a79c9077ec in /usr/local/lib/python3.12/dist-packages/torch/lib/libtorch_cpu.so)
frame #4: <unknown function> + 0x70b9aa4 (0xe0a79c909aa4 in /usr/local/lib/python3.12/dist-packages/torch/lib/libtorch_cpu.so)
frame #5: <unknown function> + 0x70b9c18 (0xe0a79c909c18 in /usr/local/lib/python3.12/dist-packages/torch/lib/libtorch_cpu.so)
frame #6: c10d::TCPStore::check(std::vector<std::__cxx11::basic_string<char, std::char_traits<char>, std::allocator<char> >, std::allocator<std::__cxx11::basic_string<char, std::char_traits<char>, std::allocator<char> > > > const&) + 0x23c (0xe0a79c90ab1c in /usr/local/lib/python3.12/dist-packages/torch/lib/libtorch_cpu.so)
frame #7: c10d::ProcessGroupNCCL::HeartbeatMonitor::runLoop() + 0x330 (0xe0a77fee7350 in /usr/local/lib/python3.12/dist-packages/torch/lib/libtorch_cuda.so)
frame #8: <unknown function> + 0xe1ae0 (0xe0a830351ae0 in /lib/aarch64-linux-gnu/libstdc++.so.6)
frame #9: <unknown function> + 0x8582c (0xe0a83121582c in /lib/aarch64-linux-gnu/libc.so.6)
frame #10: <unknown function> + 0xeb79c (0xe0a83127b79c in /lib/aarch64-linux-gnu/libc.so.6)

[rank1]:[W910 12:27:34.021735056 ProcessGroupNCCL.cpp:1876] [PG ID 0 PG GUID 0 Rank 1] Failed to check the "should dump" flag on TCPStore, (maybe TCPStore server has shut down too early), with error: Broken pipe
[rank1]:[W910 12:27:35.022354812 TCPStore.cpp:106] [c10d] sendBytes failed on SocketImpl(fd=48, addr=[kiwi.200gb]:54432, remote=[emu.200gb]:29553): Broken pipe
Exception raised from sendBytes at /__w/pytorch/pytorch/torch/csrc/distributed/c10d/Utils.hpp:758 (most recent call first):
frame #0: c10::Error::Error(c10::SourceLocation, std::__cxx11::basic_string<char, std::char_traits<char>, std::allocator<char> >) + 0xc8 (0xe0a77ef9e158 in /usr/local/lib/python3.12/dist-packages/torch/lib/libc10.so)
frame #1: c10::DistError::DistError(c10::SourceLocation, std::__cxx11::basic_string<char, std::char_traits<char>, std::allocator<char> >) + 0x78 (0xe0a77ef9ed48 in /usr/local/lib/python3.12/dist-packages/torch/lib/libc10.so)
frame #2: c10::DistNetworkError::DistNetworkError(c10::SourceLocation, std::__cxx11::basic_string<char, std::char_traits<char>, std::allocator<char> >) + 0x78 (0xe0a77ef9f0c8 in /usr/local/lib/python3.12/dist-packages/torch/lib/libc10.so)
frame #3: <unknown function> + 0x70b77ec (0xe0a79c9077ec in /usr/local/lib/python3.12/dist-packages/torch/lib/libtorch_cpu.so)
frame #4: <unknown function> + 0x70b9aa4 (0xe0a79c909aa4 in /usr/local/lib/python3.12/dist-packages/torch/lib/libtorch_cpu.so)
frame #5: <unknown function> + 0x70b9c18 (0xe0a79c909c18 in /usr/local/lib/python3.12/dist-packages/torch/lib/libtorch_cpu.so)
frame #6: c10d::TCPStore::check(std::vector<std::__cxx11::basic_string<char, std::char_traits<char>, std::allocator<char> >, std::allocator<std::__cxx11::basic_string<char, std::char_traits<char>, std::allocator<char> > > > const&) + 0x23c (0xe0a79c90ab1c in /usr/local/lib/python3.12/dist-packages/torch/lib/libtorch_cpu.so)
frame #7: c10d::ProcessGroupNCCL::HeartbeatMonitor::runLoop() + 0x330 (0xe0a77fee7350 in /usr/local/lib/python3.12/dist-packages/torch/lib/libtorch_cuda.so)
frame #8: <unknown function> + 0xe1ae0 (0xe0a830351ae0 in /lib/aarch64-linux-gnu/libstdc++.so.6)
frame #9: <unknown function> + 0x8582c (0xe0a83121582c in /lib/aarch64-linux-gnu/libc.so.6)
frame #10: <unknown function> + 0xeb79c (0xe0a83127b79c in /lib/aarch64-linux-gnu/libc.so.6)

[rank1]:[W910 12:27:35.024778544 ProcessGroupNCCL.cpp:1876] [PG ID 0 PG GUID 0 Rank 1] Failed to check the "should dump" flag on TCPStore, (maybe TCPStore server has shut down too early), with error: Broken pipe
[rank1]:[W910 12:27:36.025399705 TCPStore.cpp:106] [c10d] sendBytes failed on SocketImpl(fd=48, addr=[kiwi.200gb]:54432, remote=[emu.200gb]:29553): Broken pipe
Exception raised from sendBytes at /__w/pytorch/pytorch/torch/csrc/distributed/c10d/Utils.hpp:758 (most recent call first):
frame #0: c10::Error::Error(c10::SourceLocation, std::__cxx11::basic_string<char, std::char_traits<char>, std::allocator<char> >) + 0xc8 (0xe0a77ef9e158 in /usr/local/lib/python3.12/dist-packages/torch/lib/libc10.so)
frame #1: c10::DistError::DistError(c10::SourceLocation, std::__cxx11::basic_string<char, std::char_traits<char>, std::allocator<char> >) + 0x78 (0xe0a77ef9ed48 in /usr/local/lib/python3.12/dist-packages/torch/lib/libc10.so)
frame #2: c10::DistNetworkError::DistNetworkError(c10::SourceLocation, std::__cxx11::basic_string<char, std::char_traits<char>, std::allocator<char> >) + 0x78 (0xe0a77ef9f0c8 in /usr/local/lib/python3.12/dist-packages/torch/lib/libc10.so)
frame #3: <unknown function> + 0x70b77ec (0xe0a79c9077ec in /usr/local/lib/python3.12/dist-packages/torch/lib/libtorch_cpu.so)
frame #4: <unknown function> + 0x70b9aa4 (0xe0a79c909aa4 in /usr/local/lib/python3.12/dist-packages/torch/lib/libtorch_cpu.so)
frame #5: <unknown function> + 0x70b9c18 (0xe0a79c909c18 in /usr/local/lib/python3.12/dist-packages/torch/lib/libtorch_cpu.so)
frame #6: c10d::TCPStore::check(std::vector<std::__cxx11::basic_string<char, std::char_traits<char>, std::allocator<char> >, std::allocator<std::__cxx11::basic_string<char, std::char_traits<char>, std::allocator<char> > > > const&) + 0x23c (0xe0a79c90ab1c in /usr/local/lib/python3.12/dist-packages/torch/lib/libtorch_cpu.so)
frame #7: c10d::ProcessGroupNCCL::HeartbeatMonitor::runLoop() + 0x330 (0xe0a77fee7350 in /usr/local/lib/python3.12/dist-packages/torch/lib/libtorch_cuda.so)
frame #8: <unknown function> + 0xe1ae0 (0xe0a830351ae0 in /lib/aarch64-linux-gnu/libstdc++.so.6)
frame #9: <unknown function> + 0x8582c (0xe0a83121582c in /lib/aarch64-linux-gnu/libc.so.6)
frame #10: <unknown function> + 0xeb79c (0xe0a83127b79c in /lib/aarch64-linux-gnu/libc.so.6)

[rank1]:[W910 12:27:36.027302092 ProcessGroupNCCL.cpp:1876] [PG ID 0 PG GUID 0 Rank 1] Failed to check the "should dump" flag on TCPStore, (maybe TCPStore server has shut down too early), with error: Broken pipe
[rank1]:[W910 12:27:37.027417219 TCPStore.cpp:106] [c10d] sendBytes failed on SocketImpl(fd=48, addr=[kiwi.200gb]:54432, remote=[emu.200gb]:29553): Broken pipe
Exception raised from sendBytes at /__w/pytorch/pytorch/torch/csrc/distributed/c10d/Utils.hpp:758 (most recent call first):
frame #0: c10::Error::Error(c10::SourceLocation, std::__cxx11::basic_string<char, std::char_traits<char>, std::allocator<char> >) + 0xc8 (0xe0a77ef9e158 in /usr/local/lib/python3.12/dist-packages/torch/lib/libc10.so)
frame #1: c10::DistError::DistError(c10::SourceLocation, std::__cxx11::basic_string<char, std::char_traits<char>, std::allocator<char> >) + 0x78 (0xe0a77ef9ed48 in /usr/local/lib/python3.12/dist-packages/torch/lib/libc10.so)
frame #2: c10::DistNetworkError::DistNetworkError(c10::SourceLocation, std::__cxx11::basic_string<char, std::char_traits<char>, std::allocator<char> >) + 0x78 (0xe0a77ef9f0c8 in /usr/local/lib/python3.12/dist-packages/torch/lib/libc10.so)
frame #3: <unknown function> + 0x70b77ec (0xe0a79c9077ec in /usr/local/lib/python3.12/dist-packages/torch/lib/libtorch_cpu.so)
frame #4: <unknown function> + 0x70b9aa4 (0xe0a79c909aa4 in /usr/local/lib/python3.12/dist-packages/torch/lib/libtorch_cpu.so)
frame #5: <unknown function> + 0x70b9c18 (0xe0a79c909c18 in /usr/local/lib/python3.12/dist-packages/torch/lib/libtorch_cpu.so)
frame #6: c10d::TCPStore::check(std::vector<std::__cxx11::basic_string<char, std::char_traits<char>, std::allocator<char> >, std::allocator<std::__cxx11::basic_string<char, std::char_traits<char>, std::allocator<char> > > > const&) + 0x23c (0xe0a79c90ab1c in /usr/local/lib/python3.12/dist-packages/torch/lib/libtorch_cpu.so)
frame #7: c10d::ProcessGroupNCCL::HeartbeatMonitor::runLoop() + 0x330 (0xe0a77fee7350 in /usr/local/lib/python3.12/dist-packages/torch/lib/libtorch_cuda.so)
frame #8: <unknown function> + 0xe1ae0 (0xe0a830351ae0 in /lib/aarch64-linux-gnu/libstdc++.so.6)
frame #9: <unknown function> + 0x8582c (0xe0a83121582c in /lib/aarch64-linux-gnu/libc.so.6)
frame #10: <unknown function> + 0xeb79c (0xe0a83127b79c in /lib/aarch64-linux-gnu/libc.so.6)

[rank1]:[W910 12:27:37.029286198 ProcessGroupNCCL.cpp:1876] [PG ID 0 PG GUID 0 Rank 1] Failed to check the "should dump" flag on TCPStore, (maybe TCPStore server has shut down too early), with error: Broken pipe
[rank1]:[W910 12:27:38.029906712 TCPStore.cpp:106] [c10d] sendBytes failed on SocketImpl(fd=48, addr=[kiwi.200gb]:54432, remote=[emu.200gb]:29553): Broken pipe
Exception raised from sendBytes at /__w/pytorch/pytorch/torch/csrc/distributed/c10d/Utils.hpp:758 (most recent call first):
frame #0: c10::Error::Error(c10::SourceLocation, std::__cxx11::basic_string<char, std::char_traits<char>, std::allocator<char> >) + 0xc8 (0xe0a77ef9e158 in /usr/local/lib/python3.12/dist-packages/torch/lib/libc10.so)
frame #1: c10::DistError::DistError(c10::SourceLocation, std::__cxx11::basic_string<char, std::char_traits<char>, std::allocator<char> >) + 0x78 (0xe0a77ef9ed48 in /usr/local/lib/python3.12/dist-packages/torch/lib/libc10.so)
frame #2: c10::DistNetworkError::DistNetworkError(c10::SourceLocation, std::__cxx11::basic_string<char, std::char_traits<char>, std::allocator<char> >) + 0x78 (0xe0a77ef9f0c8 in /usr/local/lib/python3.12/dist-packages/torch/lib/libc10.so)
frame #3: <unknown function> + 0x70b77ec (0xe0a79c9077ec in /usr/local/lib/python3.12/dist-packages/torch/lib/libtorch_cpu.so)
frame #4: <unknown function> + 0x70b9aa4 (0xe0a79c909aa4 in /usr/local/lib/python3.12/dist-packages/torch/lib/libtorch_cpu.so)
frame #5: <unknown function> + 0x70b9c18 (0xe0a79c909c18 in /usr/local/lib/python3.12/dist-packages/torch/lib/libtorch_cpu.so)
frame #6: c10d::TCPStore::check(std::vector<std::__cxx11::basic_string<char, std::char_traits<char>, std::allocator<char> >, std::allocator<std::__cxx11::basic_string<char, std::char_traits<char>, std::allocator<char> > > > const&) + 0x23c (0xe0a79c90ab1c in /usr/local/lib/python3.12/dist-packages/torch/lib/libtorch_cpu.so)
frame #7: c10d::ProcessGroupNCCL::HeartbeatMonitor::runLoop() + 0x330 (0xe0a77fee7350 in /usr/local/lib/python3.12/dist-packages/torch/lib/libtorch_cuda.so)
frame #8: <unknown function> + 0xe1ae0 (0xe0a830351ae0 in /lib/aarch64-linux-gnu/libstdc++.so.6)
frame #9: <unknown function> + 0x8582c (0xe0a83121582c in /lib/aarch64-linux-gnu/libc.so.6)
frame #10: <unknown function> + 0xeb79c (0xe0a83127b79c in /lib/aarch64-linux-gnu/libc.so.6)

[rank1]:[W910 12:27:38.032393021 ProcessGroupNCCL.cpp:1876] [PG ID 0 PG GUID 0 Rank 1] Failed to check the "should dump" flag on TCPStore, (maybe TCPStore server has shut down too early), with error: Broken pipe
[rank1]:[W910 12:27:39.032511389 TCPStore.cpp:106] [c10d] sendBytes failed on SocketImpl(fd=48, addr=[kiwi.200gb]:54432, remote=[emu.200gb]:29553): Broken pipe
Exception raised from sendBytes at /__w/pytorch/pytorch/torch/csrc/distributed/c10d/Utils.hpp:758 (most recent call first):
frame #0: c10::Error::Error(c10::SourceLocation, std::__cxx11::basic_string<char, std::char_traits<char>, std::allocator<char> >) + 0xc8 (0xe0a77ef9e158 in /usr/local/lib/python3.12/dist-packages/torch/lib/libc10.so)
frame #1: c10::DistError::DistError(c10::SourceLocation, std::__cxx11::basic_string<char, std::char_traits<char>, std::allocator<char> >) + 0x78 (0xe0a77ef9ed48 in /usr/local/lib/python3.12/dist-packages/torch/lib/libc10.so)
frame #2: c10::DistNetworkError::DistNetworkError(c10::SourceLocation, std::__cxx11::basic_string<char, std::char_traits<char>, std::allocator<char> >) + 0x78 (0xe0a77ef9f0c8 in /usr/local/lib/python3.12/dist-packages/torch/lib/libc10.so)
frame #3: <unknown function> + 0x70b77ec (0xe0a79c9077ec in /usr/local/lib/python3.12/dist-packages/torch/lib/libtorch_cpu.so)
frame #4: <unknown function> + 0x70b9aa4 (0xe0a79c909aa4 in /usr/local/lib/python3.12/dist-packages/torch/lib/libtorch_cpu.so)
frame #5: <unknown function> + 0x70b9c18 (0xe0a79c909c18 in /usr/local/lib/python3.12/dist-packages/torch/lib/libtorch_cpu.so)
frame #6: c10d::TCPStore::check(std::vector<std::__cxx11::basic_string<char, std::char_traits<char>, std::allocator<char> >, std::allocator<std::__cxx11::basic_string<char, std::char_traits<char>, std::allocator<char> > > > const&) + 0x23c (0xe0a79c90ab1c in /usr/local/lib/python3.12/dist-packages/torch/lib/libtorch_cpu.so)
frame #7: c10d::ProcessGroupNCCL::HeartbeatMonitor::runLoop() + 0x330 (0xe0a77fee7350 in /usr/local/lib/python3.12/dist-packages/torch/lib/libtorch_cuda.so)
frame #8: <unknown function> + 0xe1ae0 (0xe0a830351ae0 in /lib/aarch64-linux-gnu/libstdc++.so.6)
frame #9: <unknown function> + 0x8582c (0xe0a83121582c in /lib/aarch64-linux-gnu/libc.so.6)
frame #10: <unknown function> + 0xeb79c (0xe0a83127b79c in /lib/aarch64-linux-gnu/libc.so.6)

[rank1]:[W910 12:27:39.035189794 ProcessGroupNCCL.cpp:1876] [PG ID 0 PG GUID 0 Rank 1] Failed to check the "should dump" flag on TCPStore, (maybe TCPStore server has shut down too early), with error: Broken pipe
[rank1]:[W910 12:27:40.035823104 TCPStore.cpp:106] [c10d] sendBytes failed on SocketImpl(fd=48, addr=[kiwi.200gb]:54432, remote=[emu.200gb]:29553): Broken pipe
Exception raised from sendBytes at /__w/pytorch/pytorch/torch/csrc/distributed/c10d/Utils.hpp:758 (most recent call first):
frame #0: c10::Error::Error(c10::SourceLocation, std::__cxx11::basic_string<char, std::char_traits<char>, std::allocator<char> >) + 0xc8 (0xe0a77ef9e158 in /usr/local/lib/python3.12/dist-packages/torch/lib/libc10.so)
frame #1: c10::DistError::DistError(c10::SourceLocation, std::__cxx11::basic_string<char, std::char_traits<char>, std::allocator<char> >) + 0x78 (0xe0a77ef9ed48 in /usr/local/lib/python3.12/dist-packages/torch/lib/libc10.so)
frame #2: c10::DistNetworkError::DistNetworkError(c10::SourceLocation, std::__cxx11::basic_string<char, std::char_traits<char>, std::allocator<char> >) + 0x78 (0xe0a77ef9f0c8 in /usr/local/lib/python3.12/dist-packages/torch/lib/libc10.so)
frame #3: <unknown function> + 0x70b77ec (0xe0a79c9077ec in /usr/local/lib/python3.12/dist-packages/torch/lib/libtorch_cpu.so)
frame #4: <unknown function> + 0x70b9aa4 (0xe0a79c909aa4 in /usr/local/lib/python3.12/dist-packages/torch/lib/libtorch_cpu.so)
frame #5: <unknown function> + 0x70b9c18 (0xe0a79c909c18 in /usr/local/lib/python3.12/dist-packages/torch/lib/libtorch_cpu.so)
frame #6: c10d::TCPStore::check(std::vector<std::__cxx11::basic_string<char, std::char_traits<char>, std::allocator<char> >, std::allocator<std::__cxx11::basic_string<char, std::char_traits<char>, std::allocator<char> > > > const&) + 0x23c (0xe0a79c90ab1c in /usr/local/lib/python3.12/dist-packages/torch/lib/libtorch_cpu.so)
frame #7: c10d::ProcessGroupNCCL::HeartbeatMonitor::runLoop() + 0x330 (0xe0a77fee7350 in /usr/local/lib/python3.12/dist-packages/torch/lib/libtorch_cuda.so)
frame #8: <unknown function> + 0xe1ae0 (0xe0a830351ae0 in /lib/aarch64-linux-gnu/libstdc++.so.6)
frame #9: <unknown function> + 0x8582c (0xe0a83121582c in /lib/aarch64-linux-gnu/libc.so.6)
frame #10: <unknown function> + 0xeb79c (0xe0a83127b79c in /lib/aarch64-linux-gnu/libc.so.6)

[rank1]:[W910 12:27:40.037840371 ProcessGroupNCCL.cpp:1876] [PG ID 0 PG GUID 0 Rank 1] Failed to check the "should dump" flag on TCPStore, (maybe TCPStore server has shut down too early), with error: Broken pipe
[rank1]:[W910 12:27:41.038443440 TCPStore.cpp:106] [c10d] sendBytes failed on SocketImpl(fd=48, addr=[kiwi.200gb]:54432, remote=[emu.200gb]:29553): Broken pipe
Exception raised from sendBytes at /__w/pytorch/pytorch/torch/csrc/distributed/c10d/Utils.hpp:758 (most recent call first):
frame #0: c10::Error::Error(c10::SourceLocation, std::__cxx11::basic_string<char, std::char_traits<char>, std::allocator<char> >) + 0xc8 (0xe0a77ef9e158 in /usr/local/lib/python3.12/dist-packages/torch/lib/libc10.so)
frame #1: c10::DistError::DistError(c10::SourceLocation, std::__cxx11::basic_string<char, std::char_traits<char>, std::allocator<char> >) + 0x78 (0xe0a77ef9ed48 in /usr/local/lib/python3.12/dist-packages/torch/lib/libc10.so)
frame #2: c10::DistNetworkError::DistNetworkError(c10::SourceLocation, std::__cxx11::basic_string<char, std::char_traits<char>, std::allocator<char> >) + 0x78 (0xe0a77ef9f0c8 in /usr/local/lib/python3.12/dist-packages/torch/lib/libc10.so)
frame #3: <unknown function> + 0x70b77ec (0xe0a79c9077ec in /usr/local/lib/python3.12/dist-packages/torch/lib/libtorch_cpu.so)
frame #4: <unknown function> + 0x70b9aa4 (0xe0a79c909aa4 in /usr/local/lib/python3.12/dist-packages/torch/lib/libtorch_cpu.so)
frame #5: <unknown function> + 0x70b9c18 (0xe0a79c909c18 in /usr/local/lib/python3.12/dist-packages/torch/lib/libtorch_cpu.so)
frame #6: c10d::TCPStore::check(std::vector<std::__cxx11::basic_string<char, std::char_traits<char>, std::allocator<char> >, std::allocator<std::__cxx11::basic_string<char, std::char_traits<char>, std::allocator<char> > > > const&) + 0x23c (0xe0a79c90ab1c in /usr/local/lib/python3.12/dist-packages/torch/lib/libtorch_cpu.so)
frame #7: c10d::ProcessGroupNCCL::HeartbeatMonitor::runLoop() + 0x330 (0xe0a77fee7350 in /usr/local/lib/python3.12/dist-packages/torch/lib/libtorch_cuda.so)
frame #8: <unknown function> + 0xe1ae0 (0xe0a830351ae0 in /lib/aarch64-linux-gnu/libstdc++.so.6)
frame #9: <unknown function> + 0x8582c (0xe0a83121582c in /lib/aarch64-linux-gnu/libc.so.6)
frame #10: <unknown function> + 0xeb79c (0xe0a83127b79c in /lib/aarch64-linux-gnu/libc.so.6)

[rank1]:[W910 12:27:41.041144117 ProcessGroupNCCL.cpp:1876] [PG ID 0 PG GUID 0 Rank 1] Failed to check the "should dump" flag on TCPStore, (maybe TCPStore server has shut down too early), with error: Broken pipe
[rank1]:[W910 12:27:42.041985246 TCPStore.cpp:106] [c10d] sendBytes failed on SocketImpl(fd=48, addr=[kiwi.200gb]:54432, remote=[emu.200gb]:29553): Broken pipe
Exception raised from sendBytes at /__w/pytorch/pytorch/torch/csrc/distributed/c10d/Utils.hpp:758 (most recent call first):
frame #0: c10::Error::Error(c10::SourceLocation, std::__cxx11::basic_string<char, std::char_traits<char>, std::allocator<char> >) + 0xc8 (0xe0a77ef9e158 in /usr/local/lib/python3.12/dist-packages/torch/lib/libc10.so)
frame #1: c10::DistError::DistError(c10::SourceLocation, std::__cxx11::basic_string<char, std::char_traits<char>, std::allocator<char> >) + 0x78 (0xe0a77ef9ed48 in /usr/local/lib/python3.12/dist-packages/torch/lib/libc10.so)
frame #2: c10::DistNetworkError::DistNetworkError(c10::SourceLocation, std::__cxx11::basic_string<char, std::char_traits<char>, std::allocator<char> >) + 0x78 (0xe0a77ef9f0c8 in /usr/local/lib/python3.12/dist-packages/torch/lib/libc10.so)
frame #3: <unknown function> + 0x70b77ec (0xe0a79c9077ec in /usr/local/lib/python3.12/dist-packages/torch/lib/libtorch_cpu.so)
frame #4: <unknown function> + 0x70b9aa4 (0xe0a79c909aa4 in /usr/local/lib/python3.12/dist-packages/torch/lib/libtorch_cpu.so)
frame #5: <unknown function> + 0x70b9c18 (0xe0a79c909c18 in /usr/local/lib/python3.12/dist-packages/torch/lib/libtorch_cpu.so)
frame #6: c10d::TCPStore::check(std::vector<std::__cxx11::basic_string<char, std::char_traits<char>, std::allocator<char> >, std::allocator<std::__cxx11::basic_string<char, std::char_traits<char>, std::allocator<char> > > > const&) + 0x23c (0xe0a79c90ab1c in /usr/local/lib/python3.12/dist-packages/torch/lib/libtorch_cpu.so)
frame #7: c10d::ProcessGroupNCCL::HeartbeatMonitor::runLoop() + 0x330 (0xe0a77fee7350 in /usr/local/lib/python3.12/dist-packages/torch/lib/libtorch_cuda.so)
frame #8: <unknown function> + 0xe1ae0 (0xe0a830351ae0 in /lib/aarch64-linux-gnu/libstdc++.so.6)
frame #9: <unknown function> + 0x8582c (0xe0a83121582c in /lib/aarch64-linux-gnu/libc.so.6)
frame #10: <unknown function> + 0xeb79c (0xe0a83127b79c in /lib/aarch64-linux-gnu/libc.so.6)

[rank1]:[W910 12:27:42.044921684 ProcessGroupNCCL.cpp:1876] [PG ID 0 PG GUID 0 Rank 1] Failed to check the "should dump" flag on TCPStore, (maybe TCPStore server has shut down too early), with error: Broken pipe
[rank1]:[W910 12:27:43.045381562 TCPStore.cpp:106] [c10d] sendBytes failed on SocketImpl(fd=48, addr=[kiwi.200gb]:54432, remote=[emu.200gb]:29553): Broken pipe
Exception raised from sendBytes at /__w/pytorch/pytorch/torch/csrc/distributed/c10d/Utils.hpp:758 (most recent call first):
frame #0: c10::Error::Error(c10::SourceLocation, std::__cxx11::basic_string<char, std::char_traits<char>, std::allocator<char> >) + 0xc8 (0xe0a77ef9e158 in /usr/local/lib/python3.12/dist-packages/torch/lib/libc10.so)
frame #1: c10::DistError::DistError(c10::SourceLocation, std::__cxx11::basic_string<char, std::char_traits<char>, std::allocator<char> >) + 0x78 (0xe0a77ef9ed48 in /usr/local/lib/python3.12/dist-packages/torch/lib/libc10.so)
frame #2: c10::DistNetworkError::DistNetworkError(c10::SourceLocation, std::__cxx11::basic_string<char, std::char_traits<char>, std::allocator<char> >) + 0x78 (0xe0a77ef9f0c8 in /usr/local/lib/python3.12/dist-packages/torch/lib/libc10.so)
frame #3: <unknown function> + 0x70b77ec (0xe0a79c9077ec in /usr/local/lib/python3.12/dist-packages/torch/lib/libtorch_cpu.so)
frame #4: <unknown function> + 0x70b9aa4 (0xe0a79c909aa4 in /usr/local/lib/python3.12/dist-packages/torch/lib/libtorch_cpu.so)
frame #5: <unknown function> + 0x70b9c18 (0xe0a79c909c18 in /usr/local/lib/python3.12/dist-packages/torch/lib/libtorch_cpu.so)
frame #6: c10d::TCPStore::check(std::vector<std::__cxx11::basic_string<char, std::char_traits<char>, std::allocator<char> >, std::allocator<std::__cxx11::basic_string<char, std::char_traits<char>, std::allocator<char> > > > const&) + 0x23c (0xe0a79c90ab1c in /usr/local/lib/python3.12/dist-packages/torch/lib/libtorch_cpu.so)
frame #7: c10d::ProcessGroupNCCL::HeartbeatMonitor::runLoop() + 0x330 (0xe0a77fee7350 in /usr/local/lib/python3.12/dist-packages/torch/lib/libtorch_cuda.so)
frame #8: <unknown function> + 0xe1ae0 (0xe0a830351ae0 in /lib/aarch64-linux-gnu/libstdc++.so.6)
frame #9: <unknown function> + 0x8582c (0xe0a83121582c in /lib/aarch64-linux-gnu/libc.so.6)
frame #10: <unknown function> + 0xeb79c (0xe0a83127b79c in /lib/aarch64-linux-gnu/libc.so.6)

[rank1]:[W910 12:27:43.048073375 ProcessGroupNCCL.cpp:1876] [PG ID 0 PG GUID 0 Rank 1] Failed to check the "should dump" flag on TCPStore, (maybe TCPStore server has shut down too early), with error: Broken pipe
[rank1]:[W910 12:27:44.048903892 TCPStore.cpp:106] [c10d] sendBytes failed on SocketImpl(fd=48, addr=[kiwi.200gb]:54432, remote=[emu.200gb]:29553): Broken pipe
Exception raised from sendBytes at /__w/pytorch/pytorch/torch/csrc/distributed/c10d/Utils.hpp:758 (most recent call first):
frame #0: c10::Error::Error(c10::SourceLocation, std::__cxx11::basic_string<char, std::char_traits<char>, std::allocator<char> >) + 0xc8 (0xe0a77ef9e158 in /usr/local/lib/python3.12/dist-packages/torch/lib/libc10.so)
frame #1: c10::DistError::DistError(c10::SourceLocation, std::__cxx11::basic_string<char, std::char_traits<char>, std::allocator<char> >) + 0x78 (0xe0a77ef9ed48 in /usr/local/lib/python3.12/dist-packages/torch/lib/libc10.so)
frame #2: c10::DistNetworkError::DistNetworkError(c10::SourceLocation, std::__cxx11::basic_string<char, std::char_traits<char>, std::allocator<char> >) + 0x78 (0xe0a77ef9f0c8 in /usr/local/lib/python3.12/dist-packages/torch/lib/libc10.so)
frame #3: <unknown function> + 0x70b77ec (0xe0a79c9077ec in /usr/local/lib/python3.12/dist-packages/torch/lib/libtorch_cpu.so)
frame #4: <unknown function> + 0x70b9aa4 (0xe0a79c909aa4 in /usr/local/lib/python3.12/dist-packages/torch/lib/libtorch_cpu.so)
frame #5: <unknown function> + 0x70b9c18 (0xe0a79c909c18 in /usr/local/lib/python3.12/dist-packages/torch/lib/libtorch_cpu.so)
frame #6: c10d::TCPStore::check(std::vector<std::__cxx11::basic_string<char, std::char_traits<char>, std::allocator<char> >, std::allocator<std::__cxx11::basic_string<char, std::char_traits<char>, std::allocator<char> > > > const&) + 0x23c (0xe0a79c90ab1c in /usr/local/lib/python3.12/dist-packages/torch/lib/libtorch_cpu.so)
frame #7: c10d::ProcessGroupNCCL::HeartbeatMonitor::runLoop() + 0x330 (0xe0a77fee7350 in /usr/local/lib/python3.12/dist-packages/torch/lib/libtorch_cuda.so)
frame #8: <unknown function> + 0xe1ae0 (0xe0a830351ae0 in /lib/aarch64-linux-gnu/libstdc++.so.6)
frame #9: <unknown function> + 0x8582c (0xe0a83121582c in /lib/aarch64-linux-gnu/libc.so.6)
frame #10: <unknown function> + 0xeb79c (0xe0a83127b79c in /lib/aarch64-linux-gnu/libc.so.6)

[rank1]:[W910 12:27:44.052527659 ProcessGroupNCCL.cpp:1876] [PG ID 0 PG GUID 0 Rank 1] Failed to check the "should dump" flag on TCPStore, (maybe TCPStore server has shut down too early), with error: Broken pipe
[rank1]:[W910 12:27:45.053375950 TCPStore.cpp:106] [c10d] sendBytes failed on SocketImpl(fd=48, addr=[kiwi.200gb]:54432, remote=[emu.200gb]:29553): Broken pipe
Exception raised from sendBytes at /__w/pytorch/pytorch/torch/csrc/distributed/c10d/Utils.hpp:758 (most recent call first):
frame #0: c10::Error::Error(c10::SourceLocation, std::__cxx11::basic_string<char, std::char_traits<char>, std::allocator<char> >) + 0xc8 (0xe0a77ef9e158 in /usr/local/lib/python3.12/dist-packages/torch/lib/libc10.so)
frame #1: c10::DistError::DistError(c10::SourceLocation, std::__cxx11::basic_string<char, std::char_traits<char>, std::allocator<char> >) + 0x78 (0xe0a77ef9ed48 in /usr/local/lib/python3.12/dist-packages/torch/lib/libc10.so)
frame #2: c10::DistNetworkError::DistNetworkError(c10::SourceLocation, std::__cxx11::basic_string<char, std::char_traits<char>, std::allocator<char> >) + 0x78 (0xe0a77ef9f0c8 in /usr/local/lib/python3.12/dist-packages/torch/lib/libc10.so)
frame #3: <unknown function> + 0x70b77ec (0xe0a79c9077ec in /usr/local/lib/python3.12/dist-packages/torch/lib/libtorch_cpu.so)
frame #4: <unknown function> + 0x70b9aa4 (0xe0a79c909aa4 in /usr/local/lib/python3.12/dist-packages/torch/lib/libtorch_cpu.so)
frame #5: <unknown function> + 0x70b9c18 (0xe0a79c909c18 in /usr/local/lib/python3.12/dist-packages/torch/lib/libtorch_cpu.so)
frame #6: c10d::TCPStore::check(std::vector<std::__cxx11::basic_string<char, std::char_traits<char>, std::allocator<char> >, std::allocator<std::__cxx11::basic_string<char, std::char_traits<char>, std::allocator<char> > > > const&) + 0x23c (0xe0a79c90ab1c in /usr/local/lib/python3.12/dist-packages/torch/lib/libtorch_cpu.so)
frame #7: c10d::ProcessGroupNCCL::HeartbeatMonitor::runLoop() + 0x330 (0xe0a77fee7350 in /usr/local/lib/python3.12/dist-packages/torch/lib/libtorch_cuda.so)
frame #8: <unknown function> + 0xe1ae0 (0xe0a830351ae0 in /lib/aarch64-linux-gnu/libstdc++.so.6)
frame #9: <unknown function> + 0x8582c (0xe0a83121582c in /lib/aarch64-linux-gnu/libc.so.6)
frame #10: <unknown function> + 0xeb79c (0xe0a83127b79c in /lib/aarch64-linux-gnu/libc.so.6)

[rank1]:[W910 12:27:45.055936595 ProcessGroupNCCL.cpp:1876] [PG ID 0 PG GUID 0 Rank 1] Failed to check the "should dump" flag on TCPStore, (maybe TCPStore server has shut down too early), with error: Broken pipe
[rank1]:[W910 12:27:46.056682115 TCPStore.cpp:106] [c10d] sendBytes failed on SocketImpl(fd=48, addr=[kiwi.200gb]:54432, remote=[emu.200gb]:29553): Broken pipe
Exception raised from sendBytes at /__w/pytorch/pytorch/torch/csrc/distributed/c10d/Utils.hpp:758 (most recent call first):
frame #0: c10::Error::Error(c10::SourceLocation, std::__cxx11::basic_string<char, std::char_traits<char>, std::allocator<char> >) + 0xc8 (0xe0a77ef9e158 in /usr/local/lib/python3.12/dist-packages/torch/lib/libc10.so)
frame #1: c10::DistError::DistError(c10::SourceLocation, std::__cxx11::basic_string<char, std::char_traits<char>, std::allocator<char> >) + 0x78 (0xe0a77ef9ed48 in /usr/local/lib/python3.12/dist-packages/torch/lib/libc10.so)
frame #2: c10::DistNetworkError::DistNetworkError(c10::SourceLocation, std::__cxx11::basic_string<char, std::char_traits<char>, std::allocator<char> >) + 0x78 (0xe0a77ef9f0c8 in /usr/local/lib/python3.12/dist-packages/torch/lib/libc10.so)
frame #3: <unknown function> + 0x70b77ec (0xe0a79c9077ec in /usr/local/lib/python3.12/dist-packages/torch/lib/libtorch_cpu.so)
frame #4: <unknown function> + 0x70b9aa4 (0xe0a79c909aa4 in /usr/local/lib/python3.12/dist-packages/torch/lib/libtorch_cpu.so)
frame #5: <unknown function> + 0x70b9c18 (0xe0a79c909c18 in /usr/local/lib/python3.12/dist-packages/torch/lib/libtorch_cpu.so)
frame #6: c10d::TCPStore::check(std::vector<std::__cxx11::basic_string<char, std::char_traits<char>, std::allocator<char> >, std::allocator<std::__cxx11::basic_string<char, std::char_traits<char>, std::allocator<char> > > > const&) + 0x23c (0xe0a79c90ab1c in /usr/local/lib/python3.12/dist-packages/torch/lib/libtorch_cpu.so)
frame #7: c10d::ProcessGroupNCCL::HeartbeatMonitor::runLoop() + 0x330 (0xe0a77fee7350 in /usr/local/lib/python3.12/dist-packages/torch/lib/libtorch_cuda.so)
frame #8: <unknown function> + 0xe1ae0 (0xe0a830351ae0 in /lib/aarch64-linux-gnu/libstdc++.so.6)
frame #9: <unknown function> + 0x8582c (0xe0a83121582c in /lib/aarch64-linux-gnu/libc.so.6)
frame #10: <unknown function> + 0xeb79c (0xe0a83127b79c in /lib/aarch64-linux-gnu/libc.so.6)

[rank1]:[W910 12:27:46.059543368 ProcessGroupNCCL.cpp:1876] [PG ID 0 PG GUID 0 Rank 1] Failed to check the "should dump" flag on TCPStore, (maybe TCPStore server has shut down too early), with error: Broken pipe
[rank1]:[W910 12:27:47.060407942 TCPStore.cpp:106] [c10d] sendBytes failed on SocketImpl(fd=48, addr=[kiwi.200gb]:54432, remote=[emu.200gb]:29553): Broken pipe
Exception raised from sendBytes at /__w/pytorch/pytorch/torch/csrc/distributed/c10d/Utils.hpp:758 (most recent call first):
frame #0: c10::Error::Error(c10::SourceLocation, std::__cxx11::basic_string<char, std::char_traits<char>, std::allocator<char> >) + 0xc8 (0xe0a77ef9e158 in /usr/local/lib/python3.12/dist-packages/torch/lib/libc10.so)
frame #1: c10::DistError::DistError(c10::SourceLocation, std::__cxx11::basic_string<char, std::char_traits<char>, std::allocator<char> >) + 0x78 (0xe0a77ef9ed48 in /usr/local/lib/python3.12/dist-packages/torch/lib/libc10.so)
frame #2: c10::DistNetworkError::DistNetworkError(c10::SourceLocation, std::__cxx11::basic_string<char, std::char_traits<char>, std::allocator<char> >) + 0x78 (0xe0a77ef9f0c8 in /usr/local/lib/python3.12/dist-packages/torch/lib/libc10.so)
frame #3: <unknown function> + 0x70b77ec (0xe0a79c9077ec in /usr/local/lib/python3.12/dist-packages/torch/lib/libtorch_cpu.so)
frame #4: <unknown function> + 0x70b9aa4 (0xe0a79c909aa4 in /usr/local/lib/python3.12/dist-packages/torch/lib/libtorch_cpu.so)
frame #5: <unknown function> + 0x70b9c18 (0xe0a79c909c18 in /usr/local/lib/python3.12/dist-packages/torch/lib/libtorch_cpu.so)
frame #6: c10d::TCPStore::check(std::vector<std::__cxx11::basic_string<char, std::char_traits<char>, std::allocator<char> >, std::allocator<std::__cxx11::basic_string<char, std::char_traits<char>, std::allocator<char> > > > const&) + 0x23c (0xe0a79c90ab1c in /usr/local/lib/python3.12/dist-packages/torch/lib/libtorch_cpu.so)
frame #7: c10d::ProcessGroupNCCL::HeartbeatMonitor::runLoop() + 0x330 (0xe0a77fee7350 in /usr/local/lib/python3.12/dist-packages/torch/lib/libtorch_cuda.so)
frame #8: <unknown function> + 0xe1ae0 (0xe0a830351ae0 in /lib/aarch64-linux-gnu/libstdc++.so.6)
frame #9: <unknown function> + 0x8582c (0xe0a83121582c in /lib/aarch64-linux-gnu/libc.so.6)
frame #10: <unknown function> + 0xeb79c (0xe0a83127b79c in /lib/aarch64-linux-gnu/libc.so.6)

[rank1]:[W910 12:27:47.063735276 ProcessGroupNCCL.cpp:1876] [PG ID 0 PG GUID 0 Rank 1] Failed to check the "should dump" flag on TCPStore, (maybe TCPStore server has shut down too early), with error: Broken pipe
[rank1]:[W910 12:27:48.064609335 TCPStore.cpp:106] [c10d] sendBytes failed on SocketImpl(fd=48, addr=[kiwi.200gb]:54432, remote=[emu.200gb]:29553): Broken pipe
Exception raised from sendBytes at /__w/pytorch/pytorch/torch/csrc/distributed/c10d/Utils.hpp:758 (most recent call first):
frame #0: c10::Error::Error(c10::SourceLocation, std::__cxx11::basic_string<char, std::char_traits<char>, std::allocator<char> >) + 0xc8 (0xe0a77ef9e158 in /usr/local/lib/python3.12/dist-packages/torch/lib/libc10.so)
frame #1: c10::DistError::DistError(c10::SourceLocation, std::__cxx11::basic_string<char, std::char_traits<char>, std::allocator<char> >) + 0x78 (0xe0a77ef9ed48 in /usr/local/lib/python3.12/dist-packages/torch/lib/libc10.so)
frame #2: c10::DistNetworkError::DistNetworkError(c10::SourceLocation, std::__cxx11::basic_string<char, std::char_traits<char>, std::allocator<char> >) + 0x78 (0xe0a77ef9f0c8 in /usr/local/lib/python3.12/dist-packages/torch/lib/libc10.so)
frame #3: <unknown function> + 0x70b77ec (0xe0a79c9077ec in /usr/local/lib/python3.12/dist-packages/torch/lib/libtorch_cpu.so)
frame #4: <unknown function> + 0x70b9aa4 (0xe0a79c909aa4 in /usr/local/lib/python3.12/dist-packages/torch/lib/libtorch_cpu.so)
frame #5: <unknown function> + 0x70b9c18 (0xe0a79c909c18 in /usr/local/lib/python3.12/dist-packages/torch/lib/libtorch_cpu.so)
frame #6: c10d::TCPStore::check(std::vector<std::__cxx11::basic_string<char, std::char_traits<char>, std::allocator<char> >, std::allocator<std::__cxx11::basic_string<char, std::char_traits<char>, std::allocator<char> > > > const&) + 0x23c (0xe0a79c90ab1c in /usr/local/lib/python3.12/dist-packages/torch/lib/libtorch_cpu.so)
frame #7: c10d::ProcessGroupNCCL::HeartbeatMonitor::runLoop() + 0x330 (0xe0a77fee7350 in /usr/local/lib/python3.12/dist-packages/torch/lib/libtorch_cuda.so)
frame #8: <unknown function> + 0xe1ae0 (0xe0a830351ae0 in /lib/aarch64-linux-gnu/libstdc++.so.6)
frame #9: <unknown function> + 0x8582c (0xe0a83121582c in /lib/aarch64-linux-gnu/libc.so.6)
frame #10: <unknown function> + 0xeb79c (0xe0a83127b79c in /lib/aarch64-linux-gnu/libc.so.6)

[rank1]:[W910 12:27:48.067507677 ProcessGroupNCCL.cpp:1876] [PG ID 0 PG GUID 0 Rank 1] Failed to check the "should dump" flag on TCPStore, (maybe TCPStore server has shut down too early), with error: Broken pipe
[rank1]:[W910 12:27:49.068158598 TCPStore.cpp:106] [c10d] sendBytes failed on SocketImpl(fd=48, addr=[kiwi.200gb]:54432, remote=[emu.200gb]:29553): Broken pipe
Exception raised from sendBytes at /__w/pytorch/pytorch/torch/csrc/distributed/c10d/Utils.hpp:758 (most recent call first):
frame #0: c10::Error::Error(c10::SourceLocation, std::__cxx11::basic_string<char, std::char_traits<char>, std::allocator<char> >) + 0xc8 (0xe0a77ef9e158 in /usr/local/lib/python3.12/dist-packages/torch/lib/libc10.so)
frame #1: c10::DistError::DistError(c10::SourceLocation, std::__cxx11::basic_string<char, std::char_traits<char>, std::allocator<char> >) + 0x78 (0xe0a77ef9ed48 in /usr/local/lib/python3.12/dist-packages/torch/lib/libc10.so)
frame #2: c10::DistNetworkError::DistNetworkError(c10::SourceLocation, std::__cxx11::basic_string<char, std::char_traits<char>, std::allocator<char> >) + 0x78 (0xe0a77ef9f0c8 in /usr/local/lib/python3.12/dist-packages/torch/lib/libc10.so)
frame #3: <unknown function> + 0x70b77ec (0xe0a79c9077ec in /usr/local/lib/python3.12/dist-packages/torch/lib/libtorch_cpu.so)
frame #4: <unknown function> + 0x70b9aa4 (0xe0a79c909aa4 in /usr/local/lib/python3.12/dist-packages/torch/lib/libtorch_cpu.so)
frame #5: <unknown function> + 0x70b9c18 (0xe0a79c909c18 in /usr/local/lib/python3.12/dist-packages/torch/lib/libtorch_cpu.so)
frame #6: c10d::TCPStore::check(std::vector<std::__cxx11::basic_string<char, std::char_traits<char>, std::allocator<char> >, std::allocator<std::__cxx11::basic_string<char, std::char_traits<char>, std::allocator<char> > > > const&) + 0x23c (0xe0a79c90ab1c in /usr/local/lib/python3.12/dist-packages/torch/lib/libtorch_cpu.so)
frame #7: c10d::ProcessGroupNCCL::HeartbeatMonitor::runLoop() + 0x330 (0xe0a77fee7350 in /usr/local/lib/python3.12/dist-packages/torch/lib/libtorch_cuda.so)
frame #8: <unknown function> + 0xe1ae0 (0xe0a830351ae0 in /lib/aarch64-linux-gnu/libstdc++.so.6)
frame #9: <unknown function> + 0x8582c (0xe0a83121582c in /lib/aarch64-linux-gnu/libc.so.6)
frame #10: <unknown function> + 0xeb79c (0xe0a83127b79c in /lib/aarch64-linux-gnu/libc.so.6)

[rank1]:[W910 12:27:49.071081867 ProcessGroupNCCL.cpp:1876] [PG ID 0 PG GUID 0 Rank 1] Failed to check the "should dump" flag on TCPStore, (maybe TCPStore server has shut down too early), with error: Broken pipe
[rank1]:[W910 12:27:50.071727442 TCPStore.cpp:106] [c10d] sendBytes failed on SocketImpl(fd=48, addr=[kiwi.200gb]:54432, remote=[emu.200gb]:29553): Broken pipe
Exception raised from sendBytes at /__w/pytorch/pytorch/torch/csrc/distributed/c10d/Utils.hpp:758 (most recent call first):
frame #0: c10::Error::Error(c10::SourceLocation, std::__cxx11::basic_string<char, std::char_traits<char>, std::allocator<char> >) + 0xc8 (0xe0a77ef9e158 in /usr/local/lib/python3.12/dist-packages/torch/lib/libc10.so)
frame #1: c10::DistError::DistError(c10::SourceLocation, std::__cxx11::basic_string<char, std::char_traits<char>, std::allocator<char> >) + 0x78 (0xe0a77ef9ed48 in /usr/local/lib/python3.12/dist-packages/torch/lib/libc10.so)
frame #2: c10::DistNetworkError::DistNetworkError(c10::SourceLocation, std::__cxx11::basic_string<char, std::char_traits<char>, std::allocator<char> >) + 0x78 (0xe0a77ef9f0c8 in /usr/local/lib/python3.12/dist-packages/torch/lib/libc10.so)
frame #3: <unknown function> + 0x70b77ec (0xe0a79c9077ec in /usr/local/lib/python3.12/dist-packages/torch/lib/libtorch_cpu.so)
frame #4: <unknown function> + 0x70b9aa4 (0xe0a79c909aa4 in /usr/local/lib/python3.12/dist-packages/torch/lib/libtorch_cpu.so)
frame #5: <unknown function> + 0x70b9c18 (0xe0a79c909c18 in /usr/local/lib/python3.12/dist-packages/torch/lib/libtorch_cpu.so)
frame #6: c10d::TCPStore::check(std::vector<std::__cxx11::basic_string<char, std::char_traits<char>, std::allocator<char> >, std::allocator<std::__cxx11::basic_string<char, std::char_traits<char>, std::allocator<char> > > > const&) + 0x23c (0xe0a79c90ab1c in /usr/local/lib/python3.12/dist-packages/torch/lib/libtorch_cpu.so)
frame #7: c10d::ProcessGroupNCCL::HeartbeatMonitor::runLoop() + 0x330 (0xe0a77fee7350 in /usr/local/lib/python3.12/dist-packages/torch/lib/libtorch_cuda.so)
frame #8: <unknown function> + 0xe1ae0 (0xe0a830351ae0 in /lib/aarch64-linux-gnu/libstdc++.so.6)
frame #9: <unknown function> + 0x8582c (0xe0a83121582c in /lib/aarch64-linux-gnu/libc.so.6)
frame #10: <unknown function> + 0xeb79c (0xe0a83127b79c in /lib/aarch64-linux-gnu/libc.so.6)

[rank1]:[W910 12:27:50.074417975 ProcessGroupNCCL.cpp:1876] [PG ID 0 PG GUID 0 Rank 1] Failed to check the "should dump" flag on TCPStore, (maybe TCPStore server has shut down too early), with error: Broken pipe
[rank1]:[W910 12:27:51.075277243 TCPStore.cpp:106] [c10d] sendBytes failed on SocketImpl(fd=48, addr=[kiwi.200gb]:54432, remote=[emu.200gb]:29553): Broken pipe
Exception raised from sendBytes at /__w/pytorch/pytorch/torch/csrc/distributed/c10d/Utils.hpp:758 (most recent call first):
frame #0: c10::Error::Error(c10::SourceLocation, std::__cxx11::basic_string<char, std::char_traits<char>, std::allocator<char> >) + 0xc8 (0xe0a77ef9e158 in /usr/local/lib/python3.12/dist-packages/torch/lib/libc10.so)
frame #1: c10::DistError::DistError(c10::SourceLocation, std::__cxx11::basic_string<char, std::char_traits<char>, std::allocator<char> >) + 0x78 (0xe0a77ef9ed48 in /usr/local/lib/python3.12/dist-packages/torch/lib/libc10.so)
frame #2: c10::DistNetworkError::DistNetworkError(c10::SourceLocation, std::__cxx11::basic_string<char, std::char_traits<char>, std::allocator<char> >) + 0x78 (0xe0a77ef9f0c8 in /usr/local/lib/python3.12/dist-packages/torch/lib/libc10.so)
frame #3: <unknown function> + 0x70b77ec (0xe0a79c9077ec in /usr/local/lib/python3.12/dist-packages/torch/lib/libtorch_cpu.so)
frame #4: <unknown function> + 0x70b9aa4 (0xe0a79c909aa4 in /usr/local/lib/python3.12/dist-packages/torch/lib/libtorch_cpu.so)
frame #5: <unknown function> + 0x70b9c18 (0xe0a79c909c18 in /usr/local/lib/python3.12/dist-packages/torch/lib/libtorch_cpu.so)
frame #6: c10d::TCPStore::check(std::vector<std::__cxx11::basic_string<char, std::char_traits<char>, std::allocator<char> >, std::allocator<std::__cxx11::basic_string<char, std::char_traits<char>, std::allocator<char> > > > const&) + 0x23c (0xe0a79c90ab1c in /usr/local/lib/python3.12/dist-packages/torch/lib/libtorch_cpu.so)
frame #7: c10d::ProcessGroupNCCL::HeartbeatMonitor::runLoop() + 0x330 (0xe0a77fee7350 in /usr/local/lib/python3.12/dist-packages/torch/lib/libtorch_cuda.so)
frame #8: <unknown function> + 0xe1ae0 (0xe0a830351ae0 in /lib/aarch64-linux-gnu/libstdc++.so.6)
frame #9: <unknown function> + 0x8582c (0xe0a83121582c in /lib/aarch64-linux-gnu/libc.so.6)
frame #10: <unknown function> + 0xeb79c (0xe0a83127b79c in /lib/aarch64-linux-gnu/libc.so.6)

[rank1]:[W910 12:27:51.077925952 ProcessGroupNCCL.cpp:1876] [PG ID 0 PG GUID 0 Rank 1] Failed to check the "should dump" flag on TCPStore, (maybe TCPStore server has shut down too early), with error: Broken pipe
[rank1]:[W910 12:27:52.078363281 TCPStore.cpp:106] [c10d] sendBytes failed on SocketImpl(fd=48, addr=[kiwi.200gb]:54432, remote=[emu.200gb]:29553): Broken pipe
Exception raised from sendBytes at /__w/pytorch/pytorch/torch/csrc/distributed/c10d/Utils.hpp:758 (most recent call first):
frame #0: c10::Error::Error(c10::SourceLocation, std::__cxx11::basic_string<char, std::char_traits<char>, std::allocator<char> >) + 0xc8 (0xe0a77ef9e158 in /usr/local/lib/python3.12/dist-packages/torch/lib/libc10.so)
frame #1: c10::DistError::DistError(c10::SourceLocation, std::__cxx11::basic_string<char, std::char_traits<char>, std::allocator<char> >) + 0x78 (0xe0a77ef9ed48 in /usr/local/lib/python3.12/dist-packages/torch/lib/libc10.so)
frame #2: c10::DistNetworkError::DistNetworkError(c10::SourceLocation, std::__cxx11::basic_string<char, std::char_traits<char>, std::allocator<char> >) + 0x78 (0xe0a77ef9f0c8 in /usr/local/lib/python3.12/dist-packages/torch/lib/libc10.so)
frame #3: <unknown function> + 0x70b77ec (0xe0a79c9077ec in /usr/local/lib/python3.12/dist-packages/torch/lib/libtorch_cpu.so)
frame #4: <unknown function> + 0x70b9aa4 (0xe0a79c909aa4 in /usr/local/lib/python3.12/dist-packages/torch/lib/libtorch_cpu.so)
frame #5: <unknown function> + 0x70b9c18 (0xe0a79c909c18 in /usr/local/lib/python3.12/dist-packages/torch/lib/libtorch_cpu.so)
frame #6: c10d::TCPStore::check(std::vector<std::__cxx11::basic_string<char, std::char_traits<char>, std::allocator<char> >, std::allocator<std::__cxx11::basic_string<char, std::char_traits<char>, std::allocator<char> > > > const&) + 0x23c (0xe0a79c90ab1c in /usr/local/lib/python3.12/dist-packages/torch/lib/libtorch_cpu.so)
frame #7: c10d::ProcessGroupNCCL::HeartbeatMonitor::runLoop() + 0x330 (0xe0a77fee7350 in /usr/local/lib/python3.12/dist-packages/torch/lib/libtorch_cuda.so)
frame #8: <unknown function> + 0xe1ae0 (0xe0a830351ae0 in /lib/aarch64-linux-gnu/libstdc++.so.6)
frame #9: <unknown function> + 0x8582c (0xe0a83121582c in /lib/aarch64-linux-gnu/libc.so.6)
frame #10: <unknown function> + 0xeb79c (0xe0a83127b79c in /lib/aarch64-linux-gnu/libc.so.6)

[rank1]:[W910 12:27:52.080900998 ProcessGroupNCCL.cpp:1876] [PG ID 0 PG GUID 0 Rank 1] Failed to check the "should dump" flag on TCPStore, (maybe TCPStore server has shut down too early), with error: Broken pipe
[rank1]:[W910 12:27:53.081392789 TCPStore.cpp:106] [c10d] sendBytes failed on SocketImpl(fd=48, addr=[kiwi.200gb]:54432, remote=[emu.200gb]:29553): Broken pipe
Exception raised from sendBytes at /__w/pytorch/pytorch/torch/csrc/distributed/c10d/Utils.hpp:758 (most recent call first):
frame #0: c10::Error::Error(c10::SourceLocation, std::__cxx11::basic_string<char, std::char_traits<char>, std::allocator<char> >) + 0xc8 (0xe0a77ef9e158 in /usr/local/lib/python3.12/dist-packages/torch/lib/libc10.so)
frame #1: c10::DistError::DistError(c10::SourceLocation, std::__cxx11::basic_string<char, std::char_traits<char>, std::allocator<char> >) + 0x78 (0xe0a77ef9ed48 in /usr/local/lib/python3.12/dist-packages/torch/lib/libc10.so)
frame #2: c10::DistNetworkError::DistNetworkError(c10::SourceLocation, std::__cxx11::basic_string<char, std::char_traits<char>, std::allocator<char> >) + 0x78 (0xe0a77ef9f0c8 in /usr/local/lib/python3.12/dist-packages/torch/lib/libc10.so)
frame #3: <unknown function> + 0x70b77ec (0xe0a79c9077ec in /usr/local/lib/python3.12/dist-packages/torch/lib/libtorch_cpu.so)
frame #4: <unknown function> + 0x70b9aa4 (0xe0a79c909aa4 in /usr/local/lib/python3.12/dist-packages/torch/lib/libtorch_cpu.so)
frame #5: <unknown function> + 0x70b9c18 (0xe0a79c909c18 in /usr/local/lib/python3.12/dist-packages/torch/lib/libtorch_cpu.so)
frame #6: c10d::TCPStore::check(std::vector<std::__cxx11::basic_string<char, std::char_traits<char>, std::allocator<char> >, std::allocator<std::__cxx11::basic_string<char, std::char_traits<char>, std::allocator<char> > > > const&) + 0x23c (0xe0a79c90ab1c in /usr/local/lib/python3.12/dist-packages/torch/lib/libtorch_cpu.so)
frame #7: c10d::ProcessGroupNCCL::HeartbeatMonitor::runLoop() + 0x330 (0xe0a77fee7350 in /usr/local/lib/python3.12/dist-packages/torch/lib/libtorch_cuda.so)
frame #8: <unknown function> + 0xe1ae0 (0xe0a830351ae0 in /lib/aarch64-linux-gnu/libstdc++.so.6)
frame #9: <unknown function> + 0x8582c (0xe0a83121582c in /lib/aarch64-linux-gnu/libc.so.6)
frame #10: <unknown function> + 0xeb79c (0xe0a83127b79c in /lib/aarch64-linux-gnu/libc.so.6)

[rank1]:[W910 12:27:53.083978233 ProcessGroupNCCL.cpp:1876] [PG ID 0 PG GUID 0 Rank 1] Failed to check the "should dump" flag on TCPStore, (maybe TCPStore server has shut down too early), with error: Broken pipe
[rank1]:[W910 12:27:54.084836439 TCPStore.cpp:106] [c10d] sendBytes failed on SocketImpl(fd=48, addr=[kiwi.200gb]:54432, remote=[emu.200gb]:29553): Broken pipe
Exception raised from sendBytes at /__w/pytorch/pytorch/torch/csrc/distributed/c10d/Utils.hpp:758 (most recent call first):
frame #0: c10::Error::Error(c10::SourceLocation, std::__cxx11::basic_string<char, std::char_traits<char>, std::allocator<char> >) + 0xc8 (0xe0a77ef9e158 in /usr/local/lib/python3.12/dist-packages/torch/lib/libc10.so)
frame #1: c10::DistError::DistError(c10::SourceLocation, std::__cxx11::basic_string<char, std::char_traits<char>, std::allocator<char> >) + 0x78 (0xe0a77ef9ed48 in /usr/local/lib/python3.12/dist-packages/torch/lib/libc10.so)
frame #2: c10::DistNetworkError::DistNetworkError(c10::SourceLocation, std::__cxx11::basic_string<char, std::char_traits<char>, std::allocator<char> >) + 0x78 (0xe0a77ef9f0c8 in /usr/local/lib/python3.12/dist-packages/torch/lib/libc10.so)
frame #3: <unknown function> + 0x70b77ec (0xe0a79c9077ec in /usr/local/lib/python3.12/dist-packages/torch/lib/libtorch_cpu.so)
frame #4: <unknown function> + 0x70b9aa4 (0xe0a79c909aa4 in /usr/local/lib/python3.12/dist-packages/torch/lib/libtorch_cpu.so)
frame #5: <unknown function> + 0x70b9c18 (0xe0a79c909c18 in /usr/local/lib/python3.12/dist-packages/torch/lib/libtorch_cpu.so)
frame #6: c10d::TCPStore::check(std::vector<std::__cxx11::basic_string<char, std::char_traits<char>, std::allocator<char> >, std::allocator<std::__cxx11::basic_string<char, std::char_traits<char>, std::allocator<char> > > > const&) + 0x23c (0xe0a79c90ab1c in /usr/local/lib/python3.12/dist-packages/torch/lib/libtorch_cpu.so)
frame #7: c10d::ProcessGroupNCCL::HeartbeatMonitor::runLoop() + 0x330 (0xe0a77fee7350 in /usr/local/lib/python3.12/dist-packages/torch/lib/libtorch_cuda.so)
frame #8: <unknown function> + 0xe1ae0 (0xe0a830351ae0 in /lib/aarch64-linux-gnu/libstdc++.so.6)
frame #9: <unknown function> + 0x8582c (0xe0a83121582c in /lib/aarch64-linux-gnu/libc.so.6)
frame #10: <unknown function> + 0xeb79c (0xe0a83127b79c in /lib/aarch64-linux-gnu/libc.so.6)

[rank1]:[W910 12:27:54.087674220 ProcessGroupNCCL.cpp:1876] [PG ID 0 PG GUID 0 Rank 1] Failed to check the "should dump" flag on TCPStore, (maybe TCPStore server has shut down too early), with error: Broken pipe
[rank1]:[W910 12:27:55.088058023 TCPStore.cpp:106] [c10d] sendBytes failed on SocketImpl(fd=48, addr=[kiwi.200gb]:54432, remote=[emu.200gb]:29553): Broken pipe
Exception raised from sendBytes at /__w/pytorch/pytorch/torch/csrc/distributed/c10d/Utils.hpp:758 (most recent call first):
frame #0: c10::Error::Error(c10::SourceLocation, std::__cxx11::basic_string<char, std::char_traits<char>, std::allocator<char> >) + 0xc8 (0xe0a77ef9e158 in /usr/local/lib/python3.12/dist-packages/torch/lib/libc10.so)
frame #1: c10::DistError::DistError(c10::SourceLocation, std::__cxx11::basic_string<char, std::char_traits<char>, std::allocator<char> >) + 0x78 (0xe0a77ef9ed48 in /usr/local/lib/python3.12/dist-packages/torch/lib/libc10.so)
frame #2: c10::DistNetworkError::DistNetworkError(c10::SourceLocation, std::__cxx11::basic_string<char, std::char_traits<char>, std::allocator<char> >) + 0x78 (0xe0a77ef9f0c8 in /usr/local/lib/python3.12/dist-packages/torch/lib/libc10.so)
frame #3: <unknown function> + 0x70b77ec (0xe0a79c9077ec in /usr/local/lib/python3.12/dist-packages/torch/lib/libtorch_cpu.so)
frame #4: <unknown function> + 0x70b9aa4 (0xe0a79c909aa4 in /usr/local/lib/python3.12/dist-packages/torch/lib/libtorch_cpu.so)
frame #5: <unknown function> + 0x70b9c18 (0xe0a79c909c18 in /usr/local/lib/python3.12/dist-packages/torch/lib/libtorch_cpu.so)
frame #6: c10d::TCPStore::check(std::vector<std::__cxx11::basic_string<char, std::char_traits<char>, std::allocator<char> >, std::allocator<std::__cxx11::basic_string<char, std::char_traits<char>, std::allocator<char> > > > const&) + 0x23c (0xe0a79c90ab1c in /usr/local/lib/python3.12/dist-packages/torch/lib/libtorch_cpu.so)
frame #7: c10d::ProcessGroupNCCL::HeartbeatMonitor::runLoop() + 0x330 (0xe0a77fee7350 in /usr/local/lib/python3.12/dist-packages/torch/lib/libtorch_cuda.so)
frame #8: <unknown function> + 0xe1ae0 (0xe0a830351ae0 in /lib/aarch64-linux-gnu/libstdc++.so.6)
frame #9: <unknown function> + 0x8582c (0xe0a83121582c in /lib/aarch64-linux-gnu/libc.so.6)
frame #10: <unknown function> + 0xeb79c (0xe0a83127b79c in /lib/aarch64-linux-gnu/libc.so.6)

[rank1]:[W910 12:27:55.090764220 ProcessGroupNCCL.cpp:1876] [PG ID 0 PG GUID 0 Rank 1] Failed to check the "should dump" flag on TCPStore, (maybe TCPStore server has shut down too early), with error: Broken pipe
[rank1]:[W910 12:27:56.091018628 TCPStore.cpp:106] [c10d] sendBytes failed on SocketImpl(fd=48, addr=[kiwi.200gb]:54432, remote=[emu.200gb]:29553): Broken pipe
Exception raised from sendBytes at /__w/pytorch/pytorch/torch/csrc/distributed/c10d/Utils.hpp:758 (most recent call first):
frame #0: c10::Error::Error(c10::SourceLocation, std::__cxx11::basic_string<char, std::char_traits<char>, std::allocator<char> >) + 0xc8 (0xe0a77ef9e158 in /usr/local/lib/python3.12/dist-packages/torch/lib/libc10.so)
frame #1: c10::DistError::DistError(c10::SourceLocation, std::__cxx11::basic_string<char, std::char_traits<char>, std::allocator<char> >) + 0x78 (0xe0a77ef9ed48 in /usr/local/lib/python3.12/dist-packages/torch/lib/libc10.so)
frame #2: c10::DistNetworkError::DistNetworkError(c10::SourceLocation, std::__cxx11::basic_string<char, std::char_traits<char>, std::allocator<char> >) + 0x78 (0xe0a77ef9f0c8 in /usr/local/lib/python3.12/dist-packages/torch/lib/libc10.so)
frame #3: <unknown function> + 0x70b77ec (0xe0a79c9077ec in /usr/local/lib/python3.12/dist-packages/torch/lib/libtorch_cpu.so)
frame #4: <unknown function> + 0x70b9aa4 (0xe0a79c909aa4 in /usr/local/lib/python3.12/dist-packages/torch/lib/libtorch_cpu.so)
frame #5: <unknown function> + 0x70b9c18 (0xe0a79c909c18 in /usr/local/lib/python3.12/dist-packages/torch/lib/libtorch_cpu.so)
frame #6: c10d::TCPStore::check(std::vector<std::__cxx11::basic_string<char, std::char_traits<char>, std::allocator<char> >, std::allocator<std::__cxx11::basic_string<char, std::char_traits<char>, std::allocator<char> > > > const&) + 0x23c (0xe0a79c90ab1c in /usr/local/lib/python3.12/dist-packages/torch/lib/libtorch_cpu.so)
frame #7: c10d::ProcessGroupNCCL::HeartbeatMonitor::runLoop() + 0x330 (0xe0a77fee7350 in /usr/local/lib/python3.12/dist-packages/torch/lib/libtorch_cuda.so)
frame #8: <unknown function> + 0xe1ae0 (0xe0a830351ae0 in /lib/aarch64-linux-gnu/libstdc++.so.6)
frame #9: <unknown function> + 0x8582c (0xe0a83121582c in /lib/aarch64-linux-gnu/libc.so.6)
frame #10: <unknown function> + 0xeb79c (0xe0a83127b79c in /lib/aarch64-linux-gnu/libc.so.6)

[rank1]:[W910 12:27:56.093577864 ProcessGroupNCCL.cpp:1876] [PG ID 0 PG GUID 0 Rank 1] Failed to check the "should dump" flag on TCPStore, (maybe TCPStore server has shut down too early), with error: Broken pipe
[rank1]:[W910 12:27:57.094442110 TCPStore.cpp:106] [c10d] sendBytes failed on SocketImpl(fd=48, addr=[kiwi.200gb]:54432, remote=[emu.200gb]:29553): Broken pipe
Exception raised from sendBytes at /__w/pytorch/pytorch/torch/csrc/distributed/c10d/Utils.hpp:758 (most recent call first):
frame #0: c10::Error::Error(c10::SourceLocation, std::__cxx11::basic_string<char, std::char_traits<char>, std::allocator<char> >) + 0xc8 (0xe0a77ef9e158 in /usr/local/lib/python3.12/dist-packages/torch/lib/libc10.so)
frame #1: c10::DistError::DistError(c10::SourceLocation, std::__cxx11::basic_string<char, std::char_traits<char>, std::allocator<char> >) + 0x78 (0xe0a77ef9ed48 in /usr/local/lib/python3.12/dist-packages/torch/lib/libc10.so)
frame #2: c10::DistNetworkError::DistNetworkError(c10::SourceLocation, std::__cxx11::basic_string<char, std::char_traits<char>, std::allocator<char> >) + 0x78 (0xe0a77ef9f0c8 in /usr/local/lib/python3.12/dist-packages/torch/lib/libc10.so)
frame #3: <unknown function> + 0x70b77ec (0xe0a79c9077ec in /usr/local/lib/python3.12/dist-packages/torch/lib/libtorch_cpu.so)
frame #4: <unknown function> + 0x70b9aa4 (0xe0a79c909aa4 in /usr/local/lib/python3.12/dist-packages/torch/lib/libtorch_cpu.so)
frame #5: <unknown function> + 0x70b9c18 (0xe0a79c909c18 in /usr/local/lib/python3.12/dist-packages/torch/lib/libtorch_cpu.so)
frame #6: c10d::TCPStore::check(std::vector<std::__cxx11::basic_string<char, std::char_traits<char>, std::allocator<char> >, std::allocator<std::__cxx11::basic_string<char, std::char_traits<char>, std::allocator<char> > > > const&) + 0x23c (0xe0a79c90ab1c in /usr/local/lib/python3.12/dist-packages/torch/lib/libtorch_cpu.so)
frame #7: c10d::ProcessGroupNCCL::HeartbeatMonitor::runLoop() + 0x330 (0xe0a77fee7350 in /usr/local/lib/python3.12/dist-packages/torch/lib/libtorch_cuda.so)
frame #8: <unknown function> + 0xe1ae0 (0xe0a830351ae0 in /lib/aarch64-linux-gnu/libstdc++.so.6)
frame #9: <unknown function> + 0x8582c (0xe0a83121582c in /lib/aarch64-linux-gnu/libc.so.6)
frame #10: <unknown function> + 0xeb79c (0xe0a83127b79c in /lib/aarch64-linux-gnu/libc.so.6)

[rank1]:[W910 12:27:57.097139763 ProcessGroupNCCL.cpp:1876] [PG ID 0 PG GUID 0 Rank 1] Failed to check the "should dump" flag on TCPStore, (maybe TCPStore server has shut down too early), with error: Broken pipe
[rank1]:[W910 12:27:58.097289382 TCPStore.cpp:106] [c10d] sendBytes failed on SocketImpl(fd=48, addr=[kiwi.200gb]:54432, remote=[emu.200gb]:29553): Broken pipe
Exception raised from sendBytes at /__w/pytorch/pytorch/torch/csrc/distributed/c10d/Utils.hpp:758 (most recent call first):
frame #0: c10::Error::Error(c10::SourceLocation, std::__cxx11::basic_string<char, std::char_traits<char>, std::allocator<char> >) + 0xc8 (0xe0a77ef9e158 in /usr/local/lib/python3.12/dist-packages/torch/lib/libc10.so)
frame #1: c10::DistError::DistError(c10::SourceLocation, std::__cxx11::basic_string<char, std::char_traits<char>, std::allocator<char> >) + 0x78 (0xe0a77ef9ed48 in /usr/local/lib/python3.12/dist-packages/torch/lib/libc10.so)
frame #2: c10::DistNetworkError::DistNetworkError(c10::SourceLocation, std::__cxx11::basic_string<char, std::char_traits<char>, std::allocator<char> >) + 0x78 (0xe0a77ef9f0c8 in /usr/local/lib/python3.12/dist-packages/torch/lib/libc10.so)
frame #3: <unknown function> + 0x70b77ec (0xe0a79c9077ec in /usr/local/lib/python3.12/dist-packages/torch/lib/libtorch_cpu.so)
frame #4: <unknown function> + 0x70b9aa4 (0xe0a79c909aa4 in /usr/local/lib/python3.12/dist-packages/torch/lib/libtorch_cpu.so)
frame #5: <unknown function> + 0x70b9c18 (0xe0a79c909c18 in /usr/local/lib/python3.12/dist-packages/torch/lib/libtorch_cpu.so)
frame #6: c10d::TCPStore::check(std::vector<std::__cxx11::basic_string<char, std::char_traits<char>, std::allocator<char> >, std::allocator<std::__cxx11::basic_string<char, std::char_traits<char>, std::allocator<char> > > > const&) + 0x23c (0xe0a79c90ab1c in /usr/local/lib/python3.12/dist-packages/torch/lib/libtorch_cpu.so)
frame #7: c10d::ProcessGroupNCCL::HeartbeatMonitor::runLoop() + 0x330 (0xe0a77fee7350 in /usr/local/lib/python3.12/dist-packages/torch/lib/libtorch_cuda.so)
frame #8: <unknown function> + 0xe1ae0 (0xe0a830351ae0 in /lib/aarch64-linux-gnu/libstdc++.so.6)
frame #9: <unknown function> + 0x8582c (0xe0a83121582c in /lib/aarch64-linux-gnu/libc.so.6)
frame #10: <unknown function> + 0xeb79c (0xe0a83127b79c in /lib/aarch64-linux-gnu/libc.so.6)

[rank1]:[W910 12:27:58.099983850 ProcessGroupNCCL.cpp:1876] [PG ID 0 PG GUID 0 Rank 1] Failed to check the "should dump" flag on TCPStore, (maybe TCPStore server has shut down too early), with error: Broken pipe
[rank1]:[W910 12:27:59.100659485 TCPStore.cpp:106] [c10d] sendBytes failed on SocketImpl(fd=48, addr=[kiwi.200gb]:54432, remote=[emu.200gb]:29553): Broken pipe
Exception raised from sendBytes at /__w/pytorch/pytorch/torch/csrc/distributed/c10d/Utils.hpp:758 (most recent call first):
frame #0: c10::Error::Error(c10::SourceLocation, std::__cxx11::basic_string<char, std::char_traits<char>, std::allocator<char> >) + 0xc8 (0xe0a77ef9e158 in /usr/local/lib/python3.12/dist-packages/torch/lib/libc10.so)
frame #1: c10::DistError::DistError(c10::SourceLocation, std::__cxx11::basic_string<char, std::char_traits<char>, std::allocator<char> >) + 0x78 (0xe0a77ef9ed48 in /usr/local/lib/python3.12/dist-packages/torch/lib/libc10.so)
frame #2: c10::DistNetworkError::DistNetworkError(c10::SourceLocation, std::__cxx11::basic_string<char, std::char_traits<char>, std::allocator<char> >) + 0x78 (0xe0a77ef9f0c8 in /usr/local/lib/python3.12/dist-packages/torch/lib/libc10.so)
frame #3: <unknown function> + 0x70b77ec (0xe0a79c9077ec in /usr/local/lib/python3.12/dist-packages/torch/lib/libtorch_cpu.so)
frame #4: <unknown function> + 0x70b9aa4 (0xe0a79c909aa4 in /usr/local/lib/python3.12/dist-packages/torch/lib/libtorch_cpu.so)
frame #5: <unknown function> + 0x70b9c18 (0xe0a79c909c18 in /usr/local/lib/python3.12/dist-packages/torch/lib/libtorch_cpu.so)
frame #6: c10d::TCPStore::check(std::vector<std::__cxx11::basic_string<char, std::char_traits<char>, std::allocator<char> >, std::allocator<std::__cxx11::basic_string<char, std::char_traits<char>, std::allocator<char> > > > const&) + 0x23c (0xe0a79c90ab1c in /usr/local/lib/python3.12/dist-packages/torch/lib/libtorch_cpu.so)
frame #7: c10d::ProcessGroupNCCL::HeartbeatMonitor::runLoop() + 0x330 (0xe0a77fee7350 in /usr/local/lib/python3.12/dist-packages/torch/lib/libtorch_cuda.so)
frame #8: <unknown function> + 0xe1ae0 (0xe0a830351ae0 in /lib/aarch64-linux-gnu/libstdc++.so.6)
frame #9: <unknown function> + 0x8582c (0xe0a83121582c in /lib/aarch64-linux-gnu/libc.so.6)
frame #10: <unknown function> + 0xeb79c (0xe0a83127b79c in /lib/aarch64-linux-gnu/libc.so.6)

[rank1]:[W910 12:27:59.103367969 ProcessGroupNCCL.cpp:1876] [PG ID 0 PG GUID 0 Rank 1] Failed to check the "should dump" flag on TCPStore, (maybe TCPStore server has shut down too early), with error: Broken pipe
[rank1]:[W910 12:28:00.104223585 TCPStore.cpp:106] [c10d] sendBytes failed on SocketImpl(fd=48, addr=[kiwi.200gb]:54432, remote=[emu.200gb]:29553): Broken pipe
Exception raised from sendBytes at /__w/pytorch/pytorch/torch/csrc/distributed/c10d/Utils.hpp:758 (most recent call first):
frame #0: c10::Error::Error(c10::SourceLocation, std::__cxx11::basic_string<char, std::char_traits<char>, std::allocator<char> >) + 0xc8 (0xe0a77ef9e158 in /usr/local/lib/python3.12/dist-packages/torch/lib/libc10.so)
frame #1: c10::DistError::DistError(c10::SourceLocation, std::__cxx11::basic_string<char, std::char_traits<char>, std::allocator<char> >) + 0x78 (0xe0a77ef9ed48 in /usr/local/lib/python3.12/dist-packages/torch/lib/libc10.so)
frame #2: c10::DistNetworkError::DistNetworkError(c10::SourceLocation, std::__cxx11::basic_string<char, std::char_traits<char>, std::allocator<char> >) + 0x78 (0xe0a77ef9f0c8 in /usr/local/lib/python3.12/dist-packages/torch/lib/libc10.so)
frame #3: <unknown function> + 0x70b77ec (0xe0a79c9077ec in /usr/local/lib/python3.12/dist-packages/torch/lib/libtorch_cpu.so)
frame #4: <unknown function> + 0x70b9aa4 (0xe0a79c909aa4 in /usr/local/lib/python3.12/dist-packages/torch/lib/libtorch_cpu.so)
frame #5: <unknown function> + 0x70b9c18 (0xe0a79c909c18 in /usr/local/lib/python3.12/dist-packages/torch/lib/libtorch_cpu.so)
frame #6: c10d::TCPStore::check(std::vector<std::__cxx11::basic_string<char, std::char_traits<char>, std::allocator<char> >, std::allocator<std::__cxx11::basic_string<char, std::char_traits<char>, std::allocator<char> > > > const&) + 0x23c (0xe0a79c90ab1c in /usr/local/lib/python3.12/dist-packages/torch/lib/libtorch_cpu.so)
frame #7: c10d::ProcessGroupNCCL::HeartbeatMonitor::runLoop() + 0x330 (0xe0a77fee7350 in /usr/local/lib/python3.12/dist-packages/torch/lib/libtorch_cuda.so)
frame #8: <unknown function> + 0xe1ae0 (0xe0a830351ae0 in /lib/aarch64-linux-gnu/libstdc++.so.6)
frame #9: <unknown function> + 0x8582c (0xe0a83121582c in /lib/aarch64-linux-gnu/libc.so.6)
frame #10: <unknown function> + 0xeb79c (0xe0a83127b79c in /lib/aarch64-linux-gnu/libc.so.6)

[rank1]:[W910 12:28:00.106992374 ProcessGroupNCCL.cpp:1876] [PG ID 0 PG GUID 0 Rank 1] Failed to check the "should dump" flag on TCPStore, (maybe TCPStore server has shut down too early), with error: Broken pipe
[rank1]:[W910 12:28:01.107870019 TCPStore.cpp:106] [c10d] sendBytes failed on SocketImpl(fd=48, addr=[kiwi.200gb]:54432, remote=[emu.200gb]:29553): Broken pipe
Exception raised from sendBytes at /__w/pytorch/pytorch/torch/csrc/distributed/c10d/Utils.hpp:758 (most recent call first):
frame #0: c10::Error::Error(c10::SourceLocation, std::__cxx11::basic_string<char, std::char_traits<char>, std::allocator<char> >) + 0xc8 (0xe0a77ef9e158 in /usr/local/lib/python3.12/dist-packages/torch/lib/libc10.so)
frame #1: c10::DistError::DistError(c10::SourceLocation, std::__cxx11::basic_string<char, std::char_traits<char>, std::allocator<char> >) + 0x78 (0xe0a77ef9ed48 in /usr/local/lib/python3.12/dist-packages/torch/lib/libc10.so)
frame #2: c10::DistNetworkError::DistNetworkError(c10::SourceLocation, std::__cxx11::basic_string<char, std::char_traits<char>, std::allocator<char> >) + 0x78 (0xe0a77ef9f0c8 in /usr/local/lib/python3.12/dist-packages/torch/lib/libc10.so)
frame #3: <unknown function> + 0x70b77ec (0xe0a79c9077ec in /usr/local/lib/python3.12/dist-packages/torch/lib/libtorch_cpu.so)
frame #4: <unknown function> + 0x70b9aa4 (0xe0a79c909aa4 in /usr/local/lib/python3.12/dist-packages/torch/lib/libtorch_cpu.so)
frame #5: <unknown function> + 0x70b9c18 (0xe0a79c909c18 in /usr/local/lib/python3.12/dist-packages/torch/lib/libtorch_cpu.so)
frame #6: c10d::TCPStore::check(std::vector<std::__cxx11::basic_string<char, std::char_traits<char>, std::allocator<char> >, std::allocator<std::__cxx11::basic_string<char, std::char_traits<char>, std::allocator<char> > > > const&) + 0x23c (0xe0a79c90ab1c in /usr/local/lib/python3.12/dist-packages/torch/lib/libtorch_cpu.so)
frame #7: c10d::ProcessGroupNCCL::HeartbeatMonitor::runLoop() + 0x330 (0xe0a77fee7350 in /usr/local/lib/python3.12/dist-packages/torch/lib/libtorch_cuda.so)
frame #8: <unknown function> + 0xe1ae0 (0xe0a830351ae0 in /lib/aarch64-linux-gnu/libstdc++.so.6)
frame #9: <unknown function> + 0x8582c (0xe0a83121582c in /lib/aarch64-linux-gnu/libc.so.6)
frame #10: <unknown function> + 0xeb79c (0xe0a83127b79c in /lib/aarch64-linux-gnu/libc.so.6)

[rank1]:[W910 12:28:02.111129049 ProcessGroupNCCL.cpp:1876] [PG ID 0 PG GUID 0 Rank 1] Failed to check the "should dump" flag on TCPStore, (maybe TCPStore server has shut down too early), with error: Broken pipe
[rank1]:[W910 12:28:03.111507699 TCPStore.cpp:106] [c10d] sendBytes failed on SocketImpl(fd=48, addr=[kiwi.200gb]:54432, remote=[emu.200gb]:29553): Broken pipe
Exception raised from sendBytes at /__w/pytorch/pytorch/torch/csrc/distributed/c10d/Utils.hpp:758 (most recent call first):
frame #0: c10::Error::Error(c10::SourceLocation, std::__cxx11::basic_string<char, std::char_traits<char>, std::allocator<char> >) + 0xc8 (0xe0a77ef9e158 in /usr/local/lib/python3.12/dist-packages/torch/lib/libc10.so)
frame #1: c10::DistError::DistError(c10::SourceLocation, std::__cxx11::basic_string<char, std::char_traits<char>, std::allocator<char> >) + 0x78 (0xe0a77ef9ed48 in /usr/local/lib/python3.12/dist-packages/torch/lib/libc10.so)
frame #2: c10::DistNetworkError::DistNetworkError(c10::SourceLocation, std::__cxx11::basic_string<char, std::char_traits<char>, std::allocator<char> >) + 0x78 (0xe0a77ef9f0c8 in /usr/local/lib/python3.12/dist-packages/torch/lib/libc10.so)
frame #3: <unknown function> + 0x70b77ec (0xe0a79c9077ec in /usr/local/lib/python3.12/dist-packages/torch/lib/libtorch_cpu.so)
frame #4: <unknown function> + 0x70b9aa4 (0xe0a79c909aa4 in /usr/local/lib/python3.12/dist-packages/torch/lib/libtorch_cpu.so)
frame #5: <unknown function> + 0x70b9c18 (0xe0a79c909c18 in /usr/local/lib/python3.12/dist-packages/torch/lib/libtorch_cpu.so)
frame #6: c10d::TCPStore::check(std::vector<std::__cxx11::basic_string<char, std::char_traits<char>, std::allocator<char> >, std::allocator<std::__cxx11::basic_string<char, std::char_traits<char>, std::allocator<char> > > > const&) + 0x23c (0xe0a79c90ab1c in /usr/local/lib/python3.12/dist-packages/torch/lib/libtorch_cpu.so)
frame #7: c10d::ProcessGroupNCCL::HeartbeatMonitor::runLoop() + 0x330 (0xe0a77fee7350 in /usr/local/lib/python3.12/dist-packages/torch/lib/libtorch_cuda.so)
frame #8: <unknown function> + 0xe1ae0 (0xe0a830351ae0 in /lib/aarch64-linux-gnu/libstdc++.so.6)
frame #9: <unknown function> + 0x8582c (0xe0a83121582c in /lib/aarch64-linux-gnu/libc.so.6)
frame #10: <unknown function> + 0xeb79c (0xe0a83127b79c in /lib/aarch64-linux-gnu/libc.so.6)

[rank1]:[W910 12:28:03.114430744 ProcessGroupNCCL.cpp:1876] [PG ID 0 PG GUID 0 Rank 1] Failed to check the "should dump" flag on TCPStore, (maybe TCPStore server has shut down too early), with error: Broken pipe
[rank1]:[W910 12:28:04.115064065 TCPStore.cpp:106] [c10d] sendBytes failed on SocketImpl(fd=48, addr=[kiwi.200gb]:54432, remote=[emu.200gb]:29553): Broken pipe
Exception raised from sendBytes at /__w/pytorch/pytorch/torch/csrc/distributed/c10d/Utils.hpp:758 (most recent call first):
frame #0: c10::Error::Error(c10::SourceLocation, std::__cxx11::basic_string<char, std::char_traits<char>, std::allocator<char> >) + 0xc8 (0xe0a77ef9e158 in /usr/local/lib/python3.12/dist-packages/torch/lib/libc10.so)
frame #1: c10::DistError::DistError(c10::SourceLocation, std::__cxx11::basic_string<char, std::char_traits<char>, std::allocator<char> >) + 0x78 (0xe0a77ef9ed48 in /usr/local/lib/python3.12/dist-packages/torch/lib/libc10.so)
frame #2: c10::DistNetworkError::DistNetworkError(c10::SourceLocation, std::__cxx11::basic_string<char, std::char_traits<char>, std::allocator<char> >) + 0x78 (0xe0a77ef9f0c8 in /usr/local/lib/python3.12/dist-packages/torch/lib/libc10.so)
frame #3: <unknown function> + 0x70b77ec (0xe0a79c9077ec in /usr/local/lib/python3.12/dist-packages/torch/lib/libtorch_cpu.so)
frame #4: <unknown function> + 0x70b9aa4 (0xe0a79c909aa4 in /usr/local/lib/python3.12/dist-packages/torch/lib/libtorch_cpu.so)
frame #5: <unknown function> + 0x70b9c18 (0xe0a79c909c18 in /usr/local/lib/python3.12/dist-packages/torch/lib/libtorch_cpu.so)
frame #6: c10d::TCPStore::check(std::vector<std::__cxx11::basic_string<char, std::char_traits<char>, std::allocator<char> >, std::allocator<std::__cxx11::basic_string<char, std::char_traits<char>, std::allocator<char> > > > const&) + 0x23c (0xe0a79c90ab1c in /usr/local/lib/python3.12/dist-packages/torch/lib/libtorch_cpu.so)
frame #7: c10d::ProcessGroupNCCL::HeartbeatMonitor::runLoop() + 0x330 (0xe0a77fee7350 in /usr/local/lib/python3.12/dist-packages/torch/lib/libtorch_cuda.so)
frame #8: <unknown function> + 0xe1ae0 (0xe0a830351ae0 in /lib/aarch64-linux-gnu/libstdc++.so.6)
frame #9: <unknown function> + 0x8582c (0xe0a83121582c in /lib/aarch64-linux-gnu/libc.so.6)
frame #10: <unknown function> + 0xeb79c (0xe0a83127b79c in /lib/aarch64-linux-gnu/libc.so.6)

[rank1]:[W910 12:28:04.117759830 ProcessGroupNCCL.cpp:1876] [PG ID 0 PG GUID 0 Rank 1] Failed to check the "should dump" flag on TCPStore, (maybe TCPStore server has shut down too early), with error: Broken pipe
[rank1]:[W910 12:28:05.118584876 TCPStore.cpp:106] [c10d] sendBytes failed on SocketImpl(fd=48, addr=[kiwi.200gb]:54432, remote=[emu.200gb]:29553): Broken pipe
Exception raised from sendBytes at /__w/pytorch/pytorch/torch/csrc/distributed/c10d/Utils.hpp:758 (most recent call first):
frame #0: c10::Error::Error(c10::SourceLocation, std::__cxx11::basic_string<char, std::char_traits<char>, std::allocator<char> >) + 0xc8 (0xe0a77ef9e158 in /usr/local/lib/python3.12/dist-packages/torch/lib/libc10.so)
frame #1: c10::DistError::DistError(c10::SourceLocation, std::__cxx11::basic_string<char, std::char_traits<char>, std::allocator<char> >) + 0x78 (0xe0a77ef9ed48 in /usr/local/lib/python3.12/dist-packages/torch/lib/libc10.so)
frame #2: c10::DistNetworkError::DistNetworkError(c10::SourceLocation, std::__cxx11::basic_string<char, std::char_traits<char>, std::allocator<char> >) + 0x78 (0xe0a77ef9f0c8 in /usr/local/lib/python3.12/dist-packages/torch/lib/libc10.so)
frame #3: <unknown function> + 0x70b77ec (0xe0a79c9077ec in /usr/local/lib/python3.12/dist-packages/torch/lib/libtorch_cpu.so)
frame #4: <unknown function> + 0x70b9aa4 (0xe0a79c909aa4 in /usr/local/lib/python3.12/dist-packages/torch/lib/libtorch_cpu.so)
frame #5: <unknown function> + 0x70b9c18 (0xe0a79c909c18 in /usr/local/lib/python3.12/dist-packages/torch/lib/libtorch_cpu.so)
frame #6: c10d::TCPStore::check(std::vector<std::__cxx11::basic_string<char, std::char_traits<char>, std::allocator<char> >, std::allocator<std::__cxx11::basic_string<char, std::char_traits<char>, std::allocator<char> > > > const&) + 0x23c (0xe0a79c90ab1c in /usr/local/lib/python3.12/dist-packages/torch/lib/libtorch_cpu.so)
frame #7: c10d::ProcessGroupNCCL::HeartbeatMonitor::runLoop() + 0x330 (0xe0a77fee7350 in /usr/local/lib/python3.12/dist-packages/torch/lib/libtorch_cuda.so)
frame #8: <unknown function> + 0xe1ae0 (0xe0a830351ae0 in /lib/aarch64-linux-gnu/libstdc++.so.6)
frame #9: <unknown function> + 0x8582c (0xe0a83121582c in /lib/aarch64-linux-gnu/libc.so.6)
frame #10: <unknown function> + 0xeb79c (0xe0a83127b79c in /lib/aarch64-linux-gnu/libc.so.6)

[rank1]:[W910 12:28:05.121653458 ProcessGroupNCCL.cpp:1876] [PG ID 0 PG GUID 0 Rank 1] Failed to check the "should dump" flag on TCPStore, (maybe TCPStore server has shut down too early), with error: Broken pipe
[rank1]:[W910 12:28:06.122514358 TCPStore.cpp:106] [c10d] sendBytes failed on SocketImpl(fd=48, addr=[kiwi.200gb]:54432, remote=[emu.200gb]:29553): Broken pipe
Exception raised from sendBytes at /__w/pytorch/pytorch/torch/csrc/distributed/c10d/Utils.hpp:758 (most recent call first):
frame #0: c10::Error::Error(c10::SourceLocation, std::__cxx11::basic_string<char, std::char_traits<char>, std::allocator<char> >) + 0xc8 (0xe0a77ef9e158 in /usr/local/lib/python3.12/dist-packages/torch/lib/libc10.so)
frame #1: c10::DistError::DistError(c10::SourceLocation, std::__cxx11::basic_string<char, std::char_traits<char>, std::allocator<char> >) + 0x78 (0xe0a77ef9ed48 in /usr/local/lib/python3.12/dist-packages/torch/lib/libc10.so)
frame #2: c10::DistNetworkError::DistNetworkError(c10::SourceLocation, std::__cxx11::basic_string<char, std::char_traits<char>, std::allocator<char> >) + 0x78 (0xe0a77ef9f0c8 in /usr/local/lib/python3.12/dist-packages/torch/lib/libc10.so)
frame #3: <unknown function> + 0x70b77ec (0xe0a79c9077ec in /usr/local/lib/python3.12/dist-packages/torch/lib/libtorch_cpu.so)
frame #4: <unknown function> + 0x70b9aa4 (0xe0a79c909aa4 in /usr/local/lib/python3.12/dist-packages/torch/lib/libtorch_cpu.so)
frame #5: <unknown function> + 0x70b9c18 (0xe0a79c909c18 in /usr/local/lib/python3.12/dist-packages/torch/lib/libtorch_cpu.so)
frame #6: c10d::TCPStore::check(std::vector<std::__cxx11::basic_string<char, std::char_traits<char>, std::allocator<char> >, std::allocator<std::__cxx11::basic_string<char, std::char_traits<char>, std::allocator<char> > > > const&) + 0x23c (0xe0a79c90ab1c in /usr/local/lib/python3.12/dist-packages/torch/lib/libtorch_cpu.so)
frame #7: c10d::ProcessGroupNCCL::HeartbeatMonitor::runLoop() + 0x330 (0xe0a77fee7350 in /usr/local/lib/python3.12/dist-packages/torch/lib/libtorch_cuda.so)
frame #8: <unknown function> + 0xe1ae0 (0xe0a830351ae0 in /lib/aarch64-linux-gnu/libstdc++.so.6)
frame #9: <unknown function> + 0x8582c (0xe0a83121582c in /lib/aarch64-linux-gnu/libc.so.6)
frame #10: <unknown function> + 0xeb79c (0xe0a83127b79c in /lib/aarch64-linux-gnu/libc.so.6)

[rank1]:[W910 12:28:06.126015340 ProcessGroupNCCL.cpp:1876] [PG ID 0 PG GUID 0 Rank 1] Failed to check the "should dump" flag on TCPStore, (maybe TCPStore server has shut down too early), with error: Broken pipe
[rank1]:[W910 12:28:07.126615374 TCPStore.cpp:106] [c10d] sendBytes failed on SocketImpl(fd=48, addr=[kiwi.200gb]:54432, remote=[emu.200gb]:29553): Broken pipe
Exception raised from sendBytes at /__w/pytorch/pytorch/torch/csrc/distributed/c10d/Utils.hpp:758 (most recent call first):
frame #0: c10::Error::Error(c10::SourceLocation, std::__cxx11::basic_string<char, std::char_traits<char>, std::allocator<char> >) + 0xc8 (0xe0a77ef9e158 in /usr/local/lib/python3.12/dist-packages/torch/lib/libc10.so)
frame #1: c10::DistError::DistError(c10::SourceLocation, std::__cxx11::basic_string<char, std::char_traits<char>, std::allocator<char> >) + 0x78 (0xe0a77ef9ed48 in /usr/local/lib/python3.12/dist-packages/torch/lib/libc10.so)
frame #2: c10::DistNetworkError::DistNetworkError(c10::SourceLocation, std::__cxx11::basic_string<char, std::char_traits<char>, std::allocator<char> >) + 0x78 (0xe0a77ef9f0c8 in /usr/local/lib/python3.12/dist-packages/torch/lib/libc10.so)
frame #3: <unknown function> + 0x70b77ec (0xe0a79c9077ec in /usr/local/lib/python3.12/dist-packages/torch/lib/libtorch_cpu.so)
frame #4: <unknown function> + 0x70b9aa4 (0xe0a79c909aa4 in /usr/local/lib/python3.12/dist-packages/torch/lib/libtorch_cpu.so)
frame #5: <unknown function> + 0x70b9c18 (0xe0a79c909c18 in /usr/local/lib/python3.12/dist-packages/torch/lib/libtorch_cpu.so)
frame #6: c10d::TCPStore::check(std::vector<std::__cxx11::basic_string<char, std::char_traits<char>, std::allocator<char> >, std::allocator<std::__cxx11::basic_string<char, std::char_traits<char>, std::allocator<char> > > > const&) + 0x23c (0xe0a79c90ab1c in /usr/local/lib/python3.12/dist-packages/torch/lib/libtorch_cpu.so)
frame #7: c10d::ProcessGroupNCCL::HeartbeatMonitor::runLoop() + 0x330 (0xe0a77fee7350 in /usr/local/lib/python3.12/dist-packages/torch/lib/libtorch_cuda.so)
frame #8: <unknown function> + 0xe1ae0 (0xe0a830351ae0 in /lib/aarch64-linux-gnu/libstdc++.so.6)
frame #9: <unknown function> + 0x8582c (0xe0a83121582c in /lib/aarch64-linux-gnu/libc.so.6)
frame #10: <unknown function> + 0xeb79c (0xe0a83127b79c in /lib/aarch64-linux-gnu/libc.so.6)

[rank1]:[W910 12:28:07.129236818 ProcessGroupNCCL.cpp:1876] [PG ID 0 PG GUID 0 Rank 1] Failed to check the "should dump" flag on TCPStore, (maybe TCPStore server has shut down too early), with error: Broken pipe
[rank1]:[W910 12:28:08.129865345 TCPStore.cpp:106] [c10d] sendBytes failed on SocketImpl(fd=48, addr=[kiwi.200gb]:54432, remote=[emu.200gb]:29553): Broken pipe
Exception raised from sendBytes at /__w/pytorch/pytorch/torch/csrc/distributed/c10d/Utils.hpp:758 (most recent call first):
frame #0: c10::Error::Error(c10::SourceLocation, std::__cxx11::basic_string<char, std::char_traits<char>, std::allocator<char> >) + 0xc8 (0xe0a77ef9e158 in /usr/local/lib/python3.12/dist-packages/torch/lib/libc10.so)
frame #1: c10::DistError::DistError(c10::SourceLocation, std::__cxx11::basic_string<char, std::char_traits<char>, std::allocator<char> >) + 0x78 (0xe0a77ef9ed48 in /usr/local/lib/python3.12/dist-packages/torch/lib/libc10.so)
frame #2: c10::DistNetworkError::DistNetworkError(c10::SourceLocation, std::__cxx11::basic_string<char, std::char_traits<char>, std::allocator<char> >) + 0x78 (0xe0a77ef9f0c8 in /usr/local/lib/python3.12/dist-packages/torch/lib/libc10.so)
frame #3: <unknown function> + 0x70b77ec (0xe0a79c9077ec in /usr/local/lib/python3.12/dist-packages/torch/lib/libtorch_cpu.so)
frame #4: <unknown function> + 0x70b9aa4 (0xe0a79c909aa4 in /usr/local/lib/python3.12/dist-packages/torch/lib/libtorch_cpu.so)
frame #5: <unknown function> + 0x70b9c18 (0xe0a79c909c18 in /usr/local/lib/python3.12/dist-packages/torch/lib/libtorch_cpu.so)
frame #6: c10d::TCPStore::check(std::vector<std::__cxx11::basic_string<char, std::char_traits<char>, std::allocator<char> >, std::allocator<std::__cxx11::basic_string<char, std::char_traits<char>, std::allocator<char> > > > const&) + 0x23c (0xe0a79c90ab1c in /usr/local/lib/python3.12/dist-packages/torch/lib/libtorch_cpu.so)
frame #7: c10d::ProcessGroupNCCL::HeartbeatMonitor::runLoop() + 0x330 (0xe0a77fee7350 in /usr/local/lib/python3.12/dist-packages/torch/lib/libtorch_cuda.so)
frame #8: <unknown function> + 0xe1ae0 (0xe0a830351ae0 in /lib/aarch64-linux-gnu/libstdc++.so.6)
frame #9: <unknown function> + 0x8582c (0xe0a83121582c in /lib/aarch64-linux-gnu/libc.so.6)
frame #10: <unknown function> + 0xeb79c (0xe0a83127b79c in /lib/aarch64-linux-gnu/libc.so.6)

[rank1]:[W910 12:28:08.132545061 ProcessGroupNCCL.cpp:1876] [PG ID 0 PG GUID 0 Rank 1] Failed to check the "should dump" flag on TCPStore, (maybe TCPStore server has shut down too early), with error: Broken pipe
[rank1]:[W910 12:28:09.133447219 TCPStore.cpp:106] [c10d] sendBytes failed on SocketImpl(fd=48, addr=[kiwi.200gb]:54432, remote=[emu.200gb]:29553): Broken pipe
Exception raised from sendBytes at /__w/pytorch/pytorch/torch/csrc/distributed/c10d/Utils.hpp:758 (most recent call first):
frame #0: c10::Error::Error(c10::SourceLocation, std::__cxx11::basic_string<char, std::char_traits<char>, std::allocator<char> >) + 0xc8 (0xe0a77ef9e158 in /usr/local/lib/python3.12/dist-packages/torch/lib/libc10.so)
frame #1: c10::DistError::DistError(c10::SourceLocation, std::__cxx11::basic_string<char, std::char_traits<char>, std::allocator<char> >) + 0x78 (0xe0a77ef9ed48 in /usr/local/lib/python3.12/dist-packages/torch/lib/libc10.so)
frame #2: c10::DistNetworkError::DistNetworkError(c10::SourceLocation, std::__cxx11::basic_string<char, std::char_traits<char>, std::allocator<char> >) + 0x78 (0xe0a77ef9f0c8 in /usr/local/lib/python3.12/dist-packages/torch/lib/libc10.so)
frame #3: <unknown function> + 0x70b77ec (0xe0a79c9077ec in /usr/local/lib/python3.12/dist-packages/torch/lib/libtorch_cpu.so)
frame #4: <unknown function> + 0x70b9aa4 (0xe0a79c909aa4 in /usr/local/lib/python3.12/dist-packages/torch/lib/libtorch_cpu.so)
frame #5: <unknown function> + 0x70b9c18 (0xe0a79c909c18 in /usr/local/lib/python3.12/dist-packages/torch/lib/libtorch_cpu.so)
frame #6: c10d::TCPStore::check(std::vector<std::__cxx11::basic_string<char, std::char_traits<char>, std::allocator<char> >, std::allocator<std::__cxx11::basic_string<char, std::char_traits<char>, std::allocator<char> > > > const&) + 0x23c (0xe0a79c90ab1c in /usr/local/lib/python3.12/dist-packages/torch/lib/libtorch_cpu.so)
frame #7: c10d::ProcessGroupNCCL::HeartbeatMonitor::runLoop() + 0x330 (0xe0a77fee7350 in /usr/local/lib/python3.12/dist-packages/torch/lib/libtorch_cuda.so)
frame #8: <unknown function> + 0xe1ae0 (0xe0a830351ae0 in /lib/aarch64-linux-gnu/libstdc++.so.6)
frame #9: <unknown function> + 0x8582c (0xe0a83121582c in /lib/aarch64-linux-gnu/libc.so.6)
frame #10: <unknown function> + 0xeb79c (0xe0a83127b79c in /lib/aarch64-linux-gnu/libc.so.6)

[rank1]:[W910 12:28:09.136440793 ProcessGroupNCCL.cpp:1876] [PG ID 0 PG GUID 0 Rank 1] Failed to check the "should dump" flag on TCPStore, (maybe TCPStore server has shut down too early), with error: Broken pipe
[rank1]:[W910 12:28:10.137295413 TCPStore.cpp:106] [c10d] sendBytes failed on SocketImpl(fd=48, addr=[kiwi.200gb]:54432, remote=[emu.200gb]:29553): Broken pipe
Exception raised from sendBytes at /__w/pytorch/pytorch/torch/csrc/distributed/c10d/Utils.hpp:758 (most recent call first):
frame #0: c10::Error::Error(c10::SourceLocation, std::__cxx11::basic_string<char, std::char_traits<char>, std::allocator<char> >) + 0xc8 (0xe0a77ef9e158 in /usr/local/lib/python3.12/dist-packages/torch/lib/libc10.so)
frame #1: c10::DistError::DistError(c10::SourceLocation, std::__cxx11::basic_string<char, std::char_traits<char>, std::allocator<char> >) + 0x78 (0xe0a77ef9ed48 in /usr/local/lib/python3.12/dist-packages/torch/lib/libc10.so)
frame #2: c10::DistNetworkError::DistNetworkError(c10::SourceLocation, std::__cxx11::basic_string<char, std::char_traits<char>, std::allocator<char> >) + 0x78 (0xe0a77ef9f0c8 in /usr/local/lib/python3.12/dist-packages/torch/lib/libc10.so)
frame #3: <unknown function> + 0x70b77ec (0xe0a79c9077ec in /usr/local/lib/python3.12/dist-packages/torch/lib/libtorch_cpu.so)
frame #4: <unknown function> + 0x70b9aa4 (0xe0a79c909aa4 in /usr/local/lib/python3.12/dist-packages/torch/lib/libtorch_cpu.so)
frame #5: <unknown function> + 0x70b9c18 (0xe0a79c909c18 in /usr/local/lib/python3.12/dist-packages/torch/lib/libtorch_cpu.so)
frame #6: c10d::TCPStore::check(std::vector<std::__cxx11::basic_string<char, std::char_traits<char>, std::allocator<char> >, std::allocator<std::__cxx11::basic_string<char, std::char_traits<char>, std::allocator<char> > > > const&) + 0x23c (0xe0a79c90ab1c in /usr/local/lib/python3.12/dist-packages/torch/lib/libtorch_cpu.so)
frame #7: c10d::ProcessGroupNCCL::HeartbeatMonitor::runLoop() + 0x330 (0xe0a77fee7350 in /usr/local/lib/python3.12/dist-packages/torch/lib/libtorch_cuda.so)
frame #8: <unknown function> + 0xe1ae0 (0xe0a830351ae0 in /lib/aarch64-linux-gnu/libstdc++.so.6)
frame #9: <unknown function> + 0x8582c (0xe0a83121582c in /lib/aarch64-linux-gnu/libc.so.6)
frame #10: <unknown function> + 0xeb79c (0xe0a83127b79c in /lib/aarch64-linux-gnu/libc.so.6)

[rank1]:[W910 12:28:10.140510698 ProcessGroupNCCL.cpp:1876] [PG ID 0 PG GUID 0 Rank 1] Failed to check the "should dump" flag on TCPStore, (maybe TCPStore server has shut down too early), with error: Broken pipe
[rank1]:[W910 12:28:11.140999715 TCPStore.cpp:106] [c10d] sendBytes failed on SocketImpl(fd=48, addr=[kiwi.200gb]:54432, remote=[emu.200gb]:29553): Broken pipe
Exception raised from sendBytes at /__w/pytorch/pytorch/torch/csrc/distributed/c10d/Utils.hpp:758 (most recent call first):
frame #0: c10::Error::Error(c10::SourceLocation, std::__cxx11::basic_string<char, std::char_traits<char>, std::allocator<char> >) + 0xc8 (0xe0a77ef9e158 in /usr/local/lib/python3.12/dist-packages/torch/lib/libc10.so)
frame #1: c10::DistError::DistError(c10::SourceLocation, std::__cxx11::basic_string<char, std::char_traits<char>, std::allocator<char> >) + 0x78 (0xe0a77ef9ed48 in /usr/local/lib/python3.12/dist-packages/torch/lib/libc10.so)
frame #2: c10::DistNetworkError::DistNetworkError(c10::SourceLocation, std::__cxx11::basic_string<char, std::char_traits<char>, std::allocator<char> >) + 0x78 (0xe0a77ef9f0c8 in /usr/local/lib/python3.12/dist-packages/torch/lib/libc10.so)
frame #3: <unknown function> + 0x70b77ec (0xe0a79c9077ec in /usr/local/lib/python3.12/dist-packages/torch/lib/libtorch_cpu.so)
frame #4: <unknown function> + 0x70b9aa4 (0xe0a79c909aa4 in /usr/local/lib/python3.12/dist-packages/torch/lib/libtorch_cpu.so)
frame #5: <unknown function> + 0x70b9c18 (0xe0a79c909c18 in /usr/local/lib/python3.12/dist-packages/torch/lib/libtorch_cpu.so)
frame #6: c10d::TCPStore::check(std::vector<std::__cxx11::basic_string<char, std::char_traits<char>, std::allocator<char> >, std::allocator<std::__cxx11::basic_string<char, std::char_traits<char>, std::allocator<char> > > > const&) + 0x23c (0xe0a79c90ab1c in /usr/local/lib/python3.12/dist-packages/torch/lib/libtorch_cpu.so)
frame #7: c10d::ProcessGroupNCCL::HeartbeatMonitor::runLoop() + 0x330 (0xe0a77fee7350 in /usr/local/lib/python3.12/dist-packages/torch/lib/libtorch_cuda.so)
frame #8: <unknown function> + 0xe1ae0 (0xe0a830351ae0 in /lib/aarch64-linux-gnu/libstdc++.so.6)
frame #9: <unknown function> + 0x8582c (0xe0a83121582c in /lib/aarch64-linux-gnu/libc.so.6)
frame #10: <unknown function> + 0xeb79c (0xe0a83127b79c in /lib/aarch64-linux-gnu/libc.so.6)

[rank1]:[W910 12:28:11.143907160 ProcessGroupNCCL.cpp:1876] [PG ID 0 PG GUID 0 Rank 1] Failed to check the "should dump" flag on TCPStore, (maybe TCPStore server has shut down too early), with error: Broken pipe
[rank1]:[W910 12:28:12.144735343 TCPStore.cpp:106] [c10d] sendBytes failed on SocketImpl(fd=48, addr=[kiwi.200gb]:54432, remote=[emu.200gb]:29553): Broken pipe
Exception raised from sendBytes at /__w/pytorch/pytorch/torch/csrc/distributed/c10d/Utils.hpp:758 (most recent call first):
frame #0: c10::Error::Error(c10::SourceLocation, std::__cxx11::basic_string<char, std::char_traits<char>, std::allocator<char> >) + 0xc8 (0xe0a77ef9e158 in /usr/local/lib/python3.12/dist-packages/torch/lib/libc10.so)
frame #1: c10::DistError::DistError(c10::SourceLocation, std::__cxx11::basic_string<char, std::char_traits<char>, std::allocator<char> >) + 0x78 (0xe0a77ef9ed48 in /usr/local/lib/python3.12/dist-packages/torch/lib/libc10.so)
frame #2: c10::DistNetworkError::DistNetworkError(c10::SourceLocation, std::__cxx11::basic_string<char, std::char_traits<char>, std::allocator<char> >) + 0x78 (0xe0a77ef9f0c8 in /usr/local/lib/python3.12/dist-packages/torch/lib/libc10.so)
frame #3: <unknown function> + 0x70b77ec (0xe0a79c9077ec in /usr/local/lib/python3.12/dist-packages/torch/lib/libtorch_cpu.so)
frame #4: <unknown function> + 0x70b9aa4 (0xe0a79c909aa4 in /usr/local/lib/python3.12/dist-packages/torch/lib/libtorch_cpu.so)
frame #5: <unknown function> + 0x70b9c18 (0xe0a79c909c18 in /usr/local/lib/python3.12/dist-packages/torch/lib/libtorch_cpu.so)
frame #6: c10d::TCPStore::check(std::vector<std::__cxx11::basic_string<char, std::char_traits<char>, std::allocator<char> >, std::allocator<std::__cxx11::basic_string<char, std::char_traits<char>, std::allocator<char> > > > const&) + 0x23c (0xe0a79c90ab1c in /usr/local/lib/python3.12/dist-packages/torch/lib/libtorch_cpu.so)
frame #7: c10d::ProcessGroupNCCL::HeartbeatMonitor::runLoop() + 0x330 (0xe0a77fee7350 in /usr/local/lib/python3.12/dist-packages/torch/lib/libtorch_cuda.so)
frame #8: <unknown function> + 0xe1ae0 (0xe0a830351ae0 in /lib/aarch64-linux-gnu/libstdc++.so.6)
frame #9: <unknown function> + 0x8582c (0xe0a83121582c in /lib/aarch64-linux-gnu/libc.so.6)
frame #10: <unknown function> + 0xeb79c (0xe0a83127b79c in /lib/aarch64-linux-gnu/libc.so.6)

[rank1]:[W910 12:28:12.148056485 ProcessGroupNCCL.cpp:1876] [PG ID 0 PG GUID 0 Rank 1] Failed to check the "should dump" flag on TCPStore, (maybe TCPStore server has shut down too early), with error: Broken pipe
[rank1]:[W910 12:28:13.148923658 TCPStore.cpp:106] [c10d] sendBytes failed on SocketImpl(fd=48, addr=[kiwi.200gb]:54432, remote=[emu.200gb]:29553): Broken pipe
Exception raised from sendBytes at /__w/pytorch/pytorch/torch/csrc/distributed/c10d/Utils.hpp:758 (most recent call first):
frame #0: c10::Error::Error(c10::SourceLocation, std::__cxx11::basic_string<char, std::char_traits<char>, std::allocator<char> >) + 0xc8 (0xe0a77ef9e158 in /usr/local/lib/python3.12/dist-packages/torch/lib/libc10.so)
frame #1: c10::DistError::DistError(c10::SourceLocation, std::__cxx11::basic_string<char, std::char_traits<char>, std::allocator<char> >) + 0x78 (0xe0a77ef9ed48 in /usr/local/lib/python3.12/dist-packages/torch/lib/libc10.so)
frame #2: c10::DistNetworkError::DistNetworkError(c10::SourceLocation, std::__cxx11::basic_string<char, std::char_traits<char>, std::allocator<char> >) + 0x78 (0xe0a77ef9f0c8 in /usr/local/lib/python3.12/dist-packages/torch/lib/libc10.so)
frame #3: <unknown function> + 0x70b77ec (0xe0a79c9077ec in /usr/local/lib/python3.12/dist-packages/torch/lib/libtorch_cpu.so)
frame #4: <unknown function> + 0x70b9aa4 (0xe0a79c909aa4 in /usr/local/lib/python3.12/dist-packages/torch/lib/libtorch_cpu.so)
frame #5: <unknown function> + 0x70b9c18 (0xe0a79c909c18 in /usr/local/lib/python3.12/dist-packages/torch/lib/libtorch_cpu.so)
frame #6: c10d::TCPStore::check(std::vector<std::__cxx11::basic_string<char, std::char_traits<char>, std::allocator<char> >, std::allocator<std::__cxx11::basic_string<char, std::char_traits<char>, std::allocator<char> > > > const&) + 0x23c (0xe0a79c90ab1c in /usr/local/lib/python3.12/dist-packages/torch/lib/libtorch_cpu.so)
frame #7: c10d::ProcessGroupNCCL::HeartbeatMonitor::runLoop() + 0x330 (0xe0a77fee7350 in /usr/local/lib/python3.12/dist-packages/torch/lib/libtorch_cuda.so)
frame #8: <unknown function> + 0xe1ae0 (0xe0a830351ae0 in /lib/aarch64-linux-gnu/libstdc++.so.6)
frame #9: <unknown function> + 0x8582c (0xe0a83121582c in /lib/aarch64-linux-gnu/libc.so.6)
frame #10: <unknown function> + 0xeb79c (0xe0a83127b79c in /lib/aarch64-linux-gnu/libc.so.6)

[rank1]:[W910 12:28:13.152169168 ProcessGroupNCCL.cpp:1876] [PG ID 0 PG GUID 0 Rank 1] Failed to check the "should dump" flag on TCPStore, (maybe TCPStore server has shut down too early), with error: Broken pipe
[rank1]:[W910 12:28:14.153045426 TCPStore.cpp:106] [c10d] sendBytes failed on SocketImpl(fd=48, addr=[kiwi.200gb]:54432, remote=[emu.200gb]:29553): Broken pipe
Exception raised from sendBytes at /__w/pytorch/pytorch/torch/csrc/distributed/c10d/Utils.hpp:758 (most recent call first):
frame #0: c10::Error::Error(c10::SourceLocation, std::__cxx11::basic_string<char, std::char_traits<char>, std::allocator<char> >) + 0xc8 (0xe0a77ef9e158 in /usr/local/lib/python3.12/dist-packages/torch/lib/libc10.so)
frame #1: c10::DistError::DistError(c10::SourceLocation, std::__cxx11::basic_string<char, std::char_traits<char>, std::allocator<char> >) + 0x78 (0xe0a77ef9ed48 in /usr/local/lib/python3.12/dist-packages/torch/lib/libc10.so)
frame #2: c10::DistNetworkError::DistNetworkError(c10::SourceLocation, std::__cxx11::basic_string<char, std::char_traits<char>, std::allocator<char> >) + 0x78 (0xe0a77ef9f0c8 in /usr/local/lib/python3.12/dist-packages/torch/lib/libc10.so)
frame #3: <unknown function> + 0x70b77ec (0xe0a79c9077ec in /usr/local/lib/python3.12/dist-packages/torch/lib/libtorch_cpu.so)
frame #4: <unknown function> + 0x70b9aa4 (0xe0a79c909aa4 in /usr/local/lib/python3.12/dist-packages/torch/lib/libtorch_cpu.so)
frame #5: <unknown function> + 0x70b9c18 (0xe0a79c909c18 in /usr/local/lib/python3.12/dist-packages/torch/lib/libtorch_cpu.so)
frame #6: c10d::TCPStore::check(std::vector<std::__cxx11::basic_string<char, std::char_traits<char>, std::allocator<char> >, std::allocator<std::__cxx11::basic_string<char, std::char_traits<char>, std::allocator<char> > > > const&) + 0x23c (0xe0a79c90ab1c in /usr/local/lib/python3.12/dist-packages/torch/lib/libtorch_cpu.so)
frame #7: c10d::ProcessGroupNCCL::HeartbeatMonitor::runLoop() + 0x330 (0xe0a77fee7350 in /usr/local/lib/python3.12/dist-packages/torch/lib/libtorch_cuda.so)
frame #8: <unknown function> + 0xe1ae0 (0xe0a830351ae0 in /lib/aarch64-linux-gnu/libstdc++.so.6)
frame #9: <unknown function> + 0x8582c (0xe0a83121582c in /lib/aarch64-linux-gnu/libc.so.6)
frame #10: <unknown function> + 0xeb79c (0xe0a83127b79c in /lib/aarch64-linux-gnu/libc.so.6)

[rank1]:[W910 12:28:14.156227960 ProcessGroupNCCL.cpp:1876] [PG ID 0 PG GUID 0 Rank 1] Failed to check the "should dump" flag on TCPStore, (maybe TCPStore server has shut down too early), with error: Broken pipe
[rank1]:[W910 12:28:15.156715576 TCPStore.cpp:106] [c10d] sendBytes failed on SocketImpl(fd=48, addr=[kiwi.200gb]:54432, remote=[emu.200gb]:29553): Broken pipe
Exception raised from sendBytes at /__w/pytorch/pytorch/torch/csrc/distributed/c10d/Utils.hpp:758 (most recent call first):
frame #0: c10::Error::Error(c10::SourceLocation, std::__cxx11::basic_string<char, std::char_traits<char>, std::allocator<char> >) + 0xc8 (0xe0a77ef9e158 in /usr/local/lib/python3.12/dist-packages/torch/lib/libc10.so)
frame #1: c10::DistError::DistError(c10::SourceLocation, std::__cxx11::basic_string<char, std::char_traits<char>, std::allocator<char> >) + 0x78 (0xe0a77ef9ed48 in /usr/local/lib/python3.12/dist-packages/torch/lib/libc10.so)
frame #2: c10::DistNetworkError::DistNetworkError(c10::SourceLocation, std::__cxx11::basic_string<char, std::char_traits<char>, std::allocator<char> >) + 0x78 (0xe0a77ef9f0c8 in /usr/local/lib/python3.12/dist-packages/torch/lib/libc10.so)
frame #3: <unknown function> + 0x70b77ec (0xe0a79c9077ec in /usr/local/lib/python3.12/dist-packages/torch/lib/libtorch_cpu.so)
frame #4: <unknown function> + 0x70b9aa4 (0xe0a79c909aa4 in /usr/local/lib/python3.12/dist-packages/torch/lib/libtorch_cpu.so)
frame #5: <unknown function> + 0x70b9c18 (0xe0a79c909c18 in /usr/local/lib/python3.12/dist-packages/torch/lib/libtorch_cpu.so)
frame #6: c10d::TCPStore::check(std::vector<std::__cxx11::basic_string<char, std::char_traits<char>, std::allocator<char> >, std::allocator<std::__cxx11::basic_string<char, std::char_traits<char>, std::allocator<char> > > > const&) + 0x23c (0xe0a79c90ab1c in /usr/local/lib/python3.12/dist-packages/torch/lib/libtorch_cpu.so)
frame #7: c10d::ProcessGroupNCCL::HeartbeatMonitor::runLoop() + 0x330 (0xe0a77fee7350 in /usr/local/lib/python3.12/dist-packages/torch/lib/libtorch_cuda.so)
frame #8: <unknown function> + 0xe1ae0 (0xe0a830351ae0 in /lib/aarch64-linux-gnu/libstdc++.so.6)
frame #9: <unknown function> + 0x8582c (0xe0a83121582c in /lib/aarch64-linux-gnu/libc.so.6)
frame #10: <unknown function> + 0xeb79c (0xe0a83127b79c in /lib/aarch64-linux-gnu/libc.so.6)

[rank1]:[W910 12:28:15.159604541 ProcessGroupNCCL.cpp:1876] [PG ID 0 PG GUID 0 Rank 1] Failed to check the "should dump" flag on TCPStore, (maybe TCPStore server has shut down too early), with error: Broken pipe
[rank1]:[W910 12:28:16.160444171 TCPStore.cpp:106] [c10d] sendBytes failed on SocketImpl(fd=48, addr=[kiwi.200gb]:54432, remote=[emu.200gb]:29553): Broken pipe
Exception raised from sendBytes at /__w/pytorch/pytorch/torch/csrc/distributed/c10d/Utils.hpp:758 (most recent call first):
frame #0: c10::Error::Error(c10::SourceLocation, std::__cxx11::basic_string<char, std::char_traits<char>, std::allocator<char> >) + 0xc8 (0xe0a77ef9e158 in /usr/local/lib/python3.12/dist-packages/torch/lib/libc10.so)
frame #1: c10::DistError::DistError(c10::SourceLocation, std::__cxx11::basic_string<char, std::char_traits<char>, std::allocator<char> >) + 0x78 (0xe0a77ef9ed48 in /usr/local/lib/python3.12/dist-packages/torch/lib/libc10.so)
frame #2: c10::DistNetworkError::DistNetworkError(c10::SourceLocation, std::__cxx11::basic_string<char, std::char_traits<char>, std::allocator<char> >) + 0x78 (0xe0a77ef9f0c8 in /usr/local/lib/python3.12/dist-packages/torch/lib/libc10.so)
frame #3: <unknown function> + 0x70b77ec (0xe0a79c9077ec in /usr/local/lib/python3.12/dist-packages/torch/lib/libtorch_cpu.so)
frame #4: <unknown function> + 0x70b9aa4 (0xe0a79c909aa4 in /usr/local/lib/python3.12/dist-packages/torch/lib/libtorch_cpu.so)
frame #5: <unknown function> + 0x70b9c18 (0xe0a79c909c18 in /usr/local/lib/python3.12/dist-packages/torch/lib/libtorch_cpu.so)
frame #6: c10d::TCPStore::check(std::vector<std::__cxx11::basic_string<char, std::char_traits<char>, std::allocator<char> >, std::allocator<std::__cxx11::basic_string<char, std::char_traits<char>, std::allocator<char> > > > const&) + 0x23c (0xe0a79c90ab1c in /usr/local/lib/python3.12/dist-packages/torch/lib/libtorch_cpu.so)
frame #7: c10d::ProcessGroupNCCL::HeartbeatMonitor::runLoop() + 0x330 (0xe0a77fee7350 in /usr/local/lib/python3.12/dist-packages/torch/lib/libtorch_cuda.so)
frame #8: <unknown function> + 0xe1ae0 (0xe0a830351ae0 in /lib/aarch64-linux-gnu/libstdc++.so.6)
frame #9: <unknown function> + 0x8582c (0xe0a83121582c in /lib/aarch64-linux-gnu/libc.so.6)
frame #10: <unknown function> + 0xeb79c (0xe0a83127b79c in /lib/aarch64-linux-gnu/libc.so.6)

[rank1]:[W910 12:28:16.163398145 ProcessGroupNCCL.cpp:1876] [PG ID 0 PG GUID 0 Rank 1] Failed to check the "should dump" flag on TCPStore, (maybe TCPStore server has shut down too early), with error: Broken pipe
[rank1]:[W910 12:28:17.163710300 TCPStore.cpp:106] [c10d] sendBytes failed on SocketImpl(fd=48, addr=[kiwi.200gb]:54432, remote=[emu.200gb]:29553): Broken pipe
Exception raised from sendBytes at /__w/pytorch/pytorch/torch/csrc/distributed/c10d/Utils.hpp:758 (most recent call first):
frame #0: c10::Error::Error(c10::SourceLocation, std::__cxx11::basic_string<char, std::char_traits<char>, std::allocator<char> >) + 0xc8 (0xe0a77ef9e158 in /usr/local/lib/python3.12/dist-packages/torch/lib/libc10.so)
frame #1: c10::DistError::DistError(c10::SourceLocation, std::__cxx11::basic_string<char, std::char_traits<char>, std::allocator<char> >) + 0x78 (0xe0a77ef9ed48 in /usr/local/lib/python3.12/dist-packages/torch/lib/libc10.so)
frame #2: c10::DistNetworkError::DistNetworkError(c10::SourceLocation, std::__cxx11::basic_string<char, std::char_traits<char>, std::allocator<char> >) + 0x78 (0xe0a77ef9f0c8 in /usr/local/lib/python3.12/dist-packages/torch/lib/libc10.so)
frame #3: <unknown function> + 0x70b77ec (0xe0a79c9077ec in /usr/local/lib/python3.12/dist-packages/torch/lib/libtorch_cpu.so)
frame #4: <unknown function> + 0x70b9aa4 (0xe0a79c909aa4 in /usr/local/lib/python3.12/dist-packages/torch/lib/libtorch_cpu.so)
frame #5: <unknown function> + 0x70b9c18 (0xe0a79c909c18 in /usr/local/lib/python3.12/dist-packages/torch/lib/libtorch_cpu.so)
frame #6: c10d::TCPStore::check(std::vector<std::__cxx11::basic_string<char, std::char_traits<char>, std::allocator<char> >, std::allocator<std::__cxx11::basic_string<char, std::char_traits<char>, std::allocator<char> > > > const&) + 0x23c (0xe0a79c90ab1c in /usr/local/lib/python3.12/dist-packages/torch/lib/libtorch_cpu.so)
frame #7: c10d::ProcessGroupNCCL::HeartbeatMonitor::runLoop() + 0x330 (0xe0a77fee7350 in /usr/local/lib/python3.12/dist-packages/torch/lib/libtorch_cuda.so)
frame #8: <unknown function> + 0xe1ae0 (0xe0a830351ae0 in /lib/aarch64-linux-gnu/libstdc++.so.6)
frame #9: <unknown function> + 0x8582c (0xe0a83121582c in /lib/aarch64-linux-gnu/libc.so.6)
frame #10: <unknown function> + 0xeb79c (0xe0a83127b79c in /lib/aarch64-linux-gnu/libc.so.6)

[rank1]:[W910 12:28:17.175892113 ProcessGroupNCCL.cpp:1876] [PG ID 0 PG GUID 0 Rank 1] Failed to check the "should dump" flag on TCPStore, (maybe TCPStore server has shut down too early), with error: Broken pipe
[rank1]:[W910 12:28:18.176041194 TCPStore.cpp:106] [c10d] sendBytes failed on SocketImpl(fd=48, addr=[kiwi.200gb]:54432, remote=[emu.200gb]:29553): Broken pipe
Exception raised from sendBytes at /__w/pytorch/pytorch/torch/csrc/distributed/c10d/Utils.hpp:758 (most recent call first):
frame #0: c10::Error::Error(c10::SourceLocation, std::__cxx11::basic_string<char, std::char_traits<char>, std::allocator<char> >) + 0xc8 (0xe0a77ef9e158 in /usr/local/lib/python3.12/dist-packages/torch/lib/libc10.so)
frame #1: c10::DistError::DistError(c10::SourceLocation, std::__cxx11::basic_string<char, std::char_traits<char>, std::allocator<char> >) + 0x78 (0xe0a77ef9ed48 in /usr/local/lib/python3.12/dist-packages/torch/lib/libc10.so)
frame #2: c10::DistNetworkError::DistNetworkError(c10::SourceLocation, std::__cxx11::basic_string<char, std::char_traits<char>, std::allocator<char> >) + 0x78 (0xe0a77ef9f0c8 in /usr/local/lib/python3.12/dist-packages/torch/lib/libc10.so)
frame #3: <unknown function> + 0x70b77ec (0xe0a79c9077ec in /usr/local/lib/python3.12/dist-packages/torch/lib/libtorch_cpu.so)
frame #4: <unknown function> + 0x70b9aa4 (0xe0a79c909aa4 in /usr/local/lib/python3.12/dist-packages/torch/lib/libtorch_cpu.so)
frame #5: <unknown function> + 0x70b9c18 (0xe0a79c909c18 in /usr/local/lib/python3.12/dist-packages/torch/lib/libtorch_cpu.so)
frame #6: c10d::TCPStore::check(std::vector<std::__cxx11::basic_string<char, std::char_traits<char>, std::allocator<char> >, std::allocator<std::__cxx11::basic_string<char, std::char_traits<char>, std::allocator<char> > > > const&) + 0x23c (0xe0a79c90ab1c in /usr/local/lib/python3.12/dist-packages/torch/lib/libtorch_cpu.so)
frame #7: c10d::ProcessGroupNCCL::HeartbeatMonitor::runLoop() + 0x330 (0xe0a77fee7350 in /usr/local/lib/python3.12/dist-packages/torch/lib/libtorch_cuda.so)
frame #8: <unknown function> + 0xe1ae0 (0xe0a830351ae0 in /lib/aarch64-linux-gnu/libstdc++.so.6)
frame #9: <unknown function> + 0x8582c (0xe0a83121582c in /lib/aarch64-linux-gnu/libc.so.6)
frame #10: <unknown function> + 0xeb79c (0xe0a83127b79c in /lib/aarch64-linux-gnu/libc.so.6)

[rank1]:[W910 12:28:18.178532702 ProcessGroupNCCL.cpp:1876] [PG ID 0 PG GUID 0 Rank 1] Failed to check the "should dump" flag on TCPStore, (maybe TCPStore server has shut down too early), with error: Broken pipe
[rank1]:[W910 12:28:19.179390758 TCPStore.cpp:106] [c10d] sendBytes failed on SocketImpl(fd=48, addr=[kiwi.200gb]:54432, remote=[emu.200gb]:29553): Broken pipe
Exception raised from sendBytes at /__w/pytorch/pytorch/torch/csrc/distributed/c10d/Utils.hpp:758 (most recent call first):
frame #0: c10::Error::Error(c10::SourceLocation, std::__cxx11::basic_string<char, std::char_traits<char>, std::allocator<char> >) + 0xc8 (0xe0a77ef9e158 in /usr/local/lib/python3.12/dist-packages/torch/lib/libc10.so)
frame #1: c10::DistError::DistError(c10::SourceLocation, std::__cxx11::basic_string<char, std::char_traits<char>, std::allocator<char> >) + 0x78 (0xe0a77ef9ed48 in /usr/local/lib/python3.12/dist-packages/torch/lib/libc10.so)
frame #2: c10::DistNetworkError::DistNetworkError(c10::SourceLocation, std::__cxx11::basic_string<char, std::char_traits<char>, std::allocator<char> >) + 0x78 (0xe0a77ef9f0c8 in /usr/local/lib/python3.12/dist-packages/torch/lib/libc10.so)
frame #3: <unknown function> + 0x70b77ec (0xe0a79c9077ec in /usr/local/lib/python3.12/dist-packages/torch/lib/libtorch_cpu.so)
frame #4: <unknown function> + 0x70b9aa4 (0xe0a79c909aa4 in /usr/local/lib/python3.12/dist-packages/torch/lib/libtorch_cpu.so)
frame #5: <unknown function> + 0x70b9c18 (0xe0a79c909c18 in /usr/local/lib/python3.12/dist-packages/torch/lib/libtorch_cpu.so)
frame #6: c10d::TCPStore::check(std::vector<std::__cxx11::basic_string<char, std::char_traits<char>, std::allocator<char> >, std::allocator<std::__cxx11::basic_string<char, std::char_traits<char>, std::allocator<char> > > > const&) + 0x23c (0xe0a79c90ab1c in /usr/local/lib/python3.12/dist-packages/torch/lib/libtorch_cpu.so)
frame #7: c10d::ProcessGroupNCCL::HeartbeatMonitor::runLoop() + 0x330 (0xe0a77fee7350 in /usr/local/lib/python3.12/dist-packages/torch/lib/libtorch_cuda.so)
frame #8: <unknown function> + 0xe1ae0 (0xe0a830351ae0 in /lib/aarch64-linux-gnu/libstdc++.so.6)
frame #9: <unknown function> + 0x8582c (0xe0a83121582c in /lib/aarch64-linux-gnu/libc.so.6)
frame #10: <unknown function> + 0xeb79c (0xe0a83127b79c in /lib/aarch64-linux-gnu/libc.so.6)

[rank1]:[W910 12:28:19.182351275 ProcessGroupNCCL.cpp:1876] [PG ID 0 PG GUID 0 Rank 1] Failed to check the "should dump" flag on TCPStore, (maybe TCPStore server has shut down too early), with error: Broken pipe
[rank1]:[W910 12:28:20.182834256 TCPStore.cpp:106] [c10d] sendBytes failed on SocketImpl(fd=48, addr=[kiwi.200gb]:54432, remote=[emu.200gb]:29553): Broken pipe
Exception raised from sendBytes at /__w/pytorch/pytorch/torch/csrc/distributed/c10d/Utils.hpp:758 (most recent call first):
frame #0: c10::Error::Error(c10::SourceLocation, std::__cxx11::basic_string<char, std::char_traits<char>, std::allocator<char> >) + 0xc8 (0xe0a77ef9e158 in /usr/local/lib/python3.12/dist-packages/torch/lib/libc10.so)
frame #1: c10::DistError::DistError(c10::SourceLocation, std::__cxx11::basic_string<char, std::char_traits<char>, std::allocator<char> >) + 0x78 (0xe0a77ef9ed48 in /usr/local/lib/python3.12/dist-packages/torch/lib/libc10.so)
frame #2: c10::DistNetworkError::DistNetworkError(c10::SourceLocation, std::__cxx11::basic_string<char, std::char_traits<char>, std::allocator<char> >) + 0x78 (0xe0a77ef9f0c8 in /usr/local/lib/python3.12/dist-packages/torch/lib/libc10.so)
frame #3: <unknown function> + 0x70b77ec (0xe0a79c9077ec in /usr/local/lib/python3.12/dist-packages/torch/lib/libtorch_cpu.so)
frame #4: <unknown function> + 0x70b9aa4 (0xe0a79c909aa4 in /usr/local/lib/python3.12/dist-packages/torch/lib/libtorch_cpu.so)
frame #5: <unknown function> + 0x70b9c18 (0xe0a79c909c18 in /usr/local/lib/python3.12/dist-packages/torch/lib/libtorch_cpu.so)
frame #6: c10d::TCPStore::check(std::vector<std::__cxx11::basic_string<char, std::char_traits<char>, std::allocator<char> >, std::allocator<std::__cxx11::basic_string<char, std::char_traits<char>, std::allocator<char> > > > const&) + 0x23c (0xe0a79c90ab1c in /usr/local/lib/python3.12/dist-packages/torch/lib/libtorch_cpu.so)
frame #7: c10d::ProcessGroupNCCL::HeartbeatMonitor::runLoop() + 0x330 (0xe0a77fee7350 in /usr/local/lib/python3.12/dist-packages/torch/lib/libtorch_cuda.so)
frame #8: <unknown function> + 0xe1ae0 (0xe0a830351ae0 in /lib/aarch64-linux-gnu/libstdc++.so.6)
frame #9: <unknown function> + 0x8582c (0xe0a83121582c in /lib/aarch64-linux-gnu/libc.so.6)
frame #10: <unknown function> + 0xeb79c (0xe0a83127b79c in /lib/aarch64-linux-gnu/libc.so.6)

[rank1]:[W910 12:28:20.185728149 ProcessGroupNCCL.cpp:1876] [PG ID 0 PG GUID 0 Rank 1] Failed to check the "should dump" flag on TCPStore, (maybe TCPStore server has shut down too early), with error: Broken pipe
[rank1]:[W910 12:28:21.185966536 TCPStore.cpp:106] [c10d] sendBytes failed on SocketImpl(fd=48, addr=[kiwi.200gb]:54432, remote=[emu.200gb]:29553): Broken pipe
Exception raised from sendBytes at /__w/pytorch/pytorch/torch/csrc/distributed/c10d/Utils.hpp:758 (most recent call first):
frame #0: c10::Error::Error(c10::SourceLocation, std::__cxx11::basic_string<char, std::char_traits<char>, std::allocator<char> >) + 0xc8 (0xe0a77ef9e158 in /usr/local/lib/python3.12/dist-packages/torch/lib/libc10.so)
frame #1: c10::DistError::DistError(c10::SourceLocation, std::__cxx11::basic_string<char, std::char_traits<char>, std::allocator<char> >) + 0x78 (0xe0a77ef9ed48 in /usr/local/lib/python3.12/dist-packages/torch/lib/libc10.so)
frame #2: c10::DistNetworkError::DistNetworkError(c10::SourceLocation, std::__cxx11::basic_string<char, std::char_traits<char>, std::allocator<char> >) + 0x78 (0xe0a77ef9f0c8 in /usr/local/lib/python3.12/dist-packages/torch/lib/libc10.so)
frame #3: <unknown function> + 0x70b77ec (0xe0a79c9077ec in /usr/local/lib/python3.12/dist-packages/torch/lib/libtorch_cpu.so)
frame #4: <unknown function> + 0x70b9aa4 (0xe0a79c909aa4 in /usr/local/lib/python3.12/dist-packages/torch/lib/libtorch_cpu.so)
frame #5: <unknown function> + 0x70b9c18 (0xe0a79c909c18 in /usr/local/lib/python3.12/dist-packages/torch/lib/libtorch_cpu.so)
frame #6: c10d::TCPStore::check(std::vector<std::__cxx11::basic_string<char, std::char_traits<char>, std::allocator<char> >, std::allocator<std::__cxx11::basic_string<char, std::char_traits<char>, std::allocator<char> > > > const&) + 0x23c (0xe0a79c90ab1c in /usr/local/lib/python3.12/dist-packages/torch/lib/libtorch_cpu.so)
frame #7: c10d::ProcessGroupNCCL::HeartbeatMonitor::runLoop() + 0x330 (0xe0a77fee7350 in /usr/local/lib/python3.12/dist-packages/torch/lib/libtorch_cuda.so)
frame #8: <unknown function> + 0xe1ae0 (0xe0a830351ae0 in /lib/aarch64-linux-gnu/libstdc++.so.6)
frame #9: <unknown function> + 0x8582c (0xe0a83121582c in /lib/aarch64-linux-gnu/libc.so.6)
frame #10: <unknown function> + 0xeb79c (0xe0a83127b79c in /lib/aarch64-linux-gnu/libc.so.6)

[rank1]:[W910 12:28:21.188989277 ProcessGroupNCCL.cpp:1876] [PG ID 0 PG GUID 0 Rank 1] Failed to check the "should dump" flag on TCPStore, (maybe TCPStore server has shut down too early), with error: Broken pipe
[rank1]:[W910 12:28:22.189862014 TCPStore.cpp:106] [c10d] sendBytes failed on SocketImpl(fd=48, addr=[kiwi.200gb]:54432, remote=[emu.200gb]:29553): Broken pipe
Exception raised from sendBytes at /__w/pytorch/pytorch/torch/csrc/distributed/c10d/Utils.hpp:758 (most recent call first):
frame #0: c10::Error::Error(c10::SourceLocation, std::__cxx11::basic_string<char, std::char_traits<char>, std::allocator<char> >) + 0xc8 (0xe0a77ef9e158 in /usr/local/lib/python3.12/dist-packages/torch/lib/libc10.so)
frame #1: c10::DistError::DistError(c10::SourceLocation, std::__cxx11::basic_string<char, std::char_traits<char>, std::allocator<char> >) + 0x78 (0xe0a77ef9ed48 in /usr/local/lib/python3.12/dist-packages/torch/lib/libc10.so)
frame #2: c10::DistNetworkError::DistNetworkError(c10::SourceLocation, std::__cxx11::basic_string<char, std::char_traits<char>, std::allocator<char> >) + 0x78 (0xe0a77ef9f0c8 in /usr/local/lib/python3.12/dist-packages/torch/lib/libc10.so)
frame #3: <unknown function> + 0x70b77ec (0xe0a79c9077ec in /usr/local/lib/python3.12/dist-packages/torch/lib/libtorch_cpu.so)
frame #4: <unknown function> + 0x70b9aa4 (0xe0a79c909aa4 in /usr/local/lib/python3.12/dist-packages/torch/lib/libtorch_cpu.so)
frame #5: <unknown function> + 0x70b9c18 (0xe0a79c909c18 in /usr/local/lib/python3.12/dist-packages/torch/lib/libtorch_cpu.so)
frame #6: c10d::TCPStore::check(std::vector<std::__cxx11::basic_string<char, std::char_traits<char>, std::allocator<char> >, std::allocator<std::__cxx11::basic_string<char, std::char_traits<char>, std::allocator<char> > > > const&) + 0x23c (0xe0a79c90ab1c in /usr/local/lib/python3.12/dist-packages/torch/lib/libtorch_cpu.so)
frame #7: c10d::ProcessGroupNCCL::HeartbeatMonitor::runLoop() + 0x330 (0xe0a77fee7350 in /usr/local/lib/python3.12/dist-packages/torch/lib/libtorch_cuda.so)
frame #8: <unknown function> + 0xe1ae0 (0xe0a830351ae0 in /lib/aarch64-linux-gnu/libstdc++.so.6)
frame #9: <unknown function> + 0x8582c (0xe0a83121582c in /lib/aarch64-linux-gnu/libc.so.6)
frame #10: <unknown function> + 0xeb79c (0xe0a83127b79c in /lib/aarch64-linux-gnu/libc.so.6)

[rank1]:[W910 12:28:22.193601685 ProcessGroupNCCL.cpp:1876] [PG ID 0 PG GUID 0 Rank 1] Failed to check the "should dump" flag on TCPStore, (maybe TCPStore server has shut down too early), with error: Broken pipe
[rank1]:[W910 12:28:23.194364196 TCPStore.cpp:106] [c10d] sendBytes failed on SocketImpl(fd=48, addr=[kiwi.200gb]:54432, remote=[emu.200gb]:29553): Broken pipe
Exception raised from sendBytes at /__w/pytorch/pytorch/torch/csrc/distributed/c10d/Utils.hpp:758 (most recent call first):
frame #0: c10::Error::Error(c10::SourceLocation, std::__cxx11::basic_string<char, std::char_traits<char>, std::allocator<char> >) + 0xc8 (0xe0a77ef9e158 in /usr/local/lib/python3.12/dist-packages/torch/lib/libc10.so)
frame #1: c10::DistError::DistError(c10::SourceLocation, std::__cxx11::basic_string<char, std::char_traits<char>, std::allocator<char> >) + 0x78 (0xe0a77ef9ed48 in /usr/local/lib/python3.12/dist-packages/torch/lib/libc10.so)
frame #2: c10::DistNetworkError::DistNetworkError(c10::SourceLocation, std::__cxx11::basic_string<char, std::char_traits<char>, std::allocator<char> >) + 0x78 (0xe0a77ef9f0c8 in /usr/local/lib/python3.12/dist-packages/torch/lib/libc10.so)
frame #3: <unknown function> + 0x70b77ec (0xe0a79c9077ec in /usr/local/lib/python3.12/dist-packages/torch/lib/libtorch_cpu.so)
frame #4: <unknown function> + 0x70b9aa4 (0xe0a79c909aa4 in /usr/local/lib/python3.12/dist-packages/torch/lib/libtorch_cpu.so)
frame #5: <unknown function> + 0x70b9c18 (0xe0a79c909c18 in /usr/local/lib/python3.12/dist-packages/torch/lib/libtorch_cpu.so)
frame #6: c10d::TCPStore::check(std::vector<std::__cxx11::basic_string<char, std::char_traits<char>, std::allocator<char> >, std::allocator<std::__cxx11::basic_string<char, std::char_traits<char>, std::allocator<char> > > > const&) + 0x23c (0xe0a79c90ab1c in /usr/local/lib/python3.12/dist-packages/torch/lib/libtorch_cpu.so)
frame #7: c10d::ProcessGroupNCCL::HeartbeatMonitor::runLoop() + 0x330 (0xe0a77fee7350 in /usr/local/lib/python3.12/dist-packages/torch/lib/libtorch_cuda.so)
frame #8: <unknown function> + 0xe1ae0 (0xe0a830351ae0 in /lib/aarch64-linux-gnu/libstdc++.so.6)
frame #9: <unknown function> + 0x8582c (0xe0a83121582c in /lib/aarch64-linux-gnu/libc.so.6)
frame #10: <unknown function> + 0xeb79c (0xe0a83127b79c in /lib/aarch64-linux-gnu/libc.so.6)

[rank1]:[W910 12:28:23.197240185 ProcessGroupNCCL.cpp:1876] [PG ID 0 PG GUID 0 Rank 1] Failed to check the "should dump" flag on TCPStore, (maybe TCPStore server has shut down too early), with error: Broken pipe
[rank1]:[W910 12:28:24.197483557 TCPStore.cpp:106] [c10d] sendBytes failed on SocketImpl(fd=48, addr=[kiwi.200gb]:54432, remote=[emu.200gb]:29553): Broken pipe
Exception raised from sendBytes at /__w/pytorch/pytorch/torch/csrc/distributed/c10d/Utils.hpp:758 (most recent call first):
frame #0: c10::Error::Error(c10::SourceLocation, std::__cxx11::basic_string<char, std::char_traits<char>, std::allocator<char> >) + 0xc8 (0xe0a77ef9e158 in /usr/local/lib/python3.12/dist-packages/torch/lib/libc10.so)
frame #1: c10::DistError::DistError(c10::SourceLocation, std::__cxx11::basic_string<char, std::char_traits<char>, std::allocator<char> >) + 0x78 (0xe0a77ef9ed48 in /usr/local/lib/python3.12/dist-packages/torch/lib/libc10.so)
frame #2: c10::DistNetworkError::DistNetworkError(c10::SourceLocation, std::__cxx11::basic_string<char, std::char_traits<char>, std::allocator<char> >) + 0x78 (0xe0a77ef9f0c8 in /usr/local/lib/python3.12/dist-packages/torch/lib/libc10.so)
frame #3: <unknown function> + 0x70b77ec (0xe0a79c9077ec in /usr/local/lib/python3.12/dist-packages/torch/lib/libtorch_cpu.so)
frame #4: <unknown function> + 0x70b9aa4 (0xe0a79c909aa4 in /usr/local/lib/python3.12/dist-packages/torch/lib/libtorch_cpu.so)
frame #5: <unknown function> + 0x70b9c18 (0xe0a79c909c18 in /usr/local/lib/python3.12/dist-packages/torch/lib/libtorch_cpu.so)
frame #6: c10d::TCPStore::check(std::vector<std::__cxx11::basic_string<char, std::char_traits<char>, std::allocator<char> >, std::allocator<std::__cxx11::basic_string<char, std::char_traits<char>, std::allocator<char> > > > const&) + 0x23c (0xe0a79c90ab1c in /usr/local/lib/python3.12/dist-packages/torch/lib/libtorch_cpu.so)
frame #7: c10d::ProcessGroupNCCL::HeartbeatMonitor::runLoop() + 0x330 (0xe0a77fee7350 in /usr/local/lib/python3.12/dist-packages/torch/lib/libtorch_cuda.so)
frame #8: <unknown function> + 0xe1ae0 (0xe0a830351ae0 in /lib/aarch64-linux-gnu/libstdc++.so.6)
frame #9: <unknown function> + 0x8582c (0xe0a83121582c in /lib/aarch64-linux-gnu/libc.so.6)
frame #10: <unknown function> + 0xeb79c (0xe0a83127b79c in /lib/aarch64-linux-gnu/libc.so.6)

[rank1]:[W910 12:28:24.200379914 ProcessGroupNCCL.cpp:1876] [PG ID 0 PG GUID 0 Rank 1] Failed to check the "should dump" flag on TCPStore, (maybe TCPStore server has shut down too early), with error: Broken pipe
[rank1]:[W910 12:28:25.200630884 TCPStore.cpp:106] [c10d] sendBytes failed on SocketImpl(fd=48, addr=[kiwi.200gb]:54432, remote=[emu.200gb]:29553): Broken pipe
Exception raised from sendBytes at /__w/pytorch/pytorch/torch/csrc/distributed/c10d/Utils.hpp:758 (most recent call first):
frame #0: c10::Error::Error(c10::SourceLocation, std::__cxx11::basic_string<char, std::char_traits<char>, std::allocator<char> >) + 0xc8 (0xe0a77ef9e158 in /usr/local/lib/python3.12/dist-packages/torch/lib/libc10.so)
frame #1: c10::DistError::DistError(c10::SourceLocation, std::__cxx11::basic_string<char, std::char_traits<char>, std::allocator<char> >) + 0x78 (0xe0a77ef9ed48 in /usr/local/lib/python3.12/dist-packages/torch/lib/libc10.so)
frame #2: c10::DistNetworkError::DistNetworkError(c10::SourceLocation, std::__cxx11::basic_string<char, std::char_traits<char>, std::allocator<char> >) + 0x78 (0xe0a77ef9f0c8 in /usr/local/lib/python3.12/dist-packages/torch/lib/libc10.so)
frame #3: <unknown function> + 0x70b77ec (0xe0a79c9077ec in /usr/local/lib/python3.12/dist-packages/torch/lib/libtorch_cpu.so)
frame #4: <unknown function> + 0x70b9aa4 (0xe0a79c909aa4 in /usr/local/lib/python3.12/dist-packages/torch/lib/libtorch_cpu.so)
frame #5: <unknown function> + 0x70b9c18 (0xe0a79c909c18 in /usr/local/lib/python3.12/dist-packages/torch/lib/libtorch_cpu.so)
frame #6: c10d::TCPStore::check(std::vector<std::__cxx11::basic_string<char, std::char_traits<char>, std::allocator<char> >, std::allocator<std::__cxx11::basic_string<char, std::char_traits<char>, std::allocator<char> > > > const&) + 0x23c (0xe0a79c90ab1c in /usr/local/lib/python3.12/dist-packages/torch/lib/libtorch_cpu.so)
frame #7: c10d::ProcessGroupNCCL::HeartbeatMonitor::runLoop() + 0x330 (0xe0a77fee7350 in /usr/local/lib/python3.12/dist-packages/torch/lib/libtorch_cuda.so)
frame #8: <unknown function> + 0xe1ae0 (0xe0a830351ae0 in /lib/aarch64-linux-gnu/libstdc++.so.6)
frame #9: <unknown function> + 0x8582c (0xe0a83121582c in /lib/aarch64-linux-gnu/libc.so.6)
frame #10: <unknown function> + 0xeb79c (0xe0a83127b79c in /lib/aarch64-linux-gnu/libc.so.6)

[rank1]:[W910 12:28:25.203810346 ProcessGroupNCCL.cpp:1876] [PG ID 0 PG GUID 0 Rank 1] Failed to check the "should dump" flag on TCPStore, (maybe TCPStore server has shut down too early), with error: Broken pipe
[rank1]:[W910 12:28:26.204498323 TCPStore.cpp:106] [c10d] sendBytes failed on SocketImpl(fd=48, addr=[kiwi.200gb]:54432, remote=[emu.200gb]:29553): Broken pipe
Exception raised from sendBytes at /__w/pytorch/pytorch/torch/csrc/distributed/c10d/Utils.hpp:758 (most recent call first):
frame #0: c10::Error::Error(c10::SourceLocation, std::__cxx11::basic_string<char, std::char_traits<char>, std::allocator<char> >) + 0xc8 (0xe0a77ef9e158 in /usr/local/lib/python3.12/dist-packages/torch/lib/libc10.so)
frame #1: c10::DistError::DistError(c10::SourceLocation, std::__cxx11::basic_string<char, std::char_traits<char>, std::allocator<char> >) + 0x78 (0xe0a77ef9ed48 in /usr/local/lib/python3.12/dist-packages/torch/lib/libc10.so)
frame #2: c10::DistNetworkError::DistNetworkError(c10::SourceLocation, std::__cxx11::basic_string<char, std::char_traits<char>, std::allocator<char> >) + 0x78 (0xe0a77ef9f0c8 in /usr/local/lib/python3.12/dist-packages/torch/lib/libc10.so)
frame #3: <unknown function> + 0x70b77ec (0xe0a79c9077ec in /usr/local/lib/python3.12/dist-packages/torch/lib/libtorch_cpu.so)
frame #4: <unknown function> + 0x70b9aa4 (0xe0a79c909aa4 in /usr/local/lib/python3.12/dist-packages/torch/lib/libtorch_cpu.so)
frame #5: <unknown function> + 0x70b9c18 (0xe0a79c909c18 in /usr/local/lib/python3.12/dist-packages/torch/lib/libtorch_cpu.so)
frame #6: c10d::TCPStore::check(std::vector<std::__cxx11::basic_string<char, std::char_traits<char>, std::allocator<char> >, std::allocator<std::__cxx11::basic_string<char, std::char_traits<char>, std::allocator<char> > > > const&) + 0x23c (0xe0a79c90ab1c in /usr/local/lib/python3.12/dist-packages/torch/lib/libtorch_cpu.so)
frame #7: c10d::ProcessGroupNCCL::HeartbeatMonitor::runLoop() + 0x330 (0xe0a77fee7350 in /usr/local/lib/python3.12/dist-packages/torch/lib/libtorch_cuda.so)
frame #8: <unknown function> + 0xe1ae0 (0xe0a830351ae0 in /lib/aarch64-linux-gnu/libstdc++.so.6)
frame #9: <unknown function> + 0x8582c (0xe0a83121582c in /lib/aarch64-linux-gnu/libc.so.6)
frame #10: <unknown function> + 0xeb79c (0xe0a83127b79c in /lib/aarch64-linux-gnu/libc.so.6)

[rank1]:[W910 12:28:26.207415352 ProcessGroupNCCL.cpp:1876] [PG ID 0 PG GUID 0 Rank 1] Failed to check the "should dump" flag on TCPStore, (maybe TCPStore server has shut down too early), with error: Broken pipe
[rank1]:[W910 12:28:27.208284575 TCPStore.cpp:106] [c10d] sendBytes failed on SocketImpl(fd=48, addr=[kiwi.200gb]:54432, remote=[emu.200gb]:29553): Broken pipe
Exception raised from sendBytes at /__w/pytorch/pytorch/torch/csrc/distributed/c10d/Utils.hpp:758 (most recent call first):
frame #0: c10::Error::Error(c10::SourceLocation, std::__cxx11::basic_string<char, std::char_traits<char>, std::allocator<char> >) + 0xc8 (0xe0a77ef9e158 in /usr/local/lib/python3.12/dist-packages/torch/lib/libc10.so)
frame #1: c10::DistError::DistError(c10::SourceLocation, std::__cxx11::basic_string<char, std::char_traits<char>, std::allocator<char> >) + 0x78 (0xe0a77ef9ed48 in /usr/local/lib/python3.12/dist-packages/torch/lib/libc10.so)
frame #2: c10::DistNetworkError::DistNetworkError(c10::SourceLocation, std::__cxx11::basic_string<char, std::char_traits<char>, std::allocator<char> >) + 0x78 (0xe0a77ef9f0c8 in /usr/local/lib/python3.12/dist-packages/torch/lib/libc10.so)
frame #3: <unknown function> + 0x70b77ec (0xe0a79c9077ec in /usr/local/lib/python3.12/dist-packages/torch/lib/libtorch_cpu.so)
frame #4: <unknown function> + 0x70b9aa4 (0xe0a79c909aa4 in /usr/local/lib/python3.12/dist-packages/torch/lib/libtorch_cpu.so)
frame #5: <unknown function> + 0x70b9c18 (0xe0a79c909c18 in /usr/local/lib/python3.12/dist-packages/torch/lib/libtorch_cpu.so)
frame #6: c10d::TCPStore::check(std::vector<std::__cxx11::basic_string<char, std::char_traits<char>, std::allocator<char> >, std::allocator<std::__cxx11::basic_string<char, std::char_traits<char>, std::allocator<char> > > > const&) + 0x23c (0xe0a79c90ab1c in /usr/local/lib/python3.12/dist-packages/torch/lib/libtorch_cpu.so)
frame #7: c10d::ProcessGroupNCCL::HeartbeatMonitor::runLoop() + 0x330 (0xe0a77fee7350 in /usr/local/lib/python3.12/dist-packages/torch/lib/libtorch_cuda.so)
frame #8: <unknown function> + 0xe1ae0 (0xe0a830351ae0 in /lib/aarch64-linux-gnu/libstdc++.so.6)
frame #9: <unknown function> + 0x8582c (0xe0a83121582c in /lib/aarch64-linux-gnu/libc.so.6)
frame #10: <unknown function> + 0xeb79c (0xe0a83127b79c in /lib/aarch64-linux-gnu/libc.so.6)

[rank1]:[W910 12:28:27.211041156 ProcessGroupNCCL.cpp:1876] [PG ID 0 PG GUID 0 Rank 1] Failed to check the "should dump" flag on TCPStore, (maybe TCPStore server has shut down too early), with error: Broken pipe
[rank1]:[W910 12:28:28.211211383 TCPStore.cpp:106] [c10d] sendBytes failed on SocketImpl(fd=48, addr=[kiwi.200gb]:54432, remote=[emu.200gb]:29553): Broken pipe
Exception raised from sendBytes at /__w/pytorch/pytorch/torch/csrc/distributed/c10d/Utils.hpp:758 (most recent call first):
frame #0: c10::Error::Error(c10::SourceLocation, std::__cxx11::basic_string<char, std::char_traits<char>, std::allocator<char> >) + 0xc8 (0xe0a77ef9e158 in /usr/local/lib/python3.12/dist-packages/torch/lib/libc10.so)
frame #1: c10::DistError::DistError(c10::SourceLocation, std::__cxx11::basic_string<char, std::char_traits<char>, std::allocator<char> >) + 0x78 (0xe0a77ef9ed48 in /usr/local/lib/python3.12/dist-packages/torch/lib/libc10.so)
frame #2: c10::DistNetworkError::DistNetworkError(c10::SourceLocation, std::__cxx11::basic_string<char, std::char_traits<char>, std::allocator<char> >) + 0x78 (0xe0a77ef9f0c8 in /usr/local/lib/python3.12/dist-packages/torch/lib/libc10.so)
frame #3: <unknown function> + 0x70b77ec (0xe0a79c9077ec in /usr/local/lib/python3.12/dist-packages/torch/lib/libtorch_cpu.so)
frame #4: <unknown function> + 0x70b9aa4 (0xe0a79c909aa4 in /usr/local/lib/python3.12/dist-packages/torch/lib/libtorch_cpu.so)
frame #5: <unknown function> + 0x70b9c18 (0xe0a79c909c18 in /usr/local/lib/python3.12/dist-packages/torch/lib/libtorch_cpu.so)
frame #6: c10d::TCPStore::check(std::vector<std::__cxx11::basic_string<char, std::char_traits<char>, std::allocator<char> >, std::allocator<std::__cxx11::basic_string<char, std::char_traits<char>, std::allocator<char> > > > const&) + 0x23c (0xe0a79c90ab1c in /usr/local/lib/python3.12/dist-packages/torch/lib/libtorch_cpu.so)
frame #7: c10d::ProcessGroupNCCL::HeartbeatMonitor::runLoop() + 0x330 (0xe0a77fee7350 in /usr/local/lib/python3.12/dist-packages/torch/lib/libtorch_cuda.so)
frame #8: <unknown function> + 0xe1ae0 (0xe0a830351ae0 in /lib/aarch64-linux-gnu/libstdc++.so.6)
frame #9: <unknown function> + 0x8582c (0xe0a83121582c in /lib/aarch64-linux-gnu/libc.so.6)
frame #10: <unknown function> + 0xeb79c (0xe0a83127b79c in /lib/aarch64-linux-gnu/libc.so.6)

[rank1]:[W910 12:28:28.214402461 ProcessGroupNCCL.cpp:1876] [PG ID 0 PG GUID 0 Rank 1] Failed to check the "should dump" flag on TCPStore, (maybe TCPStore server has shut down too early), with error: Broken pipe
[rank1]:[W910 12:28:29.214759375 TCPStore.cpp:106] [c10d] sendBytes failed on SocketImpl(fd=48, addr=[kiwi.200gb]:54432, remote=[emu.200gb]:29553): Broken pipe
Exception raised from sendBytes at /__w/pytorch/pytorch/torch/csrc/distributed/c10d/Utils.hpp:758 (most recent call first):
frame #0: c10::Error::Error(c10::SourceLocation, std::__cxx11::basic_string<char, std::char_traits<char>, std::allocator<char> >) + 0xc8 (0xe0a77ef9e158 in /usr/local/lib/python3.12/dist-packages/torch/lib/libc10.so)
frame #1: c10::DistError::DistError(c10::SourceLocation, std::__cxx11::basic_string<char, std::char_traits<char>, std::allocator<char> >) + 0x78 (0xe0a77ef9ed48 in /usr/local/lib/python3.12/dist-packages/torch/lib/libc10.so)
frame #2: c10::DistNetworkError::DistNetworkError(c10::SourceLocation, std::__cxx11::basic_string<char, std::char_traits<char>, std::allocator<char> >) + 0x78 (0xe0a77ef9f0c8 in /usr/local/lib/python3.12/dist-packages/torch/lib/libc10.so)
frame #3: <unknown function> + 0x70b77ec (0xe0a79c9077ec in /usr/local/lib/python3.12/dist-packages/torch/lib/libtorch_cpu.so)
frame #4: <unknown function> + 0x70b9aa4 (0xe0a79c909aa4 in /usr/local/lib/python3.12/dist-packages/torch/lib/libtorch_cpu.so)
frame #5: <unknown function> + 0x70b9c18 (0xe0a79c909c18 in /usr/local/lib/python3.12/dist-packages/torch/lib/libtorch_cpu.so)
frame #6: c10d::TCPStore::check(std::vector<std::__cxx11::basic_string<char, std::char_traits<char>, std::allocator<char> >, std::allocator<std::__cxx11::basic_string<char, std::char_traits<char>, std::allocator<char> > > > const&) + 0x23c (0xe0a79c90ab1c in /usr/local/lib/python3.12/dist-packages/torch/lib/libtorch_cpu.so)
frame #7: c10d::ProcessGroupNCCL::HeartbeatMonitor::runLoop() + 0x330 (0xe0a77fee7350 in /usr/local/lib/python3.12/dist-packages/torch/lib/libtorch_cuda.so)
frame #8: <unknown function> + 0xe1ae0 (0xe0a830351ae0 in /lib/aarch64-linux-gnu/libstdc++.so.6)
frame #9: <unknown function> + 0x8582c (0xe0a83121582c in /lib/aarch64-linux-gnu/libc.so.6)
frame #10: <unknown function> + 0xeb79c (0xe0a83127b79c in /lib/aarch64-linux-gnu/libc.so.6)

[rank1]:[W910 12:28:29.217305235 ProcessGroupNCCL.cpp:1876] [PG ID 0 PG GUID 0 Rank 1] Failed to check the "should dump" flag on TCPStore, (maybe TCPStore server has shut down too early), with error: Broken pipe
[rank1]:[W910 12:28:30.217980628 TCPStore.cpp:106] [c10d] sendBytes failed on SocketImpl(fd=48, addr=[kiwi.200gb]:54432, remote=[emu.200gb]:29553): Broken pipe
Exception raised from sendBytes at /__w/pytorch/pytorch/torch/csrc/distributed/c10d/Utils.hpp:758 (most recent call first):
frame #0: c10::Error::Error(c10::SourceLocation, std::__cxx11::basic_string<char, std::char_traits<char>, std::allocator<char> >) + 0xc8 (0xe0a77ef9e158 in /usr/local/lib/python3.12/dist-packages/torch/lib/libc10.so)
frame #1: c10::DistError::DistError(c10::SourceLocation, std::__cxx11::basic_string<char, std::char_traits<char>, std::allocator<char> >) + 0x78 (0xe0a77ef9ed48 in /usr/local/lib/python3.12/dist-packages/torch/lib/libc10.so)
frame #2: c10::DistNetworkError::DistNetworkError(c10::SourceLocation, std::__cxx11::basic_string<char, std::char_traits<char>, std::allocator<char> >) + 0x78 (0xe0a77ef9f0c8 in /usr/local/lib/python3.12/dist-packages/torch/lib/libc10.so)
frame #3: <unknown function> + 0x70b77ec (0xe0a79c9077ec in /usr/local/lib/python3.12/dist-packages/torch/lib/libtorch_cpu.so)
frame #4: <unknown function> + 0x70b9aa4 (0xe0a79c909aa4 in /usr/local/lib/python3.12/dist-packages/torch/lib/libtorch_cpu.so)
frame #5: <unknown function> + 0x70b9c18 (0xe0a79c909c18 in /usr/local/lib/python3.12/dist-packages/torch/lib/libtorch_cpu.so)
frame #6: c10d::TCPStore::check(std::vector<std::__cxx11::basic_string<char, std::char_traits<char>, std::allocator<char> >, std::allocator<std::__cxx11::basic_string<char, std::char_traits<char>, std::allocator<char> > > > const&) + 0x23c (0xe0a79c90ab1c in /usr/local/lib/python3.12/dist-packages/torch/lib/libtorch_cpu.so)
frame #7: c10d::ProcessGroupNCCL::HeartbeatMonitor::runLoop() + 0x330 (0xe0a77fee7350 in /usr/local/lib/python3.12/dist-packages/torch/lib/libtorch_cuda.so)
frame #8: <unknown function> + 0xe1ae0 (0xe0a830351ae0 in /lib/aarch64-linux-gnu/libstdc++.so.6)
frame #9: <unknown function> + 0x8582c (0xe0a83121582c in /lib/aarch64-linux-gnu/libc.so.6)
frame #10: <unknown function> + 0xeb79c (0xe0a83127b79c in /lib/aarch64-linux-gnu/libc.so.6)

[rank1]:[W910 12:28:30.221175833 ProcessGroupNCCL.cpp:1876] [PG ID 0 PG GUID 0 Rank 1] Failed to check the "should dump" flag on TCPStore, (maybe TCPStore server has shut down too early), with error: Broken pipe
[rank1]:[W910 12:28:31.222022616 TCPStore.cpp:106] [c10d] sendBytes failed on SocketImpl(fd=48, addr=[kiwi.200gb]:54432, remote=[emu.200gb]:29553): Broken pipe
Exception raised from sendBytes at /__w/pytorch/pytorch/torch/csrc/distributed/c10d/Utils.hpp:758 (most recent call first):
frame #0: c10::Error::Error(c10::SourceLocation, std::__cxx11::basic_string<char, std::char_traits<char>, std::allocator<char> >) + 0xc8 (0xe0a77ef9e158 in /usr/local/lib/python3.12/dist-packages/torch/lib/libc10.so)
frame #1: c10::DistError::DistError(c10::SourceLocation, std::__cxx11::basic_string<char, std::char_traits<char>, std::allocator<char> >) + 0x78 (0xe0a77ef9ed48 in /usr/local/lib/python3.12/dist-packages/torch/lib/libc10.so)
frame #2: c10::DistNetworkError::DistNetworkError(c10::SourceLocation, std::__cxx11::basic_string<char, std::char_traits<char>, std::allocator<char> >) + 0x78 (0xe0a77ef9f0c8 in /usr/local/lib/python3.12/dist-packages/torch/lib/libc10.so)
frame #3: <unknown function> + 0x70b77ec (0xe0a79c9077ec in /usr/local/lib/python3.12/dist-packages/torch/lib/libtorch_cpu.so)
frame #4: <unknown function> + 0x70b9aa4 (0xe0a79c909aa4 in /usr/local/lib/python3.12/dist-packages/torch/lib/libtorch_cpu.so)
frame #5: <unknown function> + 0x70b9c18 (0xe0a79c909c18 in /usr/local/lib/python3.12/dist-packages/torch/lib/libtorch_cpu.so)
frame #6: c10d::TCPStore::check(std::vector<std::__cxx11::basic_string<char, std::char_traits<char>, std::allocator<char> >, std::allocator<std::__cxx11::basic_string<char, std::char_traits<char>, std::allocator<char> > > > const&) + 0x23c (0xe0a79c90ab1c in /usr/local/lib/python3.12/dist-packages/torch/lib/libtorch_cpu.so)
frame #7: c10d::ProcessGroupNCCL::HeartbeatMonitor::runLoop() + 0x330 (0xe0a77fee7350 in /usr/local/lib/python3.12/dist-packages/torch/lib/libtorch_cuda.so)
frame #8: <unknown function> + 0xe1ae0 (0xe0a830351ae0 in /lib/aarch64-linux-gnu/libstdc++.so.6)
frame #9: <unknown function> + 0x8582c (0xe0a83121582c in /lib/aarch64-linux-gnu/libc.so.6)
frame #10: <unknown function> + 0xeb79c (0xe0a83127b79c in /lib/aarch64-linux-gnu/libc.so.6)

[rank1]:[W910 12:28:31.224560525 ProcessGroupNCCL.cpp:1876] [PG ID 0 PG GUID 0 Rank 1] Failed to check the "should dump" flag on TCPStore, (maybe TCPStore server has shut down too early), with error: Broken pipe
[rank1]:[W910 12:28:32.224915001 TCPStore.cpp:106] [c10d] sendBytes failed on SocketImpl(fd=48, addr=[kiwi.200gb]:54432, remote=[emu.200gb]:29553): Broken pipe
Exception raised from sendBytes at /__w/pytorch/pytorch/torch/csrc/distributed/c10d/Utils.hpp:758 (most recent call first):
frame #0: c10::Error::Error(c10::SourceLocation, std::__cxx11::basic_string<char, std::char_traits<char>, std::allocator<char> >) + 0xc8 (0xe0a77ef9e158 in /usr/local/lib/python3.12/dist-packages/torch/lib/libc10.so)
frame #1: c10::DistError::DistError(c10::SourceLocation, std::__cxx11::basic_string<char, std::char_traits<char>, std::allocator<char> >) + 0x78 (0xe0a77ef9ed48 in /usr/local/lib/python3.12/dist-packages/torch/lib/libc10.so)
frame #2: c10::DistNetworkError::DistNetworkError(c10::SourceLocation, std::__cxx11::basic_string<char, std::char_traits<char>, std::allocator<char> >) + 0x78 (0xe0a77ef9f0c8 in /usr/local/lib/python3.12/dist-packages/torch/lib/libc10.so)
frame #3: <unknown function> + 0x70b77ec (0xe0a79c9077ec in /usr/local/lib/python3.12/dist-packages/torch/lib/libtorch_cpu.so)
frame #4: <unknown function> + 0x70b9aa4 (0xe0a79c909aa4 in /usr/local/lib/python3.12/dist-packages/torch/lib/libtorch_cpu.so)
frame #5: <unknown function> + 0x70b9c18 (0xe0a79c909c18 in /usr/local/lib/python3.12/dist-packages/torch/lib/libtorch_cpu.so)
frame #6: c10d::TCPStore::check(std::vector<std::__cxx11::basic_string<char, std::char_traits<char>, std::allocator<char> >, std::allocator<std::__cxx11::basic_string<char, std::char_traits<char>, std::allocator<char> > > > const&) + 0x23c (0xe0a79c90ab1c in /usr/local/lib/python3.12/dist-packages/torch/lib/libtorch_cpu.so)
frame #7: c10d::ProcessGroupNCCL::HeartbeatMonitor::runLoop() + 0x330 (0xe0a77fee7350 in /usr/local/lib/python3.12/dist-packages/torch/lib/libtorch_cuda.so)
frame #8: <unknown function> + 0xe1ae0 (0xe0a830351ae0 in /lib/aarch64-linux-gnu/libstdc++.so.6)
frame #9: <unknown function> + 0x8582c (0xe0a83121582c in /lib/aarch64-linux-gnu/libc.so.6)
frame #10: <unknown function> + 0xeb79c (0xe0a83127b79c in /lib/aarch64-linux-gnu/libc.so.6)

[rank1]:[W910 12:28:32.227789950 ProcessGroupNCCL.cpp:1876] [PG ID 0 PG GUID 0 Rank 1] Failed to check the "should dump" flag on TCPStore, (maybe TCPStore server has shut down too early), with error: Broken pipe
[rank1]:[W910 12:28:33.228273816 TCPStore.cpp:106] [c10d] sendBytes failed on SocketImpl(fd=48, addr=[kiwi.200gb]:54432, remote=[emu.200gb]:29553): Broken pipe
Exception raised from sendBytes at /__w/pytorch/pytorch/torch/csrc/distributed/c10d/Utils.hpp:758 (most recent call first):
frame #0: c10::Error::Error(c10::SourceLocation, std::__cxx11::basic_string<char, std::char_traits<char>, std::allocator<char> >) + 0xc8 (0xe0a77ef9e158 in /usr/local/lib/python3.12/dist-packages/torch/lib/libc10.so)
frame #1: c10::DistError::DistError(c10::SourceLocation, std::__cxx11::basic_string<char, std::char_traits<char>, std::allocator<char> >) + 0x78 (0xe0a77ef9ed48 in /usr/local/lib/python3.12/dist-packages/torch/lib/libc10.so)
frame #2: c10::DistNetworkError::DistNetworkError(c10::SourceLocation, std::__cxx11::basic_string<char, std::char_traits<char>, std::allocator<char> >) + 0x78 (0xe0a77ef9f0c8 in /usr/local/lib/python3.12/dist-packages/torch/lib/libc10.so)
frame #3: <unknown function> + 0x70b77ec (0xe0a79c9077ec in /usr/local/lib/python3.12/dist-packages/torch/lib/libtorch_cpu.so)
frame #4: <unknown function> + 0x70b9aa4 (0xe0a79c909aa4 in /usr/local/lib/python3.12/dist-packages/torch/lib/libtorch_cpu.so)
frame #5: <unknown function> + 0x70b9c18 (0xe0a79c909c18 in /usr/local/lib/python3.12/dist-packages/torch/lib/libtorch_cpu.so)
frame #6: c10d::TCPStore::check(std::vector<std::__cxx11::basic_string<char, std::char_traits<char>, std::allocator<char> >, std::allocator<std::__cxx11::basic_string<char, std::char_traits<char>, std::allocator<char> > > > const&) + 0x23c (0xe0a79c90ab1c in /usr/local/lib/python3.12/dist-packages/torch/lib/libtorch_cpu.so)
frame #7: c10d::ProcessGroupNCCL::HeartbeatMonitor::runLoop() + 0x330 (0xe0a77fee7350 in /usr/local/lib/python3.12/dist-packages/torch/lib/libtorch_cuda.so)
frame #8: <unknown function> + 0xe1ae0 (0xe0a830351ae0 in /lib/aarch64-linux-gnu/libstdc++.so.6)
frame #9: <unknown function> + 0x8582c (0xe0a83121582c in /lib/aarch64-linux-gnu/libc.so.6)
frame #10: <unknown function> + 0xeb79c (0xe0a83127b79c in /lib/aarch64-linux-gnu/libc.so.6)

[rank1]:[W910 12:28:33.231164349 ProcessGroupNCCL.cpp:1876] [PG ID 0 PG GUID 0 Rank 1] Failed to check the "should dump" flag on TCPStore, (maybe TCPStore server has shut down too early), with error: Broken pipe
[rank1]:[W910 12:28:34.231397284 TCPStore.cpp:106] [c10d] sendBytes failed on SocketImpl(fd=48, addr=[kiwi.200gb]:54432, remote=[emu.200gb]:29553): Broken pipe
Exception raised from sendBytes at /__w/pytorch/pytorch/torch/csrc/distributed/c10d/Utils.hpp:758 (most recent call first):
frame #0: c10::Error::Error(c10::SourceLocation, std::__cxx11::basic_string<char, std::char_traits<char>, std::allocator<char> >) + 0xc8 (0xe0a77ef9e158 in /usr/local/lib/python3.12/dist-packages/torch/lib/libc10.so)
frame #1: c10::DistError::DistError(c10::SourceLocation, std::__cxx11::basic_string<char, std::char_traits<char>, std::allocator<char> >) + 0x78 (0xe0a77ef9ed48 in /usr/local/lib/python3.12/dist-packages/torch/lib/libc10.so)
frame #2: c10::DistNetworkError::DistNetworkError(c10::SourceLocation, std::__cxx11::basic_string<char, std::char_traits<char>, std::allocator<char> >) + 0x78 (0xe0a77ef9f0c8 in /usr/local/lib/python3.12/dist-packages/torch/lib/libc10.so)
frame #3: <unknown function> + 0x70b77ec (0xe0a79c9077ec in /usr/local/lib/python3.12/dist-packages/torch/lib/libtorch_cpu.so)
frame #4: <unknown function> + 0x70b9aa4 (0xe0a79c909aa4 in /usr/local/lib/python3.12/dist-packages/torch/lib/libtorch_cpu.so)
frame #5: <unknown function> + 0x70b9c18 (0xe0a79c909c18 in /usr/local/lib/python3.12/dist-packages/torch/lib/libtorch_cpu.so)
frame #6: c10d::TCPStore::check(std::vector<std::__cxx11::basic_string<char, std::char_traits<char>, std::allocator<char> >, std::allocator<std::__cxx11::basic_string<char, std::char_traits<char>, std::allocator<char> > > > const&) + 0x23c (0xe0a79c90ab1c in /usr/local/lib/python3.12/dist-packages/torch/lib/libtorch_cpu.so)
frame #7: c10d::ProcessGroupNCCL::HeartbeatMonitor::runLoop() + 0x330 (0xe0a77fee7350 in /usr/local/lib/python3.12/dist-packages/torch/lib/libtorch_cuda.so)
frame #8: <unknown function> + 0xe1ae0 (0xe0a830351ae0 in /lib/aarch64-linux-gnu/libstdc++.so.6)
frame #9: <unknown function> + 0x8582c (0xe0a83121582c in /lib/aarch64-linux-gnu/libc.so.6)
frame #10: <unknown function> + 0xeb79c (0xe0a83127b79c in /lib/aarch64-linux-gnu/libc.so.6)

[rank1]:[W910 12:28:34.233998057 ProcessGroupNCCL.cpp:1876] [PG ID 0 PG GUID 0 Rank 1] Failed to check the "should dump" flag on TCPStore, (maybe TCPStore server has shut down too early), with error: Broken pipe
[rank1]:[W910 12:28:35.234791423 TCPStore.cpp:106] [c10d] sendBytes failed on SocketImpl(fd=48, addr=[kiwi.200gb]:54432, remote=[emu.200gb]:29553): Broken pipe
Exception raised from sendBytes at /__w/pytorch/pytorch/torch/csrc/distributed/c10d/Utils.hpp:758 (most recent call first):
frame #0: c10::Error::Error(c10::SourceLocation, std::__cxx11::basic_string<char, std::char_traits<char>, std::allocator<char> >) + 0xc8 (0xe0a77ef9e158 in /usr/local/lib/python3.12/dist-packages/torch/lib/libc10.so)
frame #1: c10::DistError::DistError(c10::SourceLocation, std::__cxx11::basic_string<char, std::char_traits<char>, std::allocator<char> >) + 0x78 (0xe0a77ef9ed48 in /usr/local/lib/python3.12/dist-packages/torch/lib/libc10.so)
frame #2: c10::DistNetworkError::DistNetworkError(c10::SourceLocation, std::__cxx11::basic_string<char, std::char_traits<char>, std::allocator<char> >) + 0x78 (0xe0a77ef9f0c8 in /usr/local/lib/python3.12/dist-packages/torch/lib/libc10.so)
frame #3: <unknown function> + 0x70b77ec (0xe0a79c9077ec in /usr/local/lib/python3.12/dist-packages/torch/lib/libtorch_cpu.so)
frame #4: <unknown function> + 0x70b9aa4 (0xe0a79c909aa4 in /usr/local/lib/python3.12/dist-packages/torch/lib/libtorch_cpu.so)
frame #5: <unknown function> + 0x70b9c18 (0xe0a79c909c18 in /usr/local/lib/python3.12/dist-packages/torch/lib/libtorch_cpu.so)
frame #6: c10d::TCPStore::check(std::vector<std::__cxx11::basic_string<char, std::char_traits<char>, std::allocator<char> >, std::allocator<std::__cxx11::basic_string<char, std::char_traits<char>, std::allocator<char> > > > const&) + 0x23c (0xe0a79c90ab1c in /usr/local/lib/python3.12/dist-packages/torch/lib/libtorch_cpu.so)
frame #7: c10d::ProcessGroupNCCL::HeartbeatMonitor::runLoop() + 0x330 (0xe0a77fee7350 in /usr/local/lib/python3.12/dist-packages/torch/lib/libtorch_cuda.so)
frame #8: <unknown function> + 0xe1ae0 (0xe0a830351ae0 in /lib/aarch64-linux-gnu/libstdc++.so.6)
frame #9: <unknown function> + 0x8582c (0xe0a83121582c in /lib/aarch64-linux-gnu/libc.so.6)
frame #10: <unknown function> + 0xeb79c (0xe0a83127b79c in /lib/aarch64-linux-gnu/libc.so.6)

[rank1]:[W910 12:28:35.238233381 ProcessGroupNCCL.cpp:1876] [PG ID 0 PG GUID 0 Rank 1] Failed to check the "should dump" flag on TCPStore, (maybe TCPStore server has shut down too early), with error: Broken pipe
[rank1]:[W910 12:28:36.239123146 TCPStore.cpp:106] [c10d] sendBytes failed on SocketImpl(fd=48, addr=[kiwi.200gb]:54432, remote=[emu.200gb]:29553): Broken pipe
Exception raised from sendBytes at /__w/pytorch/pytorch/torch/csrc/distributed/c10d/Utils.hpp:758 (most recent call first):
frame #0: c10::Error::Error(c10::SourceLocation, std::__cxx11::basic_string<char, std::char_traits<char>, std::allocator<char> >) + 0xc8 (0xe0a77ef9e158 in /usr/local/lib/python3.12/dist-packages/torch/lib/libc10.so)
frame #1: c10::DistError::DistError(c10::SourceLocation, std::__cxx11::basic_string<char, std::char_traits<char>, std::allocator<char> >) + 0x78 (0xe0a77ef9ed48 in /usr/local/lib/python3.12/dist-packages/torch/lib/libc10.so)
frame #2: c10::DistNetworkError::DistNetworkError(c10::SourceLocation, std::__cxx11::basic_string<char, std::char_traits<char>, std::allocator<char> >) + 0x78 (0xe0a77ef9f0c8 in /usr/local/lib/python3.12/dist-packages/torch/lib/libc10.so)
frame #3: <unknown function> + 0x70b77ec (0xe0a79c9077ec in /usr/local/lib/python3.12/dist-packages/torch/lib/libtorch_cpu.so)
frame #4: <unknown function> + 0x70b9aa4 (0xe0a79c909aa4 in /usr/local/lib/python3.12/dist-packages/torch/lib/libtorch_cpu.so)
frame #5: <unknown function> + 0x70b9c18 (0xe0a79c909c18 in /usr/local/lib/python3.12/dist-packages/torch/lib/libtorch_cpu.so)
frame #6: c10d::TCPStore::check(std::vector<std::__cxx11::basic_string<char, std::char_traits<char>, std::allocator<char> >, std::allocator<std::__cxx11::basic_string<char, std::char_traits<char>, std::allocator<char> > > > const&) + 0x23c (0xe0a79c90ab1c in /usr/local/lib/python3.12/dist-packages/torch/lib/libtorch_cpu.so)
frame #7: c10d::ProcessGroupNCCL::HeartbeatMonitor::runLoop() + 0x330 (0xe0a77fee7350 in /usr/local/lib/python3.12/dist-packages/torch/lib/libtorch_cuda.so)
frame #8: <unknown function> + 0xe1ae0 (0xe0a830351ae0 in /lib/aarch64-linux-gnu/libstdc++.so.6)
frame #9: <unknown function> + 0x8582c (0xe0a83121582c in /lib/aarch64-linux-gnu/libc.so.6)
frame #10: <unknown function> + 0xeb79c (0xe0a83127b79c in /lib/aarch64-linux-gnu/libc.so.6)

[rank1]:[W910 12:28:36.242341248 ProcessGroupNCCL.cpp:1876] [PG ID 0 PG GUID 0 Rank 1] Failed to check the "should dump" flag on TCPStore, (maybe TCPStore server has shut down too early), with error: Broken pipe
[rank1]:[W910 12:28:37.243182019 TCPStore.cpp:106] [c10d] sendBytes failed on SocketImpl(fd=48, addr=[kiwi.200gb]:54432, remote=[emu.200gb]:29553): Broken pipe
Exception raised from sendBytes at /__w/pytorch/pytorch/torch/csrc/distributed/c10d/Utils.hpp:758 (most recent call first):
frame #0: c10::Error::Error(c10::SourceLocation, std::__cxx11::basic_string<char, std::char_traits<char>, std::allocator<char> >) + 0xc8 (0xe0a77ef9e158 in /usr/local/lib/python3.12/dist-packages/torch/lib/libc10.so)
frame #1: c10::DistError::DistError(c10::SourceLocation, std::__cxx11::basic_string<char, std::char_traits<char>, std::allocator<char> >) + 0x78 (0xe0a77ef9ed48 in /usr/local/lib/python3.12/dist-packages/torch/lib/libc10.so)
frame #2: c10::DistNetworkError::DistNetworkError(c10::SourceLocation, std::__cxx11::basic_string<char, std::char_traits<char>, std::allocator<char> >) + 0x78 (0xe0a77ef9f0c8 in /usr/local/lib/python3.12/dist-packages/torch/lib/libc10.so)
frame #3: <unknown function> + 0x70b77ec (0xe0a79c9077ec in /usr/local/lib/python3.12/dist-packages/torch/lib/libtorch_cpu.so)
frame #4: <unknown function> + 0x70b9aa4 (0xe0a79c909aa4 in /usr/local/lib/python3.12/dist-packages/torch/lib/libtorch_cpu.so)
frame #5: <unknown function> + 0x70b9c18 (0xe0a79c909c18 in /usr/local/lib/python3.12/dist-packages/torch/lib/libtorch_cpu.so)
frame #6: c10d::TCPStore::check(std::vector<std::__cxx11::basic_string<char, std::char_traits<char>, std::allocator<char> >, std::allocator<std::__cxx11::basic_string<char, std::char_traits<char>, std::allocator<char> > > > const&) + 0x23c (0xe0a79c90ab1c in /usr/local/lib/python3.12/dist-packages/torch/lib/libtorch_cpu.so)
frame #7: c10d::ProcessGroupNCCL::HeartbeatMonitor::runLoop() + 0x330 (0xe0a77fee7350 in /usr/local/lib/python3.12/dist-packages/torch/lib/libtorch_cuda.so)
frame #8: <unknown function> + 0xe1ae0 (0xe0a830351ae0 in /lib/aarch64-linux-gnu/libstdc++.so.6)
frame #9: <unknown function> + 0x8582c (0xe0a83121582c in /lib/aarch64-linux-gnu/libc.so.6)
frame #10: <unknown function> + 0xeb79c (0xe0a83127b79c in /lib/aarch64-linux-gnu/libc.so.6)

[rank1]:[W910 12:28:37.246327609 ProcessGroupNCCL.cpp:1876] [PG ID 0 PG GUID 0 Rank 1] Failed to check the "should dump" flag on TCPStore, (maybe TCPStore server has shut down too early), with error: Broken pipe
[rank1]:[W910 12:28:38.247159017 TCPStore.cpp:106] [c10d] sendBytes failed on SocketImpl(fd=48, addr=[kiwi.200gb]:54432, remote=[emu.200gb]:29553): Broken pipe
Exception raised from sendBytes at /__w/pytorch/pytorch/torch/csrc/distributed/c10d/Utils.hpp:758 (most recent call first):
frame #0: c10::Error::Error(c10::SourceLocation, std::__cxx11::basic_string<char, std::char_traits<char>, std::allocator<char> >) + 0xc8 (0xe0a77ef9e158 in /usr/local/lib/python3.12/dist-packages/torch/lib/libc10.so)
frame #1: c10::DistError::DistError(c10::SourceLocation, std::__cxx11::basic_string<char, std::char_traits<char>, std::allocator<char> >) + 0x78 (0xe0a77ef9ed48 in /usr/local/lib/python3.12/dist-packages/torch/lib/libc10.so)
frame #2: c10::DistNetworkError::DistNetworkError(c10::SourceLocation, std::__cxx11::basic_string<char, std::char_traits<char>, std::allocator<char> >) + 0x78 (0xe0a77ef9f0c8 in /usr/local/lib/python3.12/dist-packages/torch/lib/libc10.so)
frame #3: <unknown function> + 0x70b77ec (0xe0a79c9077ec in /usr/local/lib/python3.12/dist-packages/torch/lib/libtorch_cpu.so)
frame #4: <unknown function> + 0x70b9aa4 (0xe0a79c909aa4 in /usr/local/lib/python3.12/dist-packages/torch/lib/libtorch_cpu.so)
frame #5: <unknown function> + 0x70b9c18 (0xe0a79c909c18 in /usr/local/lib/python3.12/dist-packages/torch/lib/libtorch_cpu.so)
frame #6: c10d::TCPStore::check(std::vector<std::__cxx11::basic_string<char, std::char_traits<char>, std::allocator<char> >, std::allocator<std::__cxx11::basic_string<char, std::char_traits<char>, std::allocator<char> > > > const&) + 0x23c (0xe0a79c90ab1c in /usr/local/lib/python3.12/dist-packages/torch/lib/libtorch_cpu.so)
frame #7: c10d::ProcessGroupNCCL::HeartbeatMonitor::runLoop() + 0x330 (0xe0a77fee7350 in /usr/local/lib/python3.12/dist-packages/torch/lib/libtorch_cuda.so)
frame #8: <unknown function> + 0xe1ae0 (0xe0a830351ae0 in /lib/aarch64-linux-gnu/libstdc++.so.6)
frame #9: <unknown function> + 0x8582c (0xe0a83121582c in /lib/aarch64-linux-gnu/libc.so.6)
frame #10: <unknown function> + 0xeb79c (0xe0a83127b79c in /lib/aarch64-linux-gnu/libc.so.6)

[rank1]:[W910 12:28:38.250284654 ProcessGroupNCCL.cpp:1876] [PG ID 0 PG GUID 0 Rank 1] Failed to check the "should dump" flag on TCPStore, (maybe TCPStore server has shut down too early), with error: Broken pipe
[rank1]:[W910 12:28:39.250968493 TCPStore.cpp:106] [c10d] sendBytes failed on SocketImpl(fd=48, addr=[kiwi.200gb]:54432, remote=[emu.200gb]:29553): Broken pipe
Exception raised from sendBytes at /__w/pytorch/pytorch/torch/csrc/distributed/c10d/Utils.hpp:758 (most recent call first):
frame #0: c10::Error::Error(c10::SourceLocation, std::__cxx11::basic_string<char, std::char_traits<char>, std::allocator<char> >) + 0xc8 (0xe0a77ef9e158 in /usr/local/lib/python3.12/dist-packages/torch/lib/libc10.so)
frame #1: c10::DistError::DistError(c10::SourceLocation, std::__cxx11::basic_string<char, std::char_traits<char>, std::allocator<char> >) + 0x78 (0xe0a77ef9ed48 in /usr/local/lib/python3.12/dist-packages/torch/lib/libc10.so)
frame #2: c10::DistNetworkError::DistNetworkError(c10::SourceLocation, std::__cxx11::basic_string<char, std::char_traits<char>, std::allocator<char> >) + 0x78 (0xe0a77ef9f0c8 in /usr/local/lib/python3.12/dist-packages/torch/lib/libc10.so)
frame #3: <unknown function> + 0x70b77ec (0xe0a79c9077ec in /usr/local/lib/python3.12/dist-packages/torch/lib/libtorch_cpu.so)
frame #4: <unknown function> + 0x70b9aa4 (0xe0a79c909aa4 in /usr/local/lib/python3.12/dist-packages/torch/lib/libtorch_cpu.so)
frame #5: <unknown function> + 0x70b9c18 (0xe0a79c909c18 in /usr/local/lib/python3.12/dist-packages/torch/lib/libtorch_cpu.so)
frame #6: c10d::TCPStore::check(std::vector<std::__cxx11::basic_string<char, std::char_traits<char>, std::allocator<char> >, std::allocator<std::__cxx11::basic_string<char, std::char_traits<char>, std::allocator<char> > > > const&) + 0x23c (0xe0a79c90ab1c in /usr/local/lib/python3.12/dist-packages/torch/lib/libtorch_cpu.so)
frame #7: c10d::ProcessGroupNCCL::HeartbeatMonitor::runLoop() + 0x330 (0xe0a77fee7350 in /usr/local/lib/python3.12/dist-packages/torch/lib/libtorch_cuda.so)
frame #8: <unknown function> + 0xe1ae0 (0xe0a830351ae0 in /lib/aarch64-linux-gnu/libstdc++.so.6)
frame #9: <unknown function> + 0x8582c (0xe0a83121582c in /lib/aarch64-linux-gnu/libc.so.6)
frame #10: <unknown function> + 0xeb79c (0xe0a83127b79c in /lib/aarch64-linux-gnu/libc.so.6)

[rank1]:[W910 12:28:39.254621619 ProcessGroupNCCL.cpp:1876] [PG ID 0 PG GUID 0 Rank 1] Failed to check the "should dump" flag on TCPStore, (maybe TCPStore server has shut down too early), with error: Broken pipe
[rank1]:[W910 12:28:40.255493825 TCPStore.cpp:106] [c10d] sendBytes failed on SocketImpl(fd=48, addr=[kiwi.200gb]:54432, remote=[emu.200gb]:29553): Broken pipe
Exception raised from sendBytes at /__w/pytorch/pytorch/torch/csrc/distributed/c10d/Utils.hpp:758 (most recent call first):
frame #0: c10::Error::Error(c10::SourceLocation, std::__cxx11::basic_string<char, std::char_traits<char>, std::allocator<char> >) + 0xc8 (0xe0a77ef9e158 in /usr/local/lib/python3.12/dist-packages/torch/lib/libc10.so)
frame #1: c10::DistError::DistError(c10::SourceLocation, std::__cxx11::basic_string<char, std::char_traits<char>, std::allocator<char> >) + 0x78 (0xe0a77ef9ed48 in /usr/local/lib/python3.12/dist-packages/torch/lib/libc10.so)
frame #2: c10::DistNetworkError::DistNetworkError(c10::SourceLocation, std::__cxx11::basic_string<char, std::char_traits<char>, std::allocator<char> >) + 0x78 (0xe0a77ef9f0c8 in /usr/local/lib/python3.12/dist-packages/torch/lib/libc10.so)
frame #3: <unknown function> + 0x70b77ec (0xe0a79c9077ec in /usr/local/lib/python3.12/dist-packages/torch/lib/libtorch_cpu.so)
frame #4: <unknown function> + 0x70b9aa4 (0xe0a79c909aa4 in /usr/local/lib/python3.12/dist-packages/torch/lib/libtorch_cpu.so)
frame #5: <unknown function> + 0x70b9c18 (0xe0a79c909c18 in /usr/local/lib/python3.12/dist-packages/torch/lib/libtorch_cpu.so)
frame #6: c10d::TCPStore::check(std::vector<std::__cxx11::basic_string<char, std::char_traits<char>, std::allocator<char> >, std::allocator<std::__cxx11::basic_string<char, std::char_traits<char>, std::allocator<char> > > > const&) + 0x23c (0xe0a79c90ab1c in /usr/local/lib/python3.12/dist-packages/torch/lib/libtorch_cpu.so)
frame #7: c10d::ProcessGroupNCCL::HeartbeatMonitor::runLoop() + 0x330 (0xe0a77fee7350 in /usr/local/lib/python3.12/dist-packages/torch/lib/libtorch_cuda.so)
frame #8: <unknown function> + 0xe1ae0 (0xe0a830351ae0 in /lib/aarch64-linux-gnu/libstdc++.so.6)
frame #9: <unknown function> + 0x8582c (0xe0a83121582c in /lib/aarch64-linux-gnu/libc.so.6)
frame #10: <unknown function> + 0xeb79c (0xe0a83127b79c in /lib/aarch64-linux-gnu/libc.so.6)

[rank1]:[W910 12:28:40.258962966 ProcessGroupNCCL.cpp:1876] [PG ID 0 PG GUID 0 Rank 1] Failed to check the "should dump" flag on TCPStore, (maybe TCPStore server has shut down too early), with error: Broken pipe
[rank1]:[W910 12:28:41.259781458 TCPStore.cpp:106] [c10d] sendBytes failed on SocketImpl(fd=48, addr=[kiwi.200gb]:54432, remote=[emu.200gb]:29553): Broken pipe
Exception raised from sendBytes at /__w/pytorch/pytorch/torch/csrc/distributed/c10d/Utils.hpp:758 (most recent call first):
frame #0: c10::Error::Error(c10::SourceLocation, std::__cxx11::basic_string<char, std::char_traits<char>, std::allocator<char> >) + 0xc8 (0xe0a77ef9e158 in /usr/local/lib/python3.12/dist-packages/torch/lib/libc10.so)
frame #1: c10::DistError::DistError(c10::SourceLocation, std::__cxx11::basic_string<char, std::char_traits<char>, std::allocator<char> >) + 0x78 (0xe0a77ef9ed48 in /usr/local/lib/python3.12/dist-packages/torch/lib/libc10.so)
frame #2: c10::DistNetworkError::DistNetworkError(c10::SourceLocation, std::__cxx11::basic_string<char, std::char_traits<char>, std::allocator<char> >) + 0x78 (0xe0a77ef9f0c8 in /usr/local/lib/python3.12/dist-packages/torch/lib/libc10.so)
frame #3: <unknown function> + 0x70b77ec (0xe0a79c9077ec in /usr/local/lib/python3.12/dist-packages/torch/lib/libtorch_cpu.so)
frame #4: <unknown function> + 0x70b9aa4 (0xe0a79c909aa4 in /usr/local/lib/python3.12/dist-packages/torch/lib/libtorch_cpu.so)
frame #5: <unknown function> + 0x70b9c18 (0xe0a79c909c18 in /usr/local/lib/python3.12/dist-packages/torch/lib/libtorch_cpu.so)
frame #6: c10d::TCPStore::check(std::vector<std::__cxx11::basic_string<char, std::char_traits<char>, std::allocator<char> >, std::allocator<std::__cxx11::basic_string<char, std::char_traits<char>, std::allocator<char> > > > const&) + 0x23c (0xe0a79c90ab1c in /usr/local/lib/python3.12/dist-packages/torch/lib/libtorch_cpu.so)
frame #7: c10d::ProcessGroupNCCL::HeartbeatMonitor::runLoop() + 0x330 (0xe0a77fee7350 in /usr/local/lib/python3.12/dist-packages/torch/lib/libtorch_cuda.so)
frame #8: <unknown function> + 0xe1ae0 (0xe0a830351ae0 in /lib/aarch64-linux-gnu/libstdc++.so.6)
frame #9: <unknown function> + 0x8582c (0xe0a83121582c in /lib/aarch64-linux-gnu/libc.so.6)
frame #10: <unknown function> + 0xeb79c (0xe0a83127b79c in /lib/aarch64-linux-gnu/libc.so.6)

[rank1]:[W910 12:28:41.262935687 ProcessGroupNCCL.cpp:1876] [PG ID 0 PG GUID 0 Rank 1] Failed to check the "should dump" flag on TCPStore, (maybe TCPStore server has shut down too early), with error: Broken pipe
[rank1]:[W910 12:28:42.263293599 TCPStore.cpp:106] [c10d] sendBytes failed on SocketImpl(fd=48, addr=[kiwi.200gb]:54432, remote=[emu.200gb]:29553): Broken pipe
Exception raised from sendBytes at /__w/pytorch/pytorch/torch/csrc/distributed/c10d/Utils.hpp:758 (most recent call first):
frame #0: c10::Error::Error(c10::SourceLocation, std::__cxx11::basic_string<char, std::char_traits<char>, std::allocator<char> >) + 0xc8 (0xe0a77ef9e158 in /usr/local/lib/python3.12/dist-packages/torch/lib/libc10.so)
frame #1: c10::DistError::DistError(c10::SourceLocation, std::__cxx11::basic_string<char, std::char_traits<char>, std::allocator<char> >) + 0x78 (0xe0a77ef9ed48 in /usr/local/lib/python3.12/dist-packages/torch/lib/libc10.so)
frame #2: c10::DistNetworkError::DistNetworkError(c10::SourceLocation, std::__cxx11::basic_string<char, std::char_traits<char>, std::allocator<char> >) + 0x78 (0xe0a77ef9f0c8 in /usr/local/lib/python3.12/dist-packages/torch/lib/libc10.so)
frame #3: <unknown function> + 0x70b77ec (0xe0a79c9077ec in /usr/local/lib/python3.12/dist-packages/torch/lib/libtorch_cpu.so)
frame #4: <unknown function> + 0x70b9aa4 (0xe0a79c909aa4 in /usr/local/lib/python3.12/dist-packages/torch/lib/libtorch_cpu.so)
frame #5: <unknown function> + 0x70b9c18 (0xe0a79c909c18 in /usr/local/lib/python3.12/dist-packages/torch/lib/libtorch_cpu.so)
frame #6: c10d::TCPStore::check(std::vector<std::__cxx11::basic_string<char, std::char_traits<char>, std::allocator<char> >, std::allocator<std::__cxx11::basic_string<char, std::char_traits<char>, std::allocator<char> > > > const&) + 0x23c (0xe0a79c90ab1c in /usr/local/lib/python3.12/dist-packages/torch/lib/libtorch_cpu.so)
frame #7: c10d::ProcessGroupNCCL::HeartbeatMonitor::runLoop() + 0x330 (0xe0a77fee7350 in /usr/local/lib/python3.12/dist-packages/torch/lib/libtorch_cuda.so)
frame #8: <unknown function> + 0xe1ae0 (0xe0a830351ae0 in /lib/aarch64-linux-gnu/libstdc++.so.6)
frame #9: <unknown function> + 0x8582c (0xe0a83121582c in /lib/aarch64-linux-gnu/libc.so.6)
frame #10: <unknown function> + 0xeb79c (0xe0a83127b79c in /lib/aarch64-linux-gnu/libc.so.6)

[rank1]:[W910 12:28:42.266539141 ProcessGroupNCCL.cpp:1876] [PG ID 0 PG GUID 0 Rank 1] Failed to check the "should dump" flag on TCPStore, (maybe TCPStore server has shut down too early), with error: Broken pipe
[rank1]:[W910 12:28:43.267413900 TCPStore.cpp:106] [c10d] sendBytes failed on SocketImpl(fd=48, addr=[kiwi.200gb]:54432, remote=[emu.200gb]:29553): Broken pipe
Exception raised from sendBytes at /__w/pytorch/pytorch/torch/csrc/distributed/c10d/Utils.hpp:758 (most recent call first):
frame #0: c10::Error::Error(c10::SourceLocation, std::__cxx11::basic_string<char, std::char_traits<char>, std::allocator<char> >) + 0xc8 (0xe0a77ef9e158 in /usr/local/lib/python3.12/dist-packages/torch/lib/libc10.so)
frame #1: c10::DistError::DistError(c10::SourceLocation, std::__cxx11::basic_string<char, std::char_traits<char>, std::allocator<char> >) + 0x78 (0xe0a77ef9ed48 in /usr/local/lib/python3.12/dist-packages/torch/lib/libc10.so)
frame #2: c10::DistNetworkError::DistNetworkError(c10::SourceLocation, std::__cxx11::basic_string<char, std::char_traits<char>, std::allocator<char> >) + 0x78 (0xe0a77ef9f0c8 in /usr/local/lib/python3.12/dist-packages/torch/lib/libc10.so)
frame #3: <unknown function> + 0x70b77ec (0xe0a79c9077ec in /usr/local/lib/python3.12/dist-packages/torch/lib/libtorch_cpu.so)
frame #4: <unknown function> + 0x70b9aa4 (0xe0a79c909aa4 in /usr/local/lib/python3.12/dist-packages/torch/lib/libtorch_cpu.so)
frame #5: <unknown function> + 0x70b9c18 (0xe0a79c909c18 in /usr/local/lib/python3.12/dist-packages/torch/lib/libtorch_cpu.so)
frame #6: c10d::TCPStore::check(std::vector<std::__cxx11::basic_string<char, std::char_traits<char>, std::allocator<char> >, std::allocator<std::__cxx11::basic_string<char, std::char_traits<char>, std::allocator<char> > > > const&) + 0x23c (0xe0a79c90ab1c in /usr/local/lib/python3.12/dist-packages/torch/lib/libtorch_cpu.so)
frame #7: c10d::ProcessGroupNCCL::HeartbeatMonitor::runLoop() + 0x330 (0xe0a77fee7350 in /usr/local/lib/python3.12/dist-packages/torch/lib/libtorch_cuda.so)
frame #8: <unknown function> + 0xe1ae0 (0xe0a830351ae0 in /lib/aarch64-linux-gnu/libstdc++.so.6)
frame #9: <unknown function> + 0x8582c (0xe0a83121582c in /lib/aarch64-linux-gnu/libc.so.6)
frame #10: <unknown function> + 0xeb79c (0xe0a83127b79c in /lib/aarch64-linux-gnu/libc.so.6)

[rank1]:[W910 12:28:43.270018656 ProcessGroupNCCL.cpp:1876] [PG ID 0 PG GUID 0 Rank 1] Failed to check the "should dump" flag on TCPStore, (maybe TCPStore server has shut down too early), with error: Broken pipe
[rank1]:[W910 12:28:44.270891750 TCPStore.cpp:106] [c10d] sendBytes failed on SocketImpl(fd=48, addr=[kiwi.200gb]:54432, remote=[emu.200gb]:29553): Broken pipe
Exception raised from sendBytes at /__w/pytorch/pytorch/torch/csrc/distributed/c10d/Utils.hpp:758 (most recent call first):
frame #0: c10::Error::Error(c10::SourceLocation, std::__cxx11::basic_string<char, std::char_traits<char>, std::allocator<char> >) + 0xc8 (0xe0a77ef9e158 in /usr/local/lib/python3.12/dist-packages/torch/lib/libc10.so)
frame #1: c10::DistError::DistError(c10::SourceLocation, std::__cxx11::basic_string<char, std::char_traits<char>, std::allocator<char> >) + 0x78 (0xe0a77ef9ed48 in /usr/local/lib/python3.12/dist-packages/torch/lib/libc10.so)
frame #2: c10::DistNetworkError::DistNetworkError(c10::SourceLocation, std::__cxx11::basic_string<char, std::char_traits<char>, std::allocator<char> >) + 0x78 (0xe0a77ef9f0c8 in /usr/local/lib/python3.12/dist-packages/torch/lib/libc10.so)
frame #3: <unknown function> + 0x70b77ec (0xe0a79c9077ec in /usr/local/lib/python3.12/dist-packages/torch/lib/libtorch_cpu.so)
frame #4: <unknown function> + 0x70b9aa4 (0xe0a79c909aa4 in /usr/local/lib/python3.12/dist-packages/torch/lib/libtorch_cpu.so)
frame #5: <unknown function> + 0x70b9c18 (0xe0a79c909c18 in /usr/local/lib/python3.12/dist-packages/torch/lib/libtorch_cpu.so)
frame #6: c10d::TCPStore::check(std::vector<std::__cxx11::basic_string<char, std::char_traits<char>, std::allocator<char> >, std::allocator<std::__cxx11::basic_string<char, std::char_traits<char>, std::allocator<char> > > > const&) + 0x23c (0xe0a79c90ab1c in /usr/local/lib/python3.12/dist-packages/torch/lib/libtorch_cpu.so)
frame #7: c10d::ProcessGroupNCCL::HeartbeatMonitor::runLoop() + 0x330 (0xe0a77fee7350 in /usr/local/lib/python3.12/dist-packages/torch/lib/libtorch_cuda.so)
frame #8: <unknown function> + 0xe1ae0 (0xe0a830351ae0 in /lib/aarch64-linux-gnu/libstdc++.so.6)
frame #9: <unknown function> + 0x8582c (0xe0a83121582c in /lib/aarch64-linux-gnu/libc.so.6)
frame #10: <unknown function> + 0xeb79c (0xe0a83127b79c in /lib/aarch64-linux-gnu/libc.so.6)

[rank1]:[W910 12:28:44.274247595 ProcessGroupNCCL.cpp:1876] [PG ID 0 PG GUID 0 Rank 1] Failed to check the "should dump" flag on TCPStore, (maybe TCPStore server has shut down too early), with error: Broken pipe
[rank1]:[W910 12:28:45.274495854 TCPStore.cpp:106] [c10d] sendBytes failed on SocketImpl(fd=48, addr=[kiwi.200gb]:54432, remote=[emu.200gb]:29553): Broken pipe
Exception raised from sendBytes at /__w/pytorch/pytorch/torch/csrc/distributed/c10d/Utils.hpp:758 (most recent call first):
frame #0: c10::Error::Error(c10::SourceLocation, std::__cxx11::basic_string<char, std::char_traits<char>, std::allocator<char> >) + 0xc8 (0xe0a77ef9e158 in /usr/local/lib/python3.12/dist-packages/torch/lib/libc10.so)
frame #1: c10::DistError::DistError(c10::SourceLocation, std::__cxx11::basic_string<char, std::char_traits<char>, std::allocator<char> >) + 0x78 (0xe0a77ef9ed48 in /usr/local/lib/python3.12/dist-packages/torch/lib/libc10.so)
frame #2: c10::DistNetworkError::DistNetworkError(c10::SourceLocation, std::__cxx11::basic_string<char, std::char_traits<char>, std::allocator<char> >) + 0x78 (0xe0a77ef9f0c8 in /usr/local/lib/python3.12/dist-packages/torch/lib/libc10.so)
frame #3: <unknown function> + 0x70b77ec (0xe0a79c9077ec in /usr/local/lib/python3.12/dist-packages/torch/lib/libtorch_cpu.so)
frame #4: <unknown function> + 0x70b9aa4 (0xe0a79c909aa4 in /usr/local/lib/python3.12/dist-packages/torch/lib/libtorch_cpu.so)
frame #5: <unknown function> + 0x70b9c18 (0xe0a79c909c18 in /usr/local/lib/python3.12/dist-packages/torch/lib/libtorch_cpu.so)
frame #6: c10d::TCPStore::check(std::vector<std::__cxx11::basic_string<char, std::char_traits<char>, std::allocator<char> >, std::allocator<std::__cxx11::basic_string<char, std::char_traits<char>, std::allocator<char> > > > const&) + 0x23c (0xe0a79c90ab1c in /usr/local/lib/python3.12/dist-packages/torch/lib/libtorch_cpu.so)
frame #7: c10d::ProcessGroupNCCL::HeartbeatMonitor::runLoop() + 0x330 (0xe0a77fee7350 in /usr/local/lib/python3.12/dist-packages/torch/lib/libtorch_cuda.so)
frame #8: <unknown function> + 0xe1ae0 (0xe0a830351ae0 in /lib/aarch64-linux-gnu/libstdc++.so.6)
frame #9: <unknown function> + 0x8582c (0xe0a83121582c in /lib/aarch64-linux-gnu/libc.so.6)
frame #10: <unknown function> + 0xeb79c (0xe0a83127b79c in /lib/aarch64-linux-gnu/libc.so.6)

[rank1]:[W910 12:28:45.277310819 ProcessGroupNCCL.cpp:1876] [PG ID 0 PG GUID 0 Rank 1] Failed to check the "should dump" flag on TCPStore, (maybe TCPStore server has shut down too early), with error: Broken pipe
[rank1]:[W910 12:28:46.278174100 TCPStore.cpp:106] [c10d] sendBytes failed on SocketImpl(fd=48, addr=[kiwi.200gb]:54432, remote=[emu.200gb]:29553): Broken pipe
Exception raised from sendBytes at /__w/pytorch/pytorch/torch/csrc/distributed/c10d/Utils.hpp:758 (most recent call first):
frame #0: c10::Error::Error(c10::SourceLocation, std::__cxx11::basic_string<char, std::char_traits<char>, std::allocator<char> >) + 0xc8 (0xe0a77ef9e158 in /usr/local/lib/python3.12/dist-packages/torch/lib/libc10.so)
frame #1: c10::DistError::DistError(c10::SourceLocation, std::__cxx11::basic_string<char, std::char_traits<char>, std::allocator<char> >) + 0x78 (0xe0a77ef9ed48 in /usr/local/lib/python3.12/dist-packages/torch/lib/libc10.so)
frame #2: c10::DistNetworkError::DistNetworkError(c10::SourceLocation, std::__cxx11::basic_string<char, std::char_traits<char>, std::allocator<char> >) + 0x78 (0xe0a77ef9f0c8 in /usr/local/lib/python3.12/dist-packages/torch/lib/libc10.so)
frame #3: <unknown function> + 0x70b77ec (0xe0a79c9077ec in /usr/local/lib/python3.12/dist-packages/torch/lib/libtorch_cpu.so)
frame #4: <unknown function> + 0x70b9aa4 (0xe0a79c909aa4 in /usr/local/lib/python3.12/dist-packages/torch/lib/libtorch_cpu.so)
frame #5: <unknown function> + 0x70b9c18 (0xe0a79c909c18 in /usr/local/lib/python3.12/dist-packages/torch/lib/libtorch_cpu.so)
frame #6: c10d::TCPStore::check(std::vector<std::__cxx11::basic_string<char, std::char_traits<char>, std::allocator<char> >, std::allocator<std::__cxx11::basic_string<char, std::char_traits<char>, std::allocator<char> > > > const&) + 0x23c (0xe0a79c90ab1c in /usr/local/lib/python3.12/dist-packages/torch/lib/libtorch_cpu.so)
frame #7: c10d::ProcessGroupNCCL::HeartbeatMonitor::runLoop() + 0x330 (0xe0a77fee7350 in /usr/local/lib/python3.12/dist-packages/torch/lib/libtorch_cuda.so)
frame #8: <unknown function> + 0xe1ae0 (0xe0a830351ae0 in /lib/aarch64-linux-gnu/libstdc++.so.6)
frame #9: <unknown function> + 0x8582c (0xe0a83121582c in /lib/aarch64-linux-gnu/libc.so.6)
frame #10: <unknown function> + 0xeb79c (0xe0a83127b79c in /lib/aarch64-linux-gnu/libc.so.6)

[rank1]:[W910 12:28:46.280723017 ProcessGroupNCCL.cpp:1876] [PG ID 0 PG GUID 0 Rank 1] Failed to check the "should dump" flag on TCPStore, (maybe TCPStore server has shut down too early), with error: Broken pipe
[rank1]:[W910 12:28:47.281590056 TCPStore.cpp:106] [c10d] sendBytes failed on SocketImpl(fd=48, addr=[kiwi.200gb]:54432, remote=[emu.200gb]:29553): Broken pipe
Exception raised from sendBytes at /__w/pytorch/pytorch/torch/csrc/distributed/c10d/Utils.hpp:758 (most recent call first):
frame #0: c10::Error::Error(c10::SourceLocation, std::__cxx11::basic_string<char, std::char_traits<char>, std::allocator<char> >) + 0xc8 (0xe0a77ef9e158 in /usr/local/lib/python3.12/dist-packages/torch/lib/libc10.so)
frame #1: c10::DistError::DistError(c10::SourceLocation, std::__cxx11::basic_string<char, std::char_traits<char>, std::allocator<char> >) + 0x78 (0xe0a77ef9ed48 in /usr/local/lib/python3.12/dist-packages/torch/lib/libc10.so)
frame #2: c10::DistNetworkError::DistNetworkError(c10::SourceLocation, std::__cxx11::basic_string<char, std::char_traits<char>, std::allocator<char> >) + 0x78 (0xe0a77ef9f0c8 in /usr/local/lib/python3.12/dist-packages/torch/lib/libc10.so)
frame #3: <unknown function> + 0x70b77ec (0xe0a79c9077ec in /usr/local/lib/python3.12/dist-packages/torch/lib/libtorch_cpu.so)
frame #4: <unknown function> + 0x70b9aa4 (0xe0a79c909aa4 in /usr/local/lib/python3.12/dist-packages/torch/lib/libtorch_cpu.so)
frame #5: <unknown function> + 0x70b9c18 (0xe0a79c909c18 in /usr/local/lib/python3.12/dist-packages/torch/lib/libtorch_cpu.so)
frame #6: c10d::TCPStore::check(std::vector<std::__cxx11::basic_string<char, std::char_traits<char>, std::allocator<char> >, std::allocator<std::__cxx11::basic_string<char, std::char_traits<char>, std::allocator<char> > > > const&) + 0x23c (0xe0a79c90ab1c in /usr/local/lib/python3.12/dist-packages/torch/lib/libtorch_cpu.so)
frame #7: c10d::ProcessGroupNCCL::HeartbeatMonitor::runLoop() + 0x330 (0xe0a77fee7350 in /usr/local/lib/python3.12/dist-packages/torch/lib/libtorch_cuda.so)
frame #8: <unknown function> + 0xe1ae0 (0xe0a830351ae0 in /lib/aarch64-linux-gnu/libstdc++.so.6)
frame #9: <unknown function> + 0x8582c (0xe0a83121582c in /lib/aarch64-linux-gnu/libc.so.6)
frame #10: <unknown function> + 0xeb79c (0xe0a83127b79c in /lib/aarch64-linux-gnu/libc.so.6)

[rank1]:[W910 12:28:47.284659886 ProcessGroupNCCL.cpp:1876] [PG ID 0 PG GUID 0 Rank 1] Failed to check the "should dump" flag on TCPStore, (maybe TCPStore server has shut down too early), with error: Broken pipe
[rank1]:[W910 12:28:48.285256492 TCPStore.cpp:106] [c10d] sendBytes failed on SocketImpl(fd=48, addr=[kiwi.200gb]:54432, remote=[emu.200gb]:29553): Broken pipe
Exception raised from sendBytes at /__w/pytorch/pytorch/torch/csrc/distributed/c10d/Utils.hpp:758 (most recent call first):
frame #0: c10::Error::Error(c10::SourceLocation, std::__cxx11::basic_string<char, std::char_traits<char>, std::allocator<char> >) + 0xc8 (0xe0a77ef9e158 in /usr/local/lib/python3.12/dist-packages/torch/lib/libc10.so)
frame #1: c10::DistError::DistError(c10::SourceLocation, std::__cxx11::basic_string<char, std::char_traits<char>, std::allocator<char> >) + 0x78 (0xe0a77ef9ed48 in /usr/local/lib/python3.12/dist-packages/torch/lib/libc10.so)
frame #2: c10::DistNetworkError::DistNetworkError(c10::SourceLocation, std::__cxx11::basic_string<char, std::char_traits<char>, std::allocator<char> >) + 0x78 (0xe0a77ef9f0c8 in /usr/local/lib/python3.12/dist-packages/torch/lib/libc10.so)
frame #3: <unknown function> + 0x70b77ec (0xe0a79c9077ec in /usr/local/lib/python3.12/dist-packages/torch/lib/libtorch_cpu.so)
frame #4: <unknown function> + 0x70b9aa4 (0xe0a79c909aa4 in /usr/local/lib/python3.12/dist-packages/torch/lib/libtorch_cpu.so)
frame #5: <unknown function> + 0x70b9c18 (0xe0a79c909c18 in /usr/local/lib/python3.12/dist-packages/torch/lib/libtorch_cpu.so)
frame #6: c10d::TCPStore::check(std::vector<std::__cxx11::basic_string<char, std::char_traits<char>, std::allocator<char> >, std::allocator<std::__cxx11::basic_string<char, std::char_traits<char>, std::allocator<char> > > > const&) + 0x23c (0xe0a79c90ab1c in /usr/local/lib/python3.12/dist-packages/torch/lib/libtorch_cpu.so)
frame #7: c10d::ProcessGroupNCCL::HeartbeatMonitor::runLoop() + 0x330 (0xe0a77fee7350 in /usr/local/lib/python3.12/dist-packages/torch/lib/libtorch_cuda.so)
frame #8: <unknown function> + 0xe1ae0 (0xe0a830351ae0 in /lib/aarch64-linux-gnu/libstdc++.so.6)
frame #9: <unknown function> + 0x8582c (0xe0a83121582c in /lib/aarch64-linux-gnu/libc.so.6)
frame #10: <unknown function> + 0xeb79c (0xe0a83127b79c in /lib/aarch64-linux-gnu/libc.so.6)

[rank1]:[W910 12:28:48.288035217 ProcessGroupNCCL.cpp:1876] [PG ID 0 PG GUID 0 Rank 1] Failed to check the "should dump" flag on TCPStore, (maybe TCPStore server has shut down too early), with error: Broken pipe
[rank1]:[W910 12:28:49.288835228 TCPStore.cpp:106] [c10d] sendBytes failed on SocketImpl(fd=48, addr=[kiwi.200gb]:54432, remote=[emu.200gb]:29553): Broken pipe
Exception raised from sendBytes at /__w/pytorch/pytorch/torch/csrc/distributed/c10d/Utils.hpp:758 (most recent call first):
frame #0: c10::Error::Error(c10::SourceLocation, std::__cxx11::basic_string<char, std::char_traits<char>, std::allocator<char> >) + 0xc8 (0xe0a77ef9e158 in /usr/local/lib/python3.12/dist-packages/torch/lib/libc10.so)
frame #1: c10::DistError::DistError(c10::SourceLocation, std::__cxx11::basic_string<char, std::char_traits<char>, std::allocator<char> >) + 0x78 (0xe0a77ef9ed48 in /usr/local/lib/python3.12/dist-packages/torch/lib/libc10.so)
frame #2: c10::DistNetworkError::DistNetworkError(c10::SourceLocation, std::__cxx11::basic_string<char, std::char_traits<char>, std::allocator<char> >) + 0x78 (0xe0a77ef9f0c8 in /usr/local/lib/python3.12/dist-packages/torch/lib/libc10.so)
frame #3: <unknown function> + 0x70b77ec (0xe0a79c9077ec in /usr/local/lib/python3.12/dist-packages/torch/lib/libtorch_cpu.so)
frame #4: <unknown function> + 0x70b9aa4 (0xe0a79c909aa4 in /usr/local/lib/python3.12/dist-packages/torch/lib/libtorch_cpu.so)
frame #5: <unknown function> + 0x70b9c18 (0xe0a79c909c18 in /usr/local/lib/python3.12/dist-packages/torch/lib/libtorch_cpu.so)
frame #6: c10d::TCPStore::check(std::vector<std::__cxx11::basic_string<char, std::char_traits<char>, std::allocator<char> >, std::allocator<std::__cxx11::basic_string<char, std::char_traits<char>, std::allocator<char> > > > const&) + 0x23c (0xe0a79c90ab1c in /usr/local/lib/python3.12/dist-packages/torch/lib/libtorch_cpu.so)
frame #7: c10d::ProcessGroupNCCL::HeartbeatMonitor::runLoop() + 0x330 (0xe0a77fee7350 in /usr/local/lib/python3.12/dist-packages/torch/lib/libtorch_cuda.so)
frame #8: <unknown function> + 0xe1ae0 (0xe0a830351ae0 in /lib/aarch64-linux-gnu/libstdc++.so.6)
frame #9: <unknown function> + 0x8582c (0xe0a83121582c in /lib/aarch64-linux-gnu/libc.so.6)
frame #10: <unknown function> + 0xeb79c (0xe0a83127b79c in /lib/aarch64-linux-gnu/libc.so.6)

[rank1]:[W910 12:28:49.291954034 ProcessGroupNCCL.cpp:1876] [PG ID 0 PG GUID 0 Rank 1] Failed to check the "should dump" flag on TCPStore, (maybe TCPStore server has shut down too early), with error: Broken pipe
[rank1]:[W910 12:28:50.292093370 TCPStore.cpp:106] [c10d] sendBytes failed on SocketImpl(fd=48, addr=[kiwi.200gb]:54432, remote=[emu.200gb]:29553): Broken pipe
Exception raised from sendBytes at /__w/pytorch/pytorch/torch/csrc/distributed/c10d/Utils.hpp:758 (most recent call first):
frame #0: c10::Error::Error(c10::SourceLocation, std::__cxx11::basic_string<char, std::char_traits<char>, std::allocator<char> >) + 0xc8 (0xe0a77ef9e158 in /usr/local/lib/python3.12/dist-packages/torch/lib/libc10.so)
frame #1: c10::DistError::DistError(c10::SourceLocation, std::__cxx11::basic_string<char, std::char_traits<char>, std::allocator<char> >) + 0x78 (0xe0a77ef9ed48 in /usr/local/lib/python3.12/dist-packages/torch/lib/libc10.so)
frame #2: c10::DistNetworkError::DistNetworkError(c10::SourceLocation, std::__cxx11::basic_string<char, std::char_traits<char>, std::allocator<char> >) + 0x78 (0xe0a77ef9f0c8 in /usr/local/lib/python3.12/dist-packages/torch/lib/libc10.so)
frame #3: <unknown function> + 0x70b77ec (0xe0a79c9077ec in /usr/local/lib/python3.12/dist-packages/torch/lib/libtorch_cpu.so)
frame #4: <unknown function> + 0x70b9aa4 (0xe0a79c909aa4 in /usr/local/lib/python3.12/dist-packages/torch/lib/libtorch_cpu.so)
frame #5: <unknown function> + 0x70b9c18 (0xe0a79c909c18 in /usr/local/lib/python3.12/dist-packages/torch/lib/libtorch_cpu.so)
frame #6: c10d::TCPStore::check(std::vector<std::__cxx11::basic_string<char, std::char_traits<char>, std::allocator<char> >, std::allocator<std::__cxx11::basic_string<char, std::char_traits<char>, std::allocator<char> > > > const&) + 0x23c (0xe0a79c90ab1c in /usr/local/lib/python3.12/dist-packages/torch/lib/libtorch_cpu.so)
frame #7: c10d::ProcessGroupNCCL::HeartbeatMonitor::runLoop() + 0x330 (0xe0a77fee7350 in /usr/local/lib/python3.12/dist-packages/torch/lib/libtorch_cuda.so)
frame #8: <unknown function> + 0xe1ae0 (0xe0a830351ae0 in /lib/aarch64-linux-gnu/libstdc++.so.6)
frame #9: <unknown function> + 0x8582c (0xe0a83121582c in /lib/aarch64-linux-gnu/libc.so.6)
frame #10: <unknown function> + 0xeb79c (0xe0a83127b79c in /lib/aarch64-linux-gnu/libc.so.6)

[rank1]:[W910 12:28:50.294717471 ProcessGroupNCCL.cpp:1876] [PG ID 0 PG GUID 0 Rank 1] Failed to check the "should dump" flag on TCPStore, (maybe TCPStore server has shut down too early), with error: Broken pipe
[rank1]:[W910 12:28:51.295578919 TCPStore.cpp:106] [c10d] sendBytes failed on SocketImpl(fd=48, addr=[kiwi.200gb]:54432, remote=[emu.200gb]:29553): Broken pipe
Exception raised from sendBytes at /__w/pytorch/pytorch/torch/csrc/distributed/c10d/Utils.hpp:758 (most recent call first):
frame #0: c10::Error::Error(c10::SourceLocation, std::__cxx11::basic_string<char, std::char_traits<char>, std::allocator<char> >) + 0xc8 (0xe0a77ef9e158 in /usr/local/lib/python3.12/dist-packages/torch/lib/libc10.so)
frame #1: c10::DistError::DistError(c10::SourceLocation, std::__cxx11::basic_string<char, std::char_traits<char>, std::allocator<char> >) + 0x78 (0xe0a77ef9ed48 in /usr/local/lib/python3.12/dist-packages/torch/lib/libc10.so)
frame #2: c10::DistNetworkError::DistNetworkError(c10::SourceLocation, std::__cxx11::basic_string<char, std::char_traits<char>, std::allocator<char> >) + 0x78 (0xe0a77ef9f0c8 in /usr/local/lib/python3.12/dist-packages/torch/lib/libc10.so)
frame #3: <unknown function> + 0x70b77ec (0xe0a79c9077ec in /usr/local/lib/python3.12/dist-packages/torch/lib/libtorch_cpu.so)
frame #4: <unknown function> + 0x70b9aa4 (0xe0a79c909aa4 in /usr/local/lib/python3.12/dist-packages/torch/lib/libtorch_cpu.so)
frame #5: <unknown function> + 0x70b9c18 (0xe0a79c909c18 in /usr/local/lib/python3.12/dist-packages/torch/lib/libtorch_cpu.so)
frame #6: c10d::TCPStore::check(std::vector<std::__cxx11::basic_string<char, std::char_traits<char>, std::allocator<char> >, std::allocator<std::__cxx11::basic_string<char, std::char_traits<char>, std::allocator<char> > > > const&) + 0x23c (0xe0a79c90ab1c in /usr/local/lib/python3.12/dist-packages/torch/lib/libtorch_cpu.so)
frame #7: c10d::ProcessGroupNCCL::HeartbeatMonitor::runLoop() + 0x330 (0xe0a77fee7350 in /usr/local/lib/python3.12/dist-packages/torch/lib/libtorch_cuda.so)
frame #8: <unknown function> + 0xe1ae0 (0xe0a830351ae0 in /lib/aarch64-linux-gnu/libstdc++.so.6)
frame #9: <unknown function> + 0x8582c (0xe0a83121582c in /lib/aarch64-linux-gnu/libc.so.6)
frame #10: <unknown function> + 0xeb79c (0xe0a83127b79c in /lib/aarch64-linux-gnu/libc.so.6)

[rank1]:[W910 12:28:51.298785868 ProcessGroupNCCL.cpp:1876] [PG ID 0 PG GUID 0 Rank 1] Failed to check the "should dump" flag on TCPStore, (maybe TCPStore server has shut down too early), with error: Broken pipe
[rank1]:[W910 12:28:52.299589042 TCPStore.cpp:106] [c10d] sendBytes failed on SocketImpl(fd=48, addr=[kiwi.200gb]:54432, remote=[emu.200gb]:29553): Broken pipe
Exception raised from sendBytes at /__w/pytorch/pytorch/torch/csrc/distributed/c10d/Utils.hpp:758 (most recent call first):
frame #0: c10::Error::Error(c10::SourceLocation, std::__cxx11::basic_string<char, std::char_traits<char>, std::allocator<char> >) + 0xc8 (0xe0a77ef9e158 in /usr/local/lib/python3.12/dist-packages/torch/lib/libc10.so)
frame #1: c10::DistError::DistError(c10::SourceLocation, std::__cxx11::basic_string<char, std::char_traits<char>, std::allocator<char> >) + 0x78 (0xe0a77ef9ed48 in /usr/local/lib/python3.12/dist-packages/torch/lib/libc10.so)
frame #2: c10::DistNetworkError::DistNetworkError(c10::SourceLocation, std::__cxx11::basic_string<char, std::char_traits<char>, std::allocator<char> >) + 0x78 (0xe0a77ef9f0c8 in /usr/local/lib/python3.12/dist-packages/torch/lib/libc10.so)
frame #3: <unknown function> + 0x70b77ec (0xe0a79c9077ec in /usr/local/lib/python3.12/dist-packages/torch/lib/libtorch_cpu.so)
frame #4: <unknown function> + 0x70b9aa4 (0xe0a79c909aa4 in /usr/local/lib/python3.12/dist-packages/torch/lib/libtorch_cpu.so)
frame #5: <unknown function> + 0x70b9c18 (0xe0a79c909c18 in /usr/local/lib/python3.12/dist-packages/torch/lib/libtorch_cpu.so)
frame #6: c10d::TCPStore::check(std::vector<std::__cxx11::basic_string<char, std::char_traits<char>, std::allocator<char> >, std::allocator<std::__cxx11::basic_string<char, std::char_traits<char>, std::allocator<char> > > > const&) + 0x23c (0xe0a79c90ab1c in /usr/local/lib/python3.12/dist-packages/torch/lib/libtorch_cpu.so)
frame #7: c10d::ProcessGroupNCCL::HeartbeatMonitor::runLoop() + 0x330 (0xe0a77fee7350 in /usr/local/lib/python3.12/dist-packages/torch/lib/libtorch_cuda.so)
frame #8: <unknown function> + 0xe1ae0 (0xe0a830351ae0 in /lib/aarch64-linux-gnu/libstdc++.so.6)
frame #9: <unknown function> + 0x8582c (0xe0a83121582c in /lib/aarch64-linux-gnu/libc.so.6)
frame #10: <unknown function> + 0xeb79c (0xe0a83127b79c in /lib/aarch64-linux-gnu/libc.so.6)

[rank1]:[W910 12:28:52.303191128 ProcessGroupNCCL.cpp:1876] [PG ID 0 PG GUID 0 Rank 1] Failed to check the "should dump" flag on TCPStore, (maybe TCPStore server has shut down too early), with error: Broken pipe
[rank1]:[W910 12:28:53.303814763 TCPStore.cpp:106] [c10d] sendBytes failed on SocketImpl(fd=48, addr=[kiwi.200gb]:54432, remote=[emu.200gb]:29553): Broken pipe
Exception raised from sendBytes at /__w/pytorch/pytorch/torch/csrc/distributed/c10d/Utils.hpp:758 (most recent call first):
frame #0: c10::Error::Error(c10::SourceLocation, std::__cxx11::basic_string<char, std::char_traits<char>, std::allocator<char> >) + 0xc8 (0xe0a77ef9e158 in /usr/local/lib/python3.12/dist-packages/torch/lib/libc10.so)
frame #1: c10::DistError::DistError(c10::SourceLocation, std::__cxx11::basic_string<char, std::char_traits<char>, std::allocator<char> >) + 0x78 (0xe0a77ef9ed48 in /usr/local/lib/python3.12/dist-packages/torch/lib/libc10.so)
frame #2: c10::DistNetworkError::DistNetworkError(c10::SourceLocation, std::__cxx11::basic_string<char, std::char_traits<char>, std::allocator<char> >) + 0x78 (0xe0a77ef9f0c8 in /usr/local/lib/python3.12/dist-packages/torch/lib/libc10.so)
frame #3: <unknown function> + 0x70b77ec (0xe0a79c9077ec in /usr/local/lib/python3.12/dist-packages/torch/lib/libtorch_cpu.so)
frame #4: <unknown function> + 0x70b9aa4 (0xe0a79c909aa4 in /usr/local/lib/python3.12/dist-packages/torch/lib/libtorch_cpu.so)
frame #5: <unknown function> + 0x70b9c18 (0xe0a79c909c18 in /usr/local/lib/python3.12/dist-packages/torch/lib/libtorch_cpu.so)
frame #6: c10d::TCPStore::check(std::vector<std::__cxx11::basic_string<char, std::char_traits<char>, std::allocator<char> >, std::allocator<std::__cxx11::basic_string<char, std::char_traits<char>, std::allocator<char> > > > const&) + 0x23c (0xe0a79c90ab1c in /usr/local/lib/python3.12/dist-packages/torch/lib/libtorch_cpu.so)
frame #7: c10d::ProcessGroupNCCL::HeartbeatMonitor::runLoop() + 0x330 (0xe0a77fee7350 in /usr/local/lib/python3.12/dist-packages/torch/lib/libtorch_cuda.so)
frame #8: <unknown function> + 0xe1ae0 (0xe0a830351ae0 in /lib/aarch64-linux-gnu/libstdc++.so.6)
frame #9: <unknown function> + 0x8582c (0xe0a83121582c in /lib/aarch64-linux-gnu/libc.so.6)
frame #10: <unknown function> + 0xeb79c (0xe0a83127b79c in /lib/aarch64-linux-gnu/libc.so.6)

[rank1]:[W910 12:28:53.307133473 ProcessGroupNCCL.cpp:1876] [PG ID 0 PG GUID 0 Rank 1] Failed to check the "should dump" flag on TCPStore, (maybe TCPStore server has shut down too early), with error: Broken pipe
[rank1]:[W910 12:28:54.307596435 TCPStore.cpp:106] [c10d] sendBytes failed on SocketImpl(fd=48, addr=[kiwi.200gb]:54432, remote=[emu.200gb]:29553): Broken pipe
Exception raised from sendBytes at /__w/pytorch/pytorch/torch/csrc/distributed/c10d/Utils.hpp:758 (most recent call first):
frame #0: c10::Error::Error(c10::SourceLocation, std::__cxx11::basic_string<char, std::char_traits<char>, std::allocator<char> >) + 0xc8 (0xe0a77ef9e158 in /usr/local/lib/python3.12/dist-packages/torch/lib/libc10.so)
frame #1: c10::DistError::DistError(c10::SourceLocation, std::__cxx11::basic_string<char, std::char_traits<char>, std::allocator<char> >) + 0x78 (0xe0a77ef9ed48 in /usr/local/lib/python3.12/dist-packages/torch/lib/libc10.so)
frame #2: c10::DistNetworkError::DistNetworkError(c10::SourceLocation, std::__cxx11::basic_string<char, std::char_traits<char>, std::allocator<char> >) + 0x78 (0xe0a77ef9f0c8 in /usr/local/lib/python3.12/dist-packages/torch/lib/libc10.so)
frame #3: <unknown function> + 0x70b77ec (0xe0a79c9077ec in /usr/local/lib/python3.12/dist-packages/torch/lib/libtorch_cpu.so)
frame #4: <unknown function> + 0x70b9aa4 (0xe0a79c909aa4 in /usr/local/lib/python3.12/dist-packages/torch/lib/libtorch_cpu.so)
frame #5: <unknown function> + 0x70b9c18 (0xe0a79c909c18 in /usr/local/lib/python3.12/dist-packages/torch/lib/libtorch_cpu.so)
frame #6: c10d::TCPStore::check(std::vector<std::__cxx11::basic_string<char, std::char_traits<char>, std::allocator<char> >, std::allocator<std::__cxx11::basic_string<char, std::char_traits<char>, std::allocator<char> > > > const&) + 0x23c (0xe0a79c90ab1c in /usr/local/lib/python3.12/dist-packages/torch/lib/libtorch_cpu.so)
frame #7: c10d::ProcessGroupNCCL::HeartbeatMonitor::runLoop() + 0x330 (0xe0a77fee7350 in /usr/local/lib/python3.12/dist-packages/torch/lib/libtorch_cuda.so)
frame #8: <unknown function> + 0xe1ae0 (0xe0a830351ae0 in /lib/aarch64-linux-gnu/libstdc++.so.6)
frame #9: <unknown function> + 0x8582c (0xe0a83121582c in /lib/aarch64-linux-gnu/libc.so.6)
frame #10: <unknown function> + 0xeb79c (0xe0a83127b79c in /lib/aarch64-linux-gnu/libc.so.6)

[rank1]:[W910 12:28:54.310365367 ProcessGroupNCCL.cpp:1876] [PG ID 0 PG GUID 0 Rank 1] Failed to check the "should dump" flag on TCPStore, (maybe TCPStore server has shut down too early), with error: Broken pipe
[rank1]:[W910 12:28:55.311173592 TCPStore.cpp:106] [c10d] sendBytes failed on SocketImpl(fd=48, addr=[kiwi.200gb]:54432, remote=[emu.200gb]:29553): Broken pipe
Exception raised from sendBytes at /__w/pytorch/pytorch/torch/csrc/distributed/c10d/Utils.hpp:758 (most recent call first):
frame #0: c10::Error::Error(c10::SourceLocation, std::__cxx11::basic_string<char, std::char_traits<char>, std::allocator<char> >) + 0xc8 (0xe0a77ef9e158 in /usr/local/lib/python3.12/dist-packages/torch/lib/libc10.so)
frame #1: c10::DistError::DistError(c10::SourceLocation, std::__cxx11::basic_string<char, std::char_traits<char>, std::allocator<char> >) + 0x78 (0xe0a77ef9ed48 in /usr/local/lib/python3.12/dist-packages/torch/lib/libc10.so)
frame #2: c10::DistNetworkError::DistNetworkError(c10::SourceLocation, std::__cxx11::basic_string<char, std::char_traits<char>, std::allocator<char> >) + 0x78 (0xe0a77ef9f0c8 in /usr/local/lib/python3.12/dist-packages/torch/lib/libc10.so)
frame #3: <unknown function> + 0x70b77ec (0xe0a79c9077ec in /usr/local/lib/python3.12/dist-packages/torch/lib/libtorch_cpu.so)
frame #4: <unknown function> + 0x70b9aa4 (0xe0a79c909aa4 in /usr/local/lib/python3.12/dist-packages/torch/lib/libtorch_cpu.so)
frame #5: <unknown function> + 0x70b9c18 (0xe0a79c909c18 in /usr/local/lib/python3.12/dist-packages/torch/lib/libtorch_cpu.so)
frame #6: c10d::TCPStore::check(std::vector<std::__cxx11::basic_string<char, std::char_traits<char>, std::allocator<char> >, std::allocator<std::__cxx11::basic_string<char, std::char_traits<char>, std::allocator<char> > > > const&) + 0x23c (0xe0a79c90ab1c in /usr/local/lib/python3.12/dist-packages/torch/lib/libtorch_cpu.so)
frame #7: c10d::ProcessGroupNCCL::HeartbeatMonitor::runLoop() + 0x330 (0xe0a77fee7350 in /usr/local/lib/python3.12/dist-packages/torch/lib/libtorch_cuda.so)
frame #8: <unknown function> + 0xe1ae0 (0xe0a830351ae0 in /lib/aarch64-linux-gnu/libstdc++.so.6)
frame #9: <unknown function> + 0x8582c (0xe0a83121582c in /lib/aarch64-linux-gnu/libc.so.6)
frame #10: <unknown function> + 0xeb79c (0xe0a83127b79c in /lib/aarch64-linux-gnu/libc.so.6)

[rank1]:[W910 12:28:55.314332157 ProcessGroupNCCL.cpp:1876] [PG ID 0 PG GUID 0 Rank 1] Failed to check the "should dump" flag on TCPStore, (maybe TCPStore server has shut down too early), with error: Broken pipe
[rank1]:[W910 12:28:56.315107548 TCPStore.cpp:106] [c10d] sendBytes failed on SocketImpl(fd=48, addr=[kiwi.200gb]:54432, remote=[emu.200gb]:29553): Broken pipe
Exception raised from sendBytes at /__w/pytorch/pytorch/torch/csrc/distributed/c10d/Utils.hpp:758 (most recent call first):
frame #0: c10::Error::Error(c10::SourceLocation, std::__cxx11::basic_string<char, std::char_traits<char>, std::allocator<char> >) + 0xc8 (0xe0a77ef9e158 in /usr/local/lib/python3.12/dist-packages/torch/lib/libc10.so)
frame #1: c10::DistError::DistError(c10::SourceLocation, std::__cxx11::basic_string<char, std::char_traits<char>, std::allocator<char> >) + 0x78 (0xe0a77ef9ed48 in /usr/local/lib/python3.12/dist-packages/torch/lib/libc10.so)
frame #2: c10::DistNetworkError::DistNetworkError(c10::SourceLocation, std::__cxx11::basic_string<char, std::char_traits<char>, std::allocator<char> >) + 0x78 (0xe0a77ef9f0c8 in /usr/local/lib/python3.12/dist-packages/torch/lib/libc10.so)
frame #3: <unknown function> + 0x70b77ec (0xe0a79c9077ec in /usr/local/lib/python3.12/dist-packages/torch/lib/libtorch_cpu.so)
frame #4: <unknown function> + 0x70b9aa4 (0xe0a79c909aa4 in /usr/local/lib/python3.12/dist-packages/torch/lib/libtorch_cpu.so)
frame #5: <unknown function> + 0x70b9c18 (0xe0a79c909c18 in /usr/local/lib/python3.12/dist-packages/torch/lib/libtorch_cpu.so)
frame #6: c10d::TCPStore::check(std::vector<std::__cxx11::basic_string<char, std::char_traits<char>, std::allocator<char> >, std::allocator<std::__cxx11::basic_string<char, std::char_traits<char>, std::allocator<char> > > > const&) + 0x23c (0xe0a79c90ab1c in /usr/local/lib/python3.12/dist-packages/torch/lib/libtorch_cpu.so)
frame #7: c10d::ProcessGroupNCCL::HeartbeatMonitor::runLoop() + 0x330 (0xe0a77fee7350 in /usr/local/lib/python3.12/dist-packages/torch/lib/libtorch_cuda.so)
frame #8: <unknown function> + 0xe1ae0 (0xe0a830351ae0 in /lib/aarch64-linux-gnu/libstdc++.so.6)
frame #9: <unknown function> + 0x8582c (0xe0a83121582c in /lib/aarch64-linux-gnu/libc.so.6)
frame #10: <unknown function> + 0xeb79c (0xe0a83127b79c in /lib/aarch64-linux-gnu/libc.so.6)

[rank1]:[W910 12:28:56.318267073 ProcessGroupNCCL.cpp:1876] [PG ID 0 PG GUID 0 Rank 1] Failed to check the "should dump" flag on TCPStore, (maybe TCPStore server has shut down too early), with error: Broken pipe
[rank1]:[W910 12:28:57.318393981 TCPStore.cpp:106] [c10d] sendBytes failed on SocketImpl(fd=48, addr=[kiwi.200gb]:54432, remote=[emu.200gb]:29553): Broken pipe
Exception raised from sendBytes at /__w/pytorch/pytorch/torch/csrc/distributed/c10d/Utils.hpp:758 (most recent call first):
frame #0: c10::Error::Error(c10::SourceLocation, std::__cxx11::basic_string<char, std::char_traits<char>, std::allocator<char> >) + 0xc8 (0xe0a77ef9e158 in /usr/local/lib/python3.12/dist-packages/torch/lib/libc10.so)
frame #1: c10::DistError::DistError(c10::SourceLocation, std::__cxx11::basic_string<char, std::char_traits<char>, std::allocator<char> >) + 0x78 (0xe0a77ef9ed48 in /usr/local/lib/python3.12/dist-packages/torch/lib/libc10.so)
frame #2: c10::DistNetworkError::DistNetworkError(c10::SourceLocation, std::__cxx11::basic_string<char, std::char_traits<char>, std::allocator<char> >) + 0x78 (0xe0a77ef9f0c8 in /usr/local/lib/python3.12/dist-packages/torch/lib/libc10.so)
frame #3: <unknown function> + 0x70b77ec (0xe0a79c9077ec in /usr/local/lib/python3.12/dist-packages/torch/lib/libtorch_cpu.so)
frame #4: <unknown function> + 0x70b9aa4 (0xe0a79c909aa4 in /usr/local/lib/python3.12/dist-packages/torch/lib/libtorch_cpu.so)
frame #5: <unknown function> + 0x70b9c18 (0xe0a79c909c18 in /usr/local/lib/python3.12/dist-packages/torch/lib/libtorch_cpu.so)
frame #6: c10d::TCPStore::check(std::vector<std::__cxx11::basic_string<char, std::char_traits<char>, std::allocator<char> >, std::allocator<std::__cxx11::basic_string<char, std::char_traits<char>, std::allocator<char> > > > const&) + 0x23c (0xe0a79c90ab1c in /usr/local/lib/python3.12/dist-packages/torch/lib/libtorch_cpu.so)
frame #7: c10d::ProcessGroupNCCL::HeartbeatMonitor::runLoop() + 0x330 (0xe0a77fee7350 in /usr/local/lib/python3.12/dist-packages/torch/lib/libtorch_cuda.so)
frame #8: <unknown function> + 0xe1ae0 (0xe0a830351ae0 in /lib/aarch64-linux-gnu/libstdc++.so.6)
frame #9: <unknown function> + 0x8582c (0xe0a83121582c in /lib/aarch64-linux-gnu/libc.so.6)
frame #10: <unknown function> + 0xeb79c (0xe0a83127b79c in /lib/aarch64-linux-gnu/libc.so.6)

[rank1]:[W910 12:28:57.321072450 ProcessGroupNCCL.cpp:1876] [PG ID 0 PG GUID 0 Rank 1] Failed to check the "should dump" flag on TCPStore, (maybe TCPStore server has shut down too early), with error: Broken pipe
[rank1]:[W910 12:28:58.321877068 TCPStore.cpp:106] [c10d] sendBytes failed on SocketImpl(fd=48, addr=[kiwi.200gb]:54432, remote=[emu.200gb]:29553): Broken pipe
Exception raised from sendBytes at /__w/pytorch/pytorch/torch/csrc/distributed/c10d/Utils.hpp:758 (most recent call first):
frame #0: c10::Error::Error(c10::SourceLocation, std::__cxx11::basic_string<char, std::char_traits<char>, std::allocator<char> >) + 0xc8 (0xe0a77ef9e158 in /usr/local/lib/python3.12/dist-packages/torch/lib/libc10.so)
frame #1: c10::DistError::DistError(c10::SourceLocation, std::__cxx11::basic_string<char, std::char_traits<char>, std::allocator<char> >) + 0x78 (0xe0a77ef9ed48 in /usr/local/lib/python3.12/dist-packages/torch/lib/libc10.so)
frame #2: c10::DistNetworkError::DistNetworkError(c10::SourceLocation, std::__cxx11::basic_string<char, std::char_traits<char>, std::allocator<char> >) + 0x78 (0xe0a77ef9f0c8 in /usr/local/lib/python3.12/dist-packages/torch/lib/libc10.so)
frame #3: <unknown function> + 0x70b77ec (0xe0a79c9077ec in /usr/local/lib/python3.12/dist-packages/torch/lib/libtorch_cpu.so)
frame #4: <unknown function> + 0x70b9aa4 (0xe0a79c909aa4 in /usr/local/lib/python3.12/dist-packages/torch/lib/libtorch_cpu.so)
frame #5: <unknown function> + 0x70b9c18 (0xe0a79c909c18 in /usr/local/lib/python3.12/dist-packages/torch/lib/libtorch_cpu.so)
frame #6: c10d::TCPStore::check(std::vector<std::__cxx11::basic_string<char, std::char_traits<char>, std::allocator<char> >, std::allocator<std::__cxx11::basic_string<char, std::char_traits<char>, std::allocator<char> > > > const&) + 0x23c (0xe0a79c90ab1c in /usr/local/lib/python3.12/dist-packages/torch/lib/libtorch_cpu.so)
frame #7: c10d::ProcessGroupNCCL::HeartbeatMonitor::runLoop() + 0x330 (0xe0a77fee7350 in /usr/local/lib/python3.12/dist-packages/torch/lib/libtorch_cuda.so)
frame #8: <unknown function> + 0xe1ae0 (0xe0a830351ae0 in /lib/aarch64-linux-gnu/libstdc++.so.6)
frame #9: <unknown function> + 0x8582c (0xe0a83121582c in /lib/aarch64-linux-gnu/libc.so.6)
frame #10: <unknown function> + 0xeb79c (0xe0a83127b79c in /lib/aarch64-linux-gnu/libc.so.6)

[rank1]:[W910 12:28:58.324617585 ProcessGroupNCCL.cpp:1876] [PG ID 0 PG GUID 0 Rank 1] Failed to check the "should dump" flag on TCPStore, (maybe TCPStore server has shut down too early), with error: Broken pipe
[rank1]:[W910 12:28:59.324736537 TCPStore.cpp:106] [c10d] sendBytes failed on SocketImpl(fd=48, addr=[kiwi.200gb]:54432, remote=[emu.200gb]:29553): Broken pipe
Exception raised from sendBytes at /__w/pytorch/pytorch/torch/csrc/distributed/c10d/Utils.hpp:758 (most recent call first):
frame #0: c10::Error::Error(c10::SourceLocation, std::__cxx11::basic_string<char, std::char_traits<char>, std::allocator<char> >) + 0xc8 (0xe0a77ef9e158 in /usr/local/lib/python3.12/dist-packages/torch/lib/libc10.so)
frame #1: c10::DistError::DistError(c10::SourceLocation, std::__cxx11::basic_string<char, std::char_traits<char>, std::allocator<char> >) + 0x78 (0xe0a77ef9ed48 in /usr/local/lib/python3.12/dist-packages/torch/lib/libc10.so)
frame #2: c10::DistNetworkError::DistNetworkError(c10::SourceLocation, std::__cxx11::basic_string<char, std::char_traits<char>, std::allocator<char> >) + 0x78 (0xe0a77ef9f0c8 in /usr/local/lib/python3.12/dist-packages/torch/lib/libc10.so)
frame #3: <unknown function> + 0x70b77ec (0xe0a79c9077ec in /usr/local/lib/python3.12/dist-packages/torch/lib/libtorch_cpu.so)
frame #4: <unknown function> + 0x70b9aa4 (0xe0a79c909aa4 in /usr/local/lib/python3.12/dist-packages/torch/lib/libtorch_cpu.so)
frame #5: <unknown function> + 0x70b9c18 (0xe0a79c909c18 in /usr/local/lib/python3.12/dist-packages/torch/lib/libtorch_cpu.so)
frame #6: c10d::TCPStore::check(std::vector<std::__cxx11::basic_string<char, std::char_traits<char>, std::allocator<char> >, std::allocator<std::__cxx11::basic_string<char, std::char_traits<char>, std::allocator<char> > > > const&) + 0x23c (0xe0a79c90ab1c in /usr/local/lib/python3.12/dist-packages/torch/lib/libtorch_cpu.so)
frame #7: c10d::ProcessGroupNCCL::HeartbeatMonitor::runLoop() + 0x330 (0xe0a77fee7350 in /usr/local/lib/python3.12/dist-packages/torch/lib/libtorch_cuda.so)
frame #8: <unknown function> + 0xe1ae0 (0xe0a830351ae0 in /lib/aarch64-linux-gnu/libstdc++.so.6)
frame #9: <unknown function> + 0x8582c (0xe0a83121582c in /lib/aarch64-linux-gnu/libc.so.6)
frame #10: <unknown function> + 0xeb79c (0xe0a83127b79c in /lib/aarch64-linux-gnu/libc.so.6)

[rank1]:[W910 12:28:59.326681548 ProcessGroupNCCL.cpp:1876] [PG ID 0 PG GUID 0 Rank 1] Failed to check the "should dump" flag on TCPStore, (maybe TCPStore server has shut down too early), with error: Broken pipe
[rank1]:[W910 12:29:00.327499332 TCPStore.cpp:106] [c10d] sendBytes failed on SocketImpl(fd=48, addr=[kiwi.200gb]:54432, remote=[emu.200gb]:29553): Broken pipe
Exception raised from sendBytes at /__w/pytorch/pytorch/torch/csrc/distributed/c10d/Utils.hpp:758 (most recent call first):
frame #0: c10::Error::Error(c10::SourceLocation, std::__cxx11::basic_string<char, std::char_traits<char>, std::allocator<char> >) + 0xc8 (0xe0a77ef9e158 in /usr/local/lib/python3.12/dist-packages/torch/lib/libc10.so)
frame #1: c10::DistError::DistError(c10::SourceLocation, std::__cxx11::basic_string<char, std::char_traits<char>, std::allocator<char> >) + 0x78 (0xe0a77ef9ed48 in /usr/local/lib/python3.12/dist-packages/torch/lib/libc10.so)
frame #2: c10::DistNetworkError::DistNetworkError(c10::SourceLocation, std::__cxx11::basic_string<char, std::char_traits<char>, std::allocator<char> >) + 0x78 (0xe0a77ef9f0c8 in /usr/local/lib/python3.12/dist-packages/torch/lib/libc10.so)
frame #3: <unknown function> + 0x70b77ec (0xe0a79c9077ec in /usr/local/lib/python3.12/dist-packages/torch/lib/libtorch_cpu.so)
frame #4: <unknown function> + 0x70b9aa4 (0xe0a79c909aa4 in /usr/local/lib/python3.12/dist-packages/torch/lib/libtorch_cpu.so)
frame #5: <unknown function> + 0x70b9c18 (0xe0a79c909c18 in /usr/local/lib/python3.12/dist-packages/torch/lib/libtorch_cpu.so)
frame #6: c10d::TCPStore::check(std::vector<std::__cxx11::basic_string<char, std::char_traits<char>, std::allocator<char> >, std::allocator<std::__cxx11::basic_string<char, std::char_traits<char>, std::allocator<char> > > > const&) + 0x23c (0xe0a79c90ab1c in /usr/local/lib/python3.12/dist-packages/torch/lib/libtorch_cpu.so)
frame #7: c10d::ProcessGroupNCCL::HeartbeatMonitor::runLoop() + 0x330 (0xe0a77fee7350 in /usr/local/lib/python3.12/dist-packages/torch/lib/libtorch_cuda.so)
frame #8: <unknown function> + 0xe1ae0 (0xe0a830351ae0 in /lib/aarch64-linux-gnu/libstdc++.so.6)
frame #9: <unknown function> + 0x8582c (0xe0a83121582c in /lib/aarch64-linux-gnu/libc.so.6)
frame #10: <unknown function> + 0xeb79c (0xe0a83127b79c in /lib/aarch64-linux-gnu/libc.so.6)

[rank1]:[W910 12:29:00.329740168 ProcessGroupNCCL.cpp:1876] [PG ID 0 PG GUID 0 Rank 1] Failed to check the "should dump" flag on TCPStore, (maybe TCPStore server has shut down too early), with error: Broken pipe
[rank1]:[W910 12:29:01.329866172 TCPStore.cpp:106] [c10d] sendBytes failed on SocketImpl(fd=48, addr=[kiwi.200gb]:54432, remote=[emu.200gb]:29553): Broken pipe
Exception raised from sendBytes at /__w/pytorch/pytorch/torch/csrc/distributed/c10d/Utils.hpp:758 (most recent call first):
frame #0: c10::Error::Error(c10::SourceLocation, std::__cxx11::basic_string<char, std::char_traits<char>, std::allocator<char> >) + 0xc8 (0xe0a77ef9e158 in /usr/local/lib/python3.12/dist-packages/torch/lib/libc10.so)
frame #1: c10::DistError::DistError(c10::SourceLocation, std::__cxx11::basic_string<char, std::char_traits<char>, std::allocator<char> >) + 0x78 (0xe0a77ef9ed48 in /usr/local/lib/python3.12/dist-packages/torch/lib/libc10.so)
frame #2: c10::DistNetworkError::DistNetworkError(c10::SourceLocation, std::__cxx11::basic_string<char, std::char_traits<char>, std::allocator<char> >) + 0x78 (0xe0a77ef9f0c8 in /usr/local/lib/python3.12/dist-packages/torch/lib/libc10.so)
frame #3: <unknown function> + 0x70b77ec (0xe0a79c9077ec in /usr/local/lib/python3.12/dist-packages/torch/lib/libtorch_cpu.so)
frame #4: <unknown function> + 0x70b9aa4 (0xe0a79c909aa4 in /usr/local/lib/python3.12/dist-packages/torch/lib/libtorch_cpu.so)
frame #5: <unknown function> + 0x70b9c18 (0xe0a79c909c18 in /usr/local/lib/python3.12/dist-packages/torch/lib/libtorch_cpu.so)
frame #6: c10d::TCPStore::check(std::vector<std::__cxx11::basic_string<char, std::char_traits<char>, std::allocator<char> >, std::allocator<std::__cxx11::basic_string<char, std::char_traits<char>, std::allocator<char> > > > const&) + 0x23c (0xe0a79c90ab1c in /usr/local/lib/python3.12/dist-packages/torch/lib/libtorch_cpu.so)
frame #7: c10d::ProcessGroupNCCL::HeartbeatMonitor::runLoop() + 0x330 (0xe0a77fee7350 in /usr/local/lib/python3.12/dist-packages/torch/lib/libtorch_cuda.so)
frame #8: <unknown function> + 0xe1ae0 (0xe0a830351ae0 in /lib/aarch64-linux-gnu/libstdc++.so.6)
frame #9: <unknown function> + 0x8582c (0xe0a83121582c in /lib/aarch64-linux-gnu/libc.so.6)
frame #10: <unknown function> + 0xeb79c (0xe0a83127b79c in /lib/aarch64-linux-gnu/libc.so.6)

[rank1]:[W910 12:29:01.331833951 ProcessGroupNCCL.cpp:1876] [PG ID 0 PG GUID 0 Rank 1] Failed to check the "should dump" flag on TCPStore, (maybe TCPStore server has shut down too early), with error: Broken pipe
[rank1]:[W910 12:29:02.332351011 TCPStore.cpp:106] [c10d] sendBytes failed on SocketImpl(fd=48, addr=[kiwi.200gb]:54432, remote=[emu.200gb]:29553): Broken pipe
Exception raised from sendBytes at /__w/pytorch/pytorch/torch/csrc/distributed/c10d/Utils.hpp:758 (most recent call first):
frame #0: c10::Error::Error(c10::SourceLocation, std::__cxx11::basic_string<char, std::char_traits<char>, std::allocator<char> >) + 0xc8 (0xe0a77ef9e158 in /usr/local/lib/python3.12/dist-packages/torch/lib/libc10.so)
frame #1: c10::DistError::DistError(c10::SourceLocation, std::__cxx11::basic_string<char, std::char_traits<char>, std::allocator<char> >) + 0x78 (0xe0a77ef9ed48 in /usr/local/lib/python3.12/dist-packages/torch/lib/libc10.so)
frame #2: c10::DistNetworkError::DistNetworkError(c10::SourceLocation, std::__cxx11::basic_string<char, std::char_traits<char>, std::allocator<char> >) + 0x78 (0xe0a77ef9f0c8 in /usr/local/lib/python3.12/dist-packages/torch/lib/libc10.so)
frame #3: <unknown function> + 0x70b77ec (0xe0a79c9077ec in /usr/local/lib/python3.12/dist-packages/torch/lib/libtorch_cpu.so)
frame #4: <unknown function> + 0x70b9aa4 (0xe0a79c909aa4 in /usr/local/lib/python3.12/dist-packages/torch/lib/libtorch_cpu.so)
frame #5: <unknown function> + 0x70b9c18 (0xe0a79c909c18 in /usr/local/lib/python3.12/dist-packages/torch/lib/libtorch_cpu.so)
frame #6: c10d::TCPStore::check(std::vector<std::__cxx11::basic_string<char, std::char_traits<char>, std::allocator<char> >, std::allocator<std::__cxx11::basic_string<char, std::char_traits<char>, std::allocator<char> > > > const&) + 0x23c (0xe0a79c90ab1c in /usr/local/lib/python3.12/dist-packages/torch/lib/libtorch_cpu.so)
frame #7: c10d::ProcessGroupNCCL::HeartbeatMonitor::runLoop() + 0x330 (0xe0a77fee7350 in /usr/local/lib/python3.12/dist-packages/torch/lib/libtorch_cuda.so)
frame #8: <unknown function> + 0xe1ae0 (0xe0a830351ae0 in /lib/aarch64-linux-gnu/libstdc++.so.6)
frame #9: <unknown function> + 0x8582c (0xe0a83121582c in /lib/aarch64-linux-gnu/libc.so.6)
frame #10: <unknown function> + 0xeb79c (0xe0a83127b79c in /lib/aarch64-linux-gnu/libc.so.6)

[rank1]:[W910 12:29:02.334746071 ProcessGroupNCCL.cpp:1876] [PG ID 0 PG GUID 0 Rank 1] Failed to check the "should dump" flag on TCPStore, (maybe TCPStore server has shut down too early), with error: Broken pipe
[rank1]:[W910 12:29:03.335247033 TCPStore.cpp:106] [c10d] sendBytes failed on SocketImpl(fd=48, addr=[kiwi.200gb]:54432, remote=[emu.200gb]:29553): Broken pipe
Exception raised from sendBytes at /__w/pytorch/pytorch/torch/csrc/distributed/c10d/Utils.hpp:758 (most recent call first):
frame #0: c10::Error::Error(c10::SourceLocation, std::__cxx11::basic_string<char, std::char_traits<char>, std::allocator<char> >) + 0xc8 (0xe0a77ef9e158 in /usr/local/lib/python3.12/dist-packages/torch/lib/libc10.so)
frame #1: c10::DistError::DistError(c10::SourceLocation, std::__cxx11::basic_string<char, std::char_traits<char>, std::allocator<char> >) + 0x78 (0xe0a77ef9ed48 in /usr/local/lib/python3.12/dist-packages/torch/lib/libc10.so)
frame #2: c10::DistNetworkError::DistNetworkError(c10::SourceLocation, std::__cxx11::basic_string<char, std::char_traits<char>, std::allocator<char> >) + 0x78 (0xe0a77ef9f0c8 in /usr/local/lib/python3.12/dist-packages/torch/lib/libc10.so)
frame #3: <unknown function> + 0x70b77ec (0xe0a79c9077ec in /usr/local/lib/python3.12/dist-packages/torch/lib/libtorch_cpu.so)
frame #4: <unknown function> + 0x70b9aa4 (0xe0a79c909aa4 in /usr/local/lib/python3.12/dist-packages/torch/lib/libtorch_cpu.so)
frame #5: <unknown function> + 0x70b9c18 (0xe0a79c909c18 in /usr/local/lib/python3.12/dist-packages/torch/lib/libtorch_cpu.so)
frame #6: c10d::TCPStore::check(std::vector<std::__cxx11::basic_string<char, std::char_traits<char>, std::allocator<char> >, std::allocator<std::__cxx11::basic_string<char, std::char_traits<char>, std::allocator<char> > > > const&) + 0x23c (0xe0a79c90ab1c in /usr/local/lib/python3.12/dist-packages/torch/lib/libtorch_cpu.so)
frame #7: c10d::ProcessGroupNCCL::HeartbeatMonitor::runLoop() + 0x330 (0xe0a77fee7350 in /usr/local/lib/python3.12/dist-packages/torch/lib/libtorch_cuda.so)
frame #8: <unknown function> + 0xe1ae0 (0xe0a830351ae0 in /lib/aarch64-linux-gnu/libstdc++.so.6)
frame #9: <unknown function> + 0x8582c (0xe0a83121582c in /lib/aarch64-linux-gnu/libc.so.6)
frame #10: <unknown function> + 0xeb79c (0xe0a83127b79c in /lib/aarch64-linux-gnu/libc.so.6)

[rank1]:[W910 12:29:03.337511324 ProcessGroupNCCL.cpp:1876] [PG ID 0 PG GUID 0 Rank 1] Failed to check the "should dump" flag on TCPStore, (maybe TCPStore server has shut down too early), with error: Broken pipe
[rank1]:[W910 12:29:04.337920876 TCPStore.cpp:106] [c10d] sendBytes failed on SocketImpl(fd=48, addr=[kiwi.200gb]:54432, remote=[emu.200gb]:29553): Broken pipe
Exception raised from sendBytes at /__w/pytorch/pytorch/torch/csrc/distributed/c10d/Utils.hpp:758 (most recent call first):
frame #0: c10::Error::Error(c10::SourceLocation, std::__cxx11::basic_string<char, std::char_traits<char>, std::allocator<char> >) + 0xc8 (0xe0a77ef9e158 in /usr/local/lib/python3.12/dist-packages/torch/lib/libc10.so)
frame #1: c10::DistError::DistError(c10::SourceLocation, std::__cxx11::basic_string<char, std::char_traits<char>, std::allocator<char> >) + 0x78 (0xe0a77ef9ed48 in /usr/local/lib/python3.12/dist-packages/torch/lib/libc10.so)
frame #2: c10::DistNetworkError::DistNetworkError(c10::SourceLocation, std::__cxx11::basic_string<char, std::char_traits<char>, std::allocator<char> >) + 0x78 (0xe0a77ef9f0c8 in /usr/local/lib/python3.12/dist-packages/torch/lib/libc10.so)
frame #3: <unknown function> + 0x70b77ec (0xe0a79c9077ec in /usr/local/lib/python3.12/dist-packages/torch/lib/libtorch_cpu.so)
frame #4: <unknown function> + 0x70b9aa4 (0xe0a79c909aa4 in /usr/local/lib/python3.12/dist-packages/torch/lib/libtorch_cpu.so)
frame #5: <unknown function> + 0x70b9c18 (0xe0a79c909c18 in /usr/local/lib/python3.12/dist-packages/torch/lib/libtorch_cpu.so)
frame #6: c10d::TCPStore::check(std::vector<std::__cxx11::basic_string<char, std::char_traits<char>, std::allocator<char> >, std::allocator<std::__cxx11::basic_string<char, std::char_traits<char>, std::allocator<char> > > > const&) + 0x23c (0xe0a79c90ab1c in /usr/local/lib/python3.12/dist-packages/torch/lib/libtorch_cpu.so)
frame #7: c10d::ProcessGroupNCCL::HeartbeatMonitor::runLoop() + 0x330 (0xe0a77fee7350 in /usr/local/lib/python3.12/dist-packages/torch/lib/libtorch_cuda.so)
frame #8: <unknown function> + 0xe1ae0 (0xe0a830351ae0 in /lib/aarch64-linux-gnu/libstdc++.so.6)
frame #9: <unknown function> + 0x8582c (0xe0a83121582c in /lib/aarch64-linux-gnu/libc.so.6)
frame #10: <unknown function> + 0xeb79c (0xe0a83127b79c in /lib/aarch64-linux-gnu/libc.so.6)

[rank1]:[W910 12:29:04.339728799 ProcessGroupNCCL.cpp:1876] [PG ID 0 PG GUID 0 Rank 1] Failed to check the "should dump" flag on TCPStore, (maybe TCPStore server has shut down too early), with error: Broken pipe
[rank1]:[W910 12:29:05.340350877 TCPStore.cpp:106] [c10d] sendBytes failed on SocketImpl(fd=48, addr=[kiwi.200gb]:54432, remote=[emu.200gb]:29553): Broken pipe
Exception raised from sendBytes at /__w/pytorch/pytorch/torch/csrc/distributed/c10d/Utils.hpp:758 (most recent call first):
frame #0: c10::Error::Error(c10::SourceLocation, std::__cxx11::basic_string<char, std::char_traits<char>, std::allocator<char> >) + 0xc8 (0xe0a77ef9e158 in /usr/local/lib/python3.12/dist-packages/torch/lib/libc10.so)
frame #1: c10::DistError::DistError(c10::SourceLocation, std::__cxx11::basic_string<char, std::char_traits<char>, std::allocator<char> >) + 0x78 (0xe0a77ef9ed48 in /usr/local/lib/python3.12/dist-packages/torch/lib/libc10.so)
frame #2: c10::DistNetworkError::DistNetworkError(c10::SourceLocation, std::__cxx11::basic_string<char, std::char_traits<char>, std::allocator<char> >) + 0x78 (0xe0a77ef9f0c8 in /usr/local/lib/python3.12/dist-packages/torch/lib/libc10.so)
frame #3: <unknown function> + 0x70b77ec (0xe0a79c9077ec in /usr/local/lib/python3.12/dist-packages/torch/lib/libtorch_cpu.so)
frame #4: <unknown function> + 0x70b9aa4 (0xe0a79c909aa4 in /usr/local/lib/python3.12/dist-packages/torch/lib/libtorch_cpu.so)
frame #5: <unknown function> + 0x70b9c18 (0xe0a79c909c18 in /usr/local/lib/python3.12/dist-packages/torch/lib/libtorch_cpu.so)
frame #6: c10d::TCPStore::check(std::vector<std::__cxx11::basic_string<char, std::char_traits<char>, std::allocator<char> >, std::allocator<std::__cxx11::basic_string<char, std::char_traits<char>, std::allocator<char> > > > const&) + 0x23c (0xe0a79c90ab1c in /usr/local/lib/python3.12/dist-packages/torch/lib/libtorch_cpu.so)
frame #7: c10d::ProcessGroupNCCL::HeartbeatMonitor::runLoop() + 0x330 (0xe0a77fee7350 in /usr/local/lib/python3.12/dist-packages/torch/lib/libtorch_cuda.so)
frame #8: <unknown function> + 0xe1ae0 (0xe0a830351ae0 in /lib/aarch64-linux-gnu/libstdc++.so.6)
frame #9: <unknown function> + 0x8582c (0xe0a83121582c in /lib/aarch64-linux-gnu/libc.so.6)
frame #10: <unknown function> + 0xeb79c (0xe0a83127b79c in /lib/aarch64-linux-gnu/libc.so.6)

[rank1]:[W910 12:29:05.342493936 ProcessGroupNCCL.cpp:1876] [PG ID 0 PG GUID 0 Rank 1] Failed to check the "should dump" flag on TCPStore, (maybe TCPStore server has shut down too early), with error: Broken pipe
[rank1]:[W910 12:29:06.343103869 TCPStore.cpp:106] [c10d] sendBytes failed on SocketImpl(fd=48, addr=[kiwi.200gb]:54432, remote=[emu.200gb]:29553): Broken pipe
Exception raised from sendBytes at /__w/pytorch/pytorch/torch/csrc/distributed/c10d/Utils.hpp:758 (most recent call first):
frame #0: c10::Error::Error(c10::SourceLocation, std::__cxx11::basic_string<char, std::char_traits<char>, std::allocator<char> >) + 0xc8 (0xe0a77ef9e158 in /usr/local/lib/python3.12/dist-packages/torch/lib/libc10.so)
frame #1: c10::DistError::DistError(c10::SourceLocation, std::__cxx11::basic_string<char, std::char_traits<char>, std::allocator<char> >) + 0x78 (0xe0a77ef9ed48 in /usr/local/lib/python3.12/dist-packages/torch/lib/libc10.so)
frame #2: c10::DistNetworkError::DistNetworkError(c10::SourceLocation, std::__cxx11::basic_string<char, std::char_traits<char>, std::allocator<char> >) + 0x78 (0xe0a77ef9f0c8 in /usr/local/lib/python3.12/dist-packages/torch/lib/libc10.so)
frame #3: <unknown function> + 0x70b77ec (0xe0a79c9077ec in /usr/local/lib/python3.12/dist-packages/torch/lib/libtorch_cpu.so)
frame #4: <unknown function> + 0x70b9aa4 (0xe0a79c909aa4 in /usr/local/lib/python3.12/dist-packages/torch/lib/libtorch_cpu.so)
frame #5: <unknown function> + 0x70b9c18 (0xe0a79c909c18 in /usr/local/lib/python3.12/dist-packages/torch/lib/libtorch_cpu.so)
frame #6: c10d::TCPStore::check(std::vector<std::__cxx11::basic_string<char, std::char_traits<char>, std::allocator<char> >, std::allocator<std::__cxx11::basic_string<char, std::char_traits<char>, std::allocator<char> > > > const&) + 0x23c (0xe0a79c90ab1c in /usr/local/lib/python3.12/dist-packages/torch/lib/libtorch_cpu.so)
frame #7: c10d::ProcessGroupNCCL::HeartbeatMonitor::runLoop() + 0x330 (0xe0a77fee7350 in /usr/local/lib/python3.12/dist-packages/torch/lib/libtorch_cuda.so)
frame #8: <unknown function> + 0xe1ae0 (0xe0a830351ae0 in /lib/aarch64-linux-gnu/libstdc++.so.6)
frame #9: <unknown function> + 0x8582c (0xe0a83121582c in /lib/aarch64-linux-gnu/libc.so.6)
frame #10: <unknown function> + 0xeb79c (0xe0a83127b79c in /lib/aarch64-linux-gnu/libc.so.6)

[rank1]:[W910 12:29:06.345968946 ProcessGroupNCCL.cpp:1876] [PG ID 0 PG GUID 0 Rank 1] Failed to check the "should dump" flag on TCPStore, (maybe TCPStore server has shut down too early), with error: Broken pipe
[rank1]:[W910 12:29:07.346581532 TCPStore.cpp:106] [c10d] sendBytes failed on SocketImpl(fd=48, addr=[kiwi.200gb]:54432, remote=[emu.200gb]:29553): Broken pipe
Exception raised from sendBytes at /__w/pytorch/pytorch/torch/csrc/distributed/c10d/Utils.hpp:758 (most recent call first):
frame #0: c10::Error::Error(c10::SourceLocation, std::__cxx11::basic_string<char, std::char_traits<char>, std::allocator<char> >) + 0xc8 (0xe0a77ef9e158 in /usr/local/lib/python3.12/dist-packages/torch/lib/libc10.so)
frame #1: c10::DistError::DistError(c10::SourceLocation, std::__cxx11::basic_string<char, std::char_traits<char>, std::allocator<char> >) + 0x78 (0xe0a77ef9ed48 in /usr/local/lib/python3.12/dist-packages/torch/lib/libc10.so)
frame #2: c10::DistNetworkError::DistNetworkError(c10::SourceLocation, std::__cxx11::basic_string<char, std::char_traits<char>, std::allocator<char> >) + 0x78 (0xe0a77ef9f0c8 in /usr/local/lib/python3.12/dist-packages/torch/lib/libc10.so)
frame #3: <unknown function> + 0x70b77ec (0xe0a79c9077ec in /usr/local/lib/python3.12/dist-packages/torch/lib/libtorch_cpu.so)
frame #4: <unknown function> + 0x70b9aa4 (0xe0a79c909aa4 in /usr/local/lib/python3.12/dist-packages/torch/lib/libtorch_cpu.so)
frame #5: <unknown function> + 0x70b9c18 (0xe0a79c909c18 in /usr/local/lib/python3.12/dist-packages/torch/lib/libtorch_cpu.so)
frame #6: c10d::TCPStore::check(std::vector<std::__cxx11::basic_string<char, std::char_traits<char>, std::allocator<char> >, std::allocator<std::__cxx11::basic_string<char, std::char_traits<char>, std::allocator<char> > > > const&) + 0x23c (0xe0a79c90ab1c in /usr/local/lib/python3.12/dist-packages/torch/lib/libtorch_cpu.so)
frame #7: c10d::ProcessGroupNCCL::HeartbeatMonitor::runLoop() + 0x330 (0xe0a77fee7350 in /usr/local/lib/python3.12/dist-packages/torch/lib/libtorch_cuda.so)
frame #8: <unknown function> + 0xe1ae0 (0xe0a830351ae0 in /lib/aarch64-linux-gnu/libstdc++.so.6)
frame #9: <unknown function> + 0x8582c (0xe0a83121582c in /lib/aarch64-linux-gnu/libc.so.6)
frame #10: <unknown function> + 0xeb79c (0xe0a83127b79c in /lib/aarch64-linux-gnu/libc.so.6)

[rank1]:[W910 12:29:07.348569583 ProcessGroupNCCL.cpp:1876] [PG ID 0 PG GUID 0 Rank 1] Failed to check the "should dump" flag on TCPStore, (maybe TCPStore server has shut down too early), with error: Broken pipe
[rank1]:[W910 12:29:08.348803624 TCPStore.cpp:106] [c10d] sendBytes failed on SocketImpl(fd=48, addr=[kiwi.200gb]:54432, remote=[emu.200gb]:29553): Broken pipe
Exception raised from sendBytes at /__w/pytorch/pytorch/torch/csrc/distributed/c10d/Utils.hpp:758 (most recent call first):
frame #0: c10::Error::Error(c10::SourceLocation, std::__cxx11::basic_string<char, std::char_traits<char>, std::allocator<char> >) + 0xc8 (0xe0a77ef9e158 in /usr/local/lib/python3.12/dist-packages/torch/lib/libc10.so)
frame #1: c10::DistError::DistError(c10::SourceLocation, std::__cxx11::basic_string<char, std::char_traits<char>, std::allocator<char> >) + 0x78 (0xe0a77ef9ed48 in /usr/local/lib/python3.12/dist-packages/torch/lib/libc10.so)
frame #2: c10::DistNetworkError::DistNetworkError(c10::SourceLocation, std::__cxx11::basic_string<char, std::char_traits<char>, std::allocator<char> >) + 0x78 (0xe0a77ef9f0c8 in /usr/local/lib/python3.12/dist-packages/torch/lib/libc10.so)
frame #3: <unknown function> + 0x70b77ec (0xe0a79c9077ec in /usr/local/lib/python3.12/dist-packages/torch/lib/libtorch_cpu.so)
frame #4: <unknown function> + 0x70b9aa4 (0xe0a79c909aa4 in /usr/local/lib/python3.12/dist-packages/torch/lib/libtorch_cpu.so)
frame #5: <unknown function> + 0x70b9c18 (0xe0a79c909c18 in /usr/local/lib/python3.12/dist-packages/torch/lib/libtorch_cpu.so)
frame #6: c10d::TCPStore::check(std::vector<std::__cxx11::basic_string<char, std::char_traits<char>, std::allocator<char> >, std::allocator<std::__cxx11::basic_string<char, std::char_traits<char>, std::allocator<char> > > > const&) + 0x23c (0xe0a79c90ab1c in /usr/local/lib/python3.12/dist-packages/torch/lib/libtorch_cpu.so)
frame #7: c10d::ProcessGroupNCCL::HeartbeatMonitor::runLoop() + 0x330 (0xe0a77fee7350 in /usr/local/lib/python3.12/dist-packages/torch/lib/libtorch_cuda.so)
frame #8: <unknown function> + 0xe1ae0 (0xe0a830351ae0 in /lib/aarch64-linux-gnu/libstdc++.so.6)
frame #9: <unknown function> + 0x8582c (0xe0a83121582c in /lib/aarch64-linux-gnu/libc.so.6)
frame #10: <unknown function> + 0xeb79c (0xe0a83127b79c in /lib/aarch64-linux-gnu/libc.so.6)

[rank1]:[W910 12:29:08.350769435 ProcessGroupNCCL.cpp:1876] [PG ID 0 PG GUID 0 Rank 1] Failed to check the "should dump" flag on TCPStore, (maybe TCPStore server has shut down too early), with error: Broken pipe
[rank1]:[W910 12:29:09.350991793 TCPStore.cpp:106] [c10d] sendBytes failed on SocketImpl(fd=48, addr=[kiwi.200gb]:54432, remote=[emu.200gb]:29553): Broken pipe
Exception raised from sendBytes at /__w/pytorch/pytorch/torch/csrc/distributed/c10d/Utils.hpp:758 (most recent call first):
frame #0: c10::Error::Error(c10::SourceLocation, std::__cxx11::basic_string<char, std::char_traits<char>, std::allocator<char> >) + 0xc8 (0xe0a77ef9e158 in /usr/local/lib/python3.12/dist-packages/torch/lib/libc10.so)
frame #1: c10::DistError::DistError(c10::SourceLocation, std::__cxx11::basic_string<char, std::char_traits<char>, std::allocator<char> >) + 0x78 (0xe0a77ef9ed48 in /usr/local/lib/python3.12/dist-packages/torch/lib/libc10.so)
frame #2: c10::DistNetworkError::DistNetworkError(c10::SourceLocation, std::__cxx11::basic_string<char, std::char_traits<char>, std::allocator<char> >) + 0x78 (0xe0a77ef9f0c8 in /usr/local/lib/python3.12/dist-packages/torch/lib/libc10.so)
frame #3: <unknown function> + 0x70b77ec (0xe0a79c9077ec in /usr/local/lib/python3.12/dist-packages/torch/lib/libtorch_cpu.so)
frame #4: <unknown function> + 0x70b9aa4 (0xe0a79c909aa4 in /usr/local/lib/python3.12/dist-packages/torch/lib/libtorch_cpu.so)
frame #5: <unknown function> + 0x70b9c18 (0xe0a79c909c18 in /usr/local/lib/python3.12/dist-packages/torch/lib/libtorch_cpu.so)
frame #6: c10d::TCPStore::check(std::vector<std::__cxx11::basic_string<char, std::char_traits<char>, std::allocator<char> >, std::allocator<std::__cxx11::basic_string<char, std::char_traits<char>, std::allocator<char> > > > const&) + 0x23c (0xe0a79c90ab1c in /usr/local/lib/python3.12/dist-packages/torch/lib/libtorch_cpu.so)
frame #7: c10d::ProcessGroupNCCL::HeartbeatMonitor::runLoop() + 0x330 (0xe0a77fee7350 in /usr/local/lib/python3.12/dist-packages/torch/lib/libtorch_cuda.so)
frame #8: <unknown function> + 0xe1ae0 (0xe0a830351ae0 in /lib/aarch64-linux-gnu/libstdc++.so.6)
frame #9: <unknown function> + 0x8582c (0xe0a83121582c in /lib/aarch64-linux-gnu/libc.so.6)
frame #10: <unknown function> + 0xeb79c (0xe0a83127b79c in /lib/aarch64-linux-gnu/libc.so.6)

[rank1]:[W910 12:29:09.353092916 ProcessGroupNCCL.cpp:1876] [PG ID 0 PG GUID 0 Rank 1] Failed to check the "should dump" flag on TCPStore, (maybe TCPStore server has shut down too early), with error: Broken pipe
[rank1]:[W910 12:29:10.353711658 TCPStore.cpp:106] [c10d] sendBytes failed on SocketImpl(fd=48, addr=[kiwi.200gb]:54432, remote=[emu.200gb]:29553): Broken pipe
Exception raised from sendBytes at /__w/pytorch/pytorch/torch/csrc/distributed/c10d/Utils.hpp:758 (most recent call first):
frame #0: c10::Error::Error(c10::SourceLocation, std::__cxx11::basic_string<char, std::char_traits<char>, std::allocator<char> >) + 0xc8 (0xe0a77ef9e158 in /usr/local/lib/python3.12/dist-packages/torch/lib/libc10.so)
frame #1: c10::DistError::DistError(c10::SourceLocation, std::__cxx11::basic_string<char, std::char_traits<char>, std::allocator<char> >) + 0x78 (0xe0a77ef9ed48 in /usr/local/lib/python3.12/dist-packages/torch/lib/libc10.so)
frame #2: c10::DistNetworkError::DistNetworkError(c10::SourceLocation, std::__cxx11::basic_string<char, std::char_traits<char>, std::allocator<char> >) + 0x78 (0xe0a77ef9f0c8 in /usr/local/lib/python3.12/dist-packages/torch/lib/libc10.so)
frame #3: <unknown function> + 0x70b77ec (0xe0a79c9077ec in /usr/local/lib/python3.12/dist-packages/torch/lib/libtorch_cpu.so)
frame #4: <unknown function> + 0x70b9aa4 (0xe0a79c909aa4 in /usr/local/lib/python3.12/dist-packages/torch/lib/libtorch_cpu.so)
frame #5: <unknown function> + 0x70b9c18 (0xe0a79c909c18 in /usr/local/lib/python3.12/dist-packages/torch/lib/libtorch_cpu.so)
frame #6: c10d::TCPStore::check(std::vector<std::__cxx11::basic_string<char, std::char_traits<char>, std::allocator<char> >, std::allocator<std::__cxx11::basic_string<char, std::char_traits<char>, std::allocator<char> > > > const&) + 0x23c (0xe0a79c90ab1c in /usr/local/lib/python3.12/dist-packages/torch/lib/libtorch_cpu.so)
frame #7: c10d::ProcessGroupNCCL::HeartbeatMonitor::runLoop() + 0x330 (0xe0a77fee7350 in /usr/local/lib/python3.12/dist-packages/torch/lib/libtorch_cuda.so)
frame #8: <unknown function> + 0xe1ae0 (0xe0a830351ae0 in /lib/aarch64-linux-gnu/libstdc++.so.6)
frame #9: <unknown function> + 0x8582c (0xe0a83121582c in /lib/aarch64-linux-gnu/libc.so.6)
frame #10: <unknown function> + 0xeb79c (0xe0a83127b79c in /lib/aarch64-linux-gnu/libc.so.6)

[rank1]:[W910 12:29:10.356623326 ProcessGroupNCCL.cpp:1876] [PG ID 0 PG GUID 0 Rank 1] Failed to check the "should dump" flag on TCPStore, (maybe TCPStore server has shut down too early), with error: Broken pipe
[rank1]:[W910 12:29:11.357214914 TCPStore.cpp:106] [c10d] sendBytes failed on SocketImpl(fd=48, addr=[kiwi.200gb]:54432, remote=[emu.200gb]:29553): Broken pipe
Exception raised from sendBytes at /__w/pytorch/pytorch/torch/csrc/distributed/c10d/Utils.hpp:758 (most recent call first):
frame #0: c10::Error::Error(c10::SourceLocation, std::__cxx11::basic_string<char, std::char_traits<char>, std::allocator<char> >) + 0xc8 (0xe0a77ef9e158 in /usr/local/lib/python3.12/dist-packages/torch/lib/libc10.so)
frame #1: c10::DistError::DistError(c10::SourceLocation, std::__cxx11::basic_string<char, std::char_traits<char>, std::allocator<char> >) + 0x78 (0xe0a77ef9ed48 in /usr/local/lib/python3.12/dist-packages/torch/lib/libc10.so)
frame #2: c10::DistNetworkError::DistNetworkError(c10::SourceLocation, std::__cxx11::basic_string<char, std::char_traits<char>, std::allocator<char> >) + 0x78 (0xe0a77ef9f0c8 in /usr/local/lib/python3.12/dist-packages/torch/lib/libc10.so)
frame #3: <unknown function> + 0x70b77ec (0xe0a79c9077ec in /usr/local/lib/python3.12/dist-packages/torch/lib/libtorch_cpu.so)
frame #4: <unknown function> + 0x70b9aa4 (0xe0a79c909aa4 in /usr/local/lib/python3.12/dist-packages/torch/lib/libtorch_cpu.so)
frame #5: <unknown function> + 0x70b9c18 (0xe0a79c909c18 in /usr/local/lib/python3.12/dist-packages/torch/lib/libtorch_cpu.so)
frame #6: c10d::TCPStore::check(std::vector<std::__cxx11::basic_string<char, std::char_traits<char>, std::allocator<char> >, std::allocator<std::__cxx11::basic_string<char, std::char_traits<char>, std::allocator<char> > > > const&) + 0x23c (0xe0a79c90ab1c in /usr/local/lib/python3.12/dist-packages/torch/lib/libtorch_cpu.so)
frame #7: c10d::ProcessGroupNCCL::HeartbeatMonitor::runLoop() + 0x330 (0xe0a77fee7350 in /usr/local/lib/python3.12/dist-packages/torch/lib/libtorch_cuda.so)
frame #8: <unknown function> + 0xe1ae0 (0xe0a830351ae0 in /lib/aarch64-linux-gnu/libstdc++.so.6)
frame #9: <unknown function> + 0x8582c (0xe0a83121582c in /lib/aarch64-linux-gnu/libc.so.6)
frame #10: <unknown function> + 0xeb79c (0xe0a83127b79c in /lib/aarch64-linux-gnu/libc.so.6)

[rank1]:[W910 12:29:11.359768486 ProcessGroupNCCL.cpp:1876] [PG ID 0 PG GUID 0 Rank 1] Failed to check the "should dump" flag on TCPStore, (maybe TCPStore server has shut down too early), with error: Broken pipe
[rank1]:[W910 12:29:12.360394855 TCPStore.cpp:106] [c10d] sendBytes failed on SocketImpl(fd=48, addr=[kiwi.200gb]:54432, remote=[emu.200gb]:29553): Broken pipe
Exception raised from sendBytes at /__w/pytorch/pytorch/torch/csrc/distributed/c10d/Utils.hpp:758 (most recent call first):
frame #0: c10::Error::Error(c10::SourceLocation, std::__cxx11::basic_string<char, std::char_traits<char>, std::allocator<char> >) + 0xc8 (0xe0a77ef9e158 in /usr/local/lib/python3.12/dist-packages/torch/lib/libc10.so)
frame #1: c10::DistError::DistError(c10::SourceLocation, std::__cxx11::basic_string<char, std::char_traits<char>, std::allocator<char> >) + 0x78 (0xe0a77ef9ed48 in /usr/local/lib/python3.12/dist-packages/torch/lib/libc10.so)
frame #2: c10::DistNetworkError::DistNetworkError(c10::SourceLocation, std::__cxx11::basic_string<char, std::char_traits<char>, std::allocator<char> >) + 0x78 (0xe0a77ef9f0c8 in /usr/local/lib/python3.12/dist-packages/torch/lib/libc10.so)
frame #3: <unknown function> + 0x70b77ec (0xe0a79c9077ec in /usr/local/lib/python3.12/dist-packages/torch/lib/libtorch_cpu.so)
frame #4: <unknown function> + 0x70b9aa4 (0xe0a79c909aa4 in /usr/local/lib/python3.12/dist-packages/torch/lib/libtorch_cpu.so)
frame #5: <unknown function> + 0x70b9c18 (0xe0a79c909c18 in /usr/local/lib/python3.12/dist-packages/torch/lib/libtorch_cpu.so)
frame #6: c10d::TCPStore::check(std::vector<std::__cxx11::basic_string<char, std::char_traits<char>, std::allocator<char> >, std::allocator<std::__cxx11::basic_string<char, std::char_traits<char>, std::allocator<char> > > > const&) + 0x23c (0xe0a79c90ab1c in /usr/local/lib/python3.12/dist-packages/torch/lib/libtorch_cpu.so)
frame #7: c10d::ProcessGroupNCCL::HeartbeatMonitor::runLoop() + 0x330 (0xe0a77fee7350 in /usr/local/lib/python3.12/dist-packages/torch/lib/libtorch_cuda.so)
frame #8: <unknown function> + 0xe1ae0 (0xe0a830351ae0 in /lib/aarch64-linux-gnu/libstdc++.so.6)
frame #9: <unknown function> + 0x8582c (0xe0a83121582c in /lib/aarch64-linux-gnu/libc.so.6)
frame #10: <unknown function> + 0xeb79c (0xe0a83127b79c in /lib/aarch64-linux-gnu/libc.so.6)

[rank1]:[W910 12:29:12.363295772 ProcessGroupNCCL.cpp:1876] [PG ID 0 PG GUID 0 Rank 1] Failed to check the "should dump" flag on TCPStore, (maybe TCPStore server has shut down too early), with error: Broken pipe
[rank1]:[W910 12:29:13.363920813 TCPStore.cpp:106] [c10d] sendBytes failed on SocketImpl(fd=48, addr=[kiwi.200gb]:54432, remote=[emu.200gb]:29553): Broken pipe
Exception raised from sendBytes at /__w/pytorch/pytorch/torch/csrc/distributed/c10d/Utils.hpp:758 (most recent call first):
frame #0: c10::Error::Error(c10::SourceLocation, std::__cxx11::basic_string<char, std::char_traits<char>, std::allocator<char> >) + 0xc8 (0xe0a77ef9e158 in /usr/local/lib/python3.12/dist-packages/torch/lib/libc10.so)
frame #1: c10::DistError::DistError(c10::SourceLocation, std::__cxx11::basic_string<char, std::char_traits<char>, std::allocator<char> >) + 0x78 (0xe0a77ef9ed48 in /usr/local/lib/python3.12/dist-packages/torch/lib/libc10.so)
frame #2: c10::DistNetworkError::DistNetworkError(c10::SourceLocation, std::__cxx11::basic_string<char, std::char_traits<char>, std::allocator<char> >) + 0x78 (0xe0a77ef9f0c8 in /usr/local/lib/python3.12/dist-packages/torch/lib/libc10.so)
frame #3: <unknown function> + 0x70b77ec (0xe0a79c9077ec in /usr/local/lib/python3.12/dist-packages/torch/lib/libtorch_cpu.so)
frame #4: <unknown function> + 0x70b9aa4 (0xe0a79c909aa4 in /usr/local/lib/python3.12/dist-packages/torch/lib/libtorch_cpu.so)
frame #5: <unknown function> + 0x70b9c18 (0xe0a79c909c18 in /usr/local/lib/python3.12/dist-packages/torch/lib/libtorch_cpu.so)
frame #6: c10d::TCPStore::check(std::vector<std::__cxx11::basic_string<char, std::char_traits<char>, std::allocator<char> >, std::allocator<std::__cxx11::basic_string<char, std::char_traits<char>, std::allocator<char> > > > const&) + 0x23c (0xe0a79c90ab1c in /usr/local/lib/python3.12/dist-packages/torch/lib/libtorch_cpu.so)
frame #7: c10d::ProcessGroupNCCL::HeartbeatMonitor::runLoop() + 0x330 (0xe0a77fee7350 in /usr/local/lib/python3.12/dist-packages/torch/lib/libtorch_cuda.so)
frame #8: <unknown function> + 0xe1ae0 (0xe0a830351ae0 in /lib/aarch64-linux-gnu/libstdc++.so.6)
frame #9: <unknown function> + 0x8582c (0xe0a83121582c in /lib/aarch64-linux-gnu/libc.so.6)
frame #10: <unknown function> + 0xeb79c (0xe0a83127b79c in /lib/aarch64-linux-gnu/libc.so.6)

[rank1]:[W910 12:29:13.366263601 ProcessGroupNCCL.cpp:1876] [PG ID 0 PG GUID 0 Rank 1] Failed to check the "should dump" flag on TCPStore, (maybe TCPStore server has shut down too early), with error: Broken pipe
[rank1]:[W910 12:29:14.366503918 TCPStore.cpp:106] [c10d] sendBytes failed on SocketImpl(fd=48, addr=[kiwi.200gb]:54432, remote=[emu.200gb]:29553): Broken pipe
Exception raised from sendBytes at /__w/pytorch/pytorch/torch/csrc/distributed/c10d/Utils.hpp:758 (most recent call first):
frame #0: c10::Error::Error(c10::SourceLocation, std::__cxx11::basic_string<char, std::char_traits<char>, std::allocator<char> >) + 0xc8 (0xe0a77ef9e158 in /usr/local/lib/python3.12/dist-packages/torch/lib/libc10.so)
frame #1: c10::DistError::DistError(c10::SourceLocation, std::__cxx11::basic_string<char, std::char_traits<char>, std::allocator<char> >) + 0x78 (0xe0a77ef9ed48 in /usr/local/lib/python3.12/dist-packages/torch/lib/libc10.so)
frame #2: c10::DistNetworkError::DistNetworkError(c10::SourceLocation, std::__cxx11::basic_string<char, std::char_traits<char>, std::allocator<char> >) + 0x78 (0xe0a77ef9f0c8 in /usr/local/lib/python3.12/dist-packages/torch/lib/libc10.so)
frame #3: <unknown function> + 0x70b77ec (0xe0a79c9077ec in /usr/local/lib/python3.12/dist-packages/torch/lib/libtorch_cpu.so)
frame #4: <unknown function> + 0x70b9aa4 (0xe0a79c909aa4 in /usr/local/lib/python3.12/dist-packages/torch/lib/libtorch_cpu.so)
frame #5: <unknown function> + 0x70b9c18 (0xe0a79c909c18 in /usr/local/lib/python3.12/dist-packages/torch/lib/libtorch_cpu.so)
frame #6: c10d::TCPStore::check(std::vector<std::__cxx11::basic_string<char, std::char_traits<char>, std::allocator<char> >, std::allocator<std::__cxx11::basic_string<char, std::char_traits<char>, std::allocator<char> > > > const&) + 0x23c (0xe0a79c90ab1c in /usr/local/lib/python3.12/dist-packages/torch/lib/libtorch_cpu.so)
frame #7: c10d::ProcessGroupNCCL::HeartbeatMonitor::runLoop() + 0x330 (0xe0a77fee7350 in /usr/local/lib/python3.12/dist-packages/torch/lib/libtorch_cuda.so)
frame #8: <unknown function> + 0xe1ae0 (0xe0a830351ae0 in /lib/aarch64-linux-gnu/libstdc++.so.6)
frame #9: <unknown function> + 0x8582c (0xe0a83121582c in /lib/aarch64-linux-gnu/libc.so.6)
frame #10: <unknown function> + 0xeb79c (0xe0a83127b79c in /lib/aarch64-linux-gnu/libc.so.6)

[rank1]:[W910 12:29:14.368424449 ProcessGroupNCCL.cpp:1876] [PG ID 0 PG GUID 0 Rank 1] Failed to check the "should dump" flag on TCPStore, (maybe TCPStore server has shut down too early), with error: Broken pipe
[rank1]:[W910 12:29:15.369320847 TCPStore.cpp:106] [c10d] sendBytes failed on SocketImpl(fd=48, addr=[kiwi.200gb]:54432, remote=[emu.200gb]:29553): Broken pipe
Exception raised from sendBytes at /__w/pytorch/pytorch/torch/csrc/distributed/c10d/Utils.hpp:758 (most recent call first):
frame #0: c10::Error::Error(c10::SourceLocation, std::__cxx11::basic_string<char, std::char_traits<char>, std::allocator<char> >) + 0xc8 (0xe0a77ef9e158 in /usr/local/lib/python3.12/dist-packages/torch/lib/libc10.so)
frame #1: c10::DistError::DistError(c10::SourceLocation, std::__cxx11::basic_string<char, std::char_traits<char>, std::allocator<char> >) + 0x78 (0xe0a77ef9ed48 in /usr/local/lib/python3.12/dist-packages/torch/lib/libc10.so)
frame #2: c10::DistNetworkError::DistNetworkError(c10::SourceLocation, std::__cxx11::basic_string<char, std::char_traits<char>, std::allocator<char> >) + 0x78 (0xe0a77ef9f0c8 in /usr/local/lib/python3.12/dist-packages/torch/lib/libc10.so)
frame #3: <unknown function> + 0x70b77ec (0xe0a79c9077ec in /usr/local/lib/python3.12/dist-packages/torch/lib/libtorch_cpu.so)
frame #4: <unknown function> + 0x70b9aa4 (0xe0a79c909aa4 in /usr/local/lib/python3.12/dist-packages/torch/lib/libtorch_cpu.so)
frame #5: <unknown function> + 0x70b9c18 (0xe0a79c909c18 in /usr/local/lib/python3.12/dist-packages/torch/lib/libtorch_cpu.so)
frame #6: c10d::TCPStore::check(std::vector<std::__cxx11::basic_string<char, std::char_traits<char>, std::allocator<char> >, std::allocator<std::__cxx11::basic_string<char, std::char_traits<char>, std::allocator<char> > > > const&) + 0x23c (0xe0a79c90ab1c in /usr/local/lib/python3.12/dist-packages/torch/lib/libtorch_cpu.so)
frame #7: c10d::ProcessGroupNCCL::HeartbeatMonitor::runLoop() + 0x330 (0xe0a77fee7350 in /usr/local/lib/python3.12/dist-packages/torch/lib/libtorch_cuda.so)
frame #8: <unknown function> + 0xe1ae0 (0xe0a830351ae0 in /lib/aarch64-linux-gnu/libstdc++.so.6)
frame #9: <unknown function> + 0x8582c (0xe0a83121582c in /lib/aarch64-linux-gnu/libc.so.6)
frame #10: <unknown function> + 0xeb79c (0xe0a83127b79c in /lib/aarch64-linux-gnu/libc.so.6)

[rank1]:[W910 12:29:15.371796563 ProcessGroupNCCL.cpp:1876] [PG ID 0 PG GUID 0 Rank 1] Failed to check the "should dump" flag on TCPStore, (maybe TCPStore server has shut down too early), with error: Broken pipe
[rank1]:[W910 12:29:16.372411037 TCPStore.cpp:106] [c10d] sendBytes failed on SocketImpl(fd=48, addr=[kiwi.200gb]:54432, remote=[emu.200gb]:29553): Broken pipe
Exception raised from sendBytes at /__w/pytorch/pytorch/torch/csrc/distributed/c10d/Utils.hpp:758 (most recent call first):
frame #0: c10::Error::Error(c10::SourceLocation, std::__cxx11::basic_string<char, std::char_traits<char>, std::allocator<char> >) + 0xc8 (0xe0a77ef9e158 in /usr/local/lib/python3.12/dist-packages/torch/lib/libc10.so)
frame #1: c10::DistError::DistError(c10::SourceLocation, std::__cxx11::basic_string<char, std::char_traits<char>, std::allocator<char> >) + 0x78 (0xe0a77ef9ed48 in /usr/local/lib/python3.12/dist-packages/torch/lib/libc10.so)
frame #2: c10::DistNetworkError::DistNetworkError(c10::SourceLocation, std::__cxx11::basic_string<char, std::char_traits<char>, std::allocator<char> >) + 0x78 (0xe0a77ef9f0c8 in /usr/local/lib/python3.12/dist-packages/torch/lib/libc10.so)
frame #3: <unknown function> + 0x70b77ec (0xe0a79c9077ec in /usr/local/lib/python3.12/dist-packages/torch/lib/libtorch_cpu.so)
frame #4: <unknown function> + 0x70b9aa4 (0xe0a79c909aa4 in /usr/local/lib/python3.12/dist-packages/torch/lib/libtorch_cpu.so)
frame #5: <unknown function> + 0x70b9c18 (0xe0a79c909c18 in /usr/local/lib/python3.12/dist-packages/torch/lib/libtorch_cpu.so)
frame #6: c10d::TCPStore::check(std::vector<std::__cxx11::basic_string<char, std::char_traits<char>, std::allocator<char> >, std::allocator<std::__cxx11::basic_string<char, std::char_traits<char>, std::allocator<char> > > > const&) + 0x23c (0xe0a79c90ab1c in /usr/local/lib/python3.12/dist-packages/torch/lib/libtorch_cpu.so)
frame #7: c10d::ProcessGroupNCCL::HeartbeatMonitor::runLoop() + 0x330 (0xe0a77fee7350 in /usr/local/lib/python3.12/dist-packages/torch/lib/libtorch_cuda.so)
frame #8: <unknown function> + 0xe1ae0 (0xe0a830351ae0 in /lib/aarch64-linux-gnu/libstdc++.so.6)
frame #9: <unknown function> + 0x8582c (0xe0a83121582c in /lib/aarch64-linux-gnu/libc.so.6)
frame #10: <unknown function> + 0xeb79c (0xe0a83127b79c in /lib/aarch64-linux-gnu/libc.so.6)

[rank1]:[W910 12:29:16.374836673 ProcessGroupNCCL.cpp:1876] [PG ID 0 PG GUID 0 Rank 1] Failed to check the "should dump" flag on TCPStore, (maybe TCPStore server has shut down too early), with error: Broken pipe
[rank1]:[W910 12:29:17.374971193 TCPStore.cpp:106] [c10d] sendBytes failed on SocketImpl(fd=48, addr=[kiwi.200gb]:54432, remote=[emu.200gb]:29553): Broken pipe
Exception raised from sendBytes at /__w/pytorch/pytorch/torch/csrc/distributed/c10d/Utils.hpp:758 (most recent call first):
frame #0: c10::Error::Error(c10::SourceLocation, std::__cxx11::basic_string<char, std::char_traits<char>, std::allocator<char> >) + 0xc8 (0xe0a77ef9e158 in /usr/local/lib/python3.12/dist-packages/torch/lib/libc10.so)
frame #1: c10::DistError::DistError(c10::SourceLocation, std::__cxx11::basic_string<char, std::char_traits<char>, std::allocator<char> >) + 0x78 (0xe0a77ef9ed48 in /usr/local/lib/python3.12/dist-packages/torch/lib/libc10.so)
frame #2: c10::DistNetworkError::DistNetworkError(c10::SourceLocation, std::__cxx11::basic_string<char, std::char_traits<char>, std::allocator<char> >) + 0x78 (0xe0a77ef9f0c8 in /usr/local/lib/python3.12/dist-packages/torch/lib/libc10.so)
frame #3: <unknown function> + 0x70b77ec (0xe0a79c9077ec in /usr/local/lib/python3.12/dist-packages/torch/lib/libtorch_cpu.so)
frame #4: <unknown function> + 0x70b9aa4 (0xe0a79c909aa4 in /usr/local/lib/python3.12/dist-packages/torch/lib/libtorch_cpu.so)
frame #5: <unknown function> + 0x70b9c18 (0xe0a79c909c18 in /usr/local/lib/python3.12/dist-packages/torch/lib/libtorch_cpu.so)
frame #6: c10d::TCPStore::check(std::vector<std::__cxx11::basic_string<char, std::char_traits<char>, std::allocator<char> >, std::allocator<std::__cxx11::basic_string<char, std::char_traits<char>, std::allocator<char> > > > const&) + 0x23c (0xe0a79c90ab1c in /usr/local/lib/python3.12/dist-packages/torch/lib/libtorch_cpu.so)
frame #7: c10d::ProcessGroupNCCL::HeartbeatMonitor::runLoop() + 0x330 (0xe0a77fee7350 in /usr/local/lib/python3.12/dist-packages/torch/lib/libtorch_cuda.so)
frame #8: <unknown function> + 0xe1ae0 (0xe0a830351ae0 in /lib/aarch64-linux-gnu/libstdc++.so.6)
frame #9: <unknown function> + 0x8582c (0xe0a83121582c in /lib/aarch64-linux-gnu/libc.so.6)
frame #10: <unknown function> + 0xeb79c (0xe0a83127b79c in /lib/aarch64-linux-gnu/libc.so.6)

[rank1]:[W910 12:29:17.376699356 ProcessGroupNCCL.cpp:1876] [PG ID 0 PG GUID 0 Rank 1] Failed to check the "should dump" flag on TCPStore, (maybe TCPStore server has shut down too early), with error: Broken pipe
[rank1]:[W910 12:29:18.377327668 TCPStore.cpp:106] [c10d] sendBytes failed on SocketImpl(fd=48, addr=[kiwi.200gb]:54432, remote=[emu.200gb]:29553): Broken pipe
Exception raised from sendBytes at /__w/pytorch/pytorch/torch/csrc/distributed/c10d/Utils.hpp:758 (most recent call first):
frame #0: c10::Error::Error(c10::SourceLocation, std::__cxx11::basic_string<char, std::char_traits<char>, std::allocator<char> >) + 0xc8 (0xe0a77ef9e158 in /usr/local/lib/python3.12/dist-packages/torch/lib/libc10.so)
frame #1: c10::DistError::DistError(c10::SourceLocation, std::__cxx11::basic_string<char, std::char_traits<char>, std::allocator<char> >) + 0x78 (0xe0a77ef9ed48 in /usr/local/lib/python3.12/dist-packages/torch/lib/libc10.so)
frame #2: c10::DistNetworkError::DistNetworkError(c10::SourceLocation, std::__cxx11::basic_string<char, std::char_traits<char>, std::allocator<char> >) + 0x78 (0xe0a77ef9f0c8 in /usr/local/lib/python3.12/dist-packages/torch/lib/libc10.so)
frame #3: <unknown function> + 0x70b77ec (0xe0a79c9077ec in /usr/local/lib/python3.12/dist-packages/torch/lib/libtorch_cpu.so)
frame #4: <unknown function> + 0x70b9aa4 (0xe0a79c909aa4 in /usr/local/lib/python3.12/dist-packages/torch/lib/libtorch_cpu.so)
frame #5: <unknown function> + 0x70b9c18 (0xe0a79c909c18 in /usr/local/lib/python3.12/dist-packages/torch/lib/libtorch_cpu.so)
frame #6: c10d::TCPStore::check(std::vector<std::__cxx11::basic_string<char, std::char_traits<char>, std::allocator<char> >, std::allocator<std::__cxx11::basic_string<char, std::char_traits<char>, std::allocator<char> > > > const&) + 0x23c (0xe0a79c90ab1c in /usr/local/lib/python3.12/dist-packages/torch/lib/libtorch_cpu.so)
frame #7: c10d::ProcessGroupNCCL::HeartbeatMonitor::runLoop() + 0x330 (0xe0a77fee7350 in /usr/local/lib/python3.12/dist-packages/torch/lib/libtorch_cuda.so)
frame #8: <unknown function> + 0xe1ae0 (0xe0a830351ae0 in /lib/aarch64-linux-gnu/libstdc++.so.6)
frame #9: <unknown function> + 0x8582c (0xe0a83121582c in /lib/aarch64-linux-gnu/libc.so.6)
frame #10: <unknown function> + 0xeb79c (0xe0a83127b79c in /lib/aarch64-linux-gnu/libc.so.6)

[rank1]:[W910 12:29:18.380037352 ProcessGroupNCCL.cpp:1876] [PG ID 0 PG GUID 0 Rank 1] Failed to check the "should dump" flag on TCPStore, (maybe TCPStore server has shut down too early), with error: Broken pipe
[rank1]:[W910 12:29:19.380182254 TCPStore.cpp:106] [c10d] sendBytes failed on SocketImpl(fd=48, addr=[kiwi.200gb]:54432, remote=[emu.200gb]:29553): Broken pipe
Exception raised from sendBytes at /__w/pytorch/pytorch/torch/csrc/distributed/c10d/Utils.hpp:758 (most recent call first):
frame #0: c10::Error::Error(c10::SourceLocation, std::__cxx11::basic_string<char, std::char_traits<char>, std::allocator<char> >) + 0xc8 (0xe0a77ef9e158 in /usr/local/lib/python3.12/dist-packages/torch/lib/libc10.so)
frame #1: c10::DistError::DistError(c10::SourceLocation, std::__cxx11::basic_string<char, std::char_traits<char>, std::allocator<char> >) + 0x78 (0xe0a77ef9ed48 in /usr/local/lib/python3.12/dist-packages/torch/lib/libc10.so)
frame #2: c10::DistNetworkError::DistNetworkError(c10::SourceLocation, std::__cxx11::basic_string<char, std::char_traits<char>, std::allocator<char> >) + 0x78 (0xe0a77ef9f0c8 in /usr/local/lib/python3.12/dist-packages/torch/lib/libc10.so)
frame #3: <unknown function> + 0x70b77ec (0xe0a79c9077ec in /usr/local/lib/python3.12/dist-packages/torch/lib/libtorch_cpu.so)
frame #4: <unknown function> + 0x70b9aa4 (0xe0a79c909aa4 in /usr/local/lib/python3.12/dist-packages/torch/lib/libtorch_cpu.so)
frame #5: <unknown function> + 0x70b9c18 (0xe0a79c909c18 in /usr/local/lib/python3.12/dist-packages/torch/lib/libtorch_cpu.so)
frame #6: c10d::TCPStore::check(std::vector<std::__cxx11::basic_string<char, std::char_traits<char>, std::allocator<char> >, std::allocator<std::__cxx11::basic_string<char, std::char_traits<char>, std::allocator<char> > > > const&) + 0x23c (0xe0a79c90ab1c in /usr/local/lib/python3.12/dist-packages/torch/lib/libtorch_cpu.so)
frame #7: c10d::ProcessGroupNCCL::HeartbeatMonitor::runLoop() + 0x330 (0xe0a77fee7350 in /usr/local/lib/python3.12/dist-packages/torch/lib/libtorch_cuda.so)
frame #8: <unknown function> + 0xe1ae0 (0xe0a830351ae0 in /lib/aarch64-linux-gnu/libstdc++.so.6)
frame #9: <unknown function> + 0x8582c (0xe0a83121582c in /lib/aarch64-linux-gnu/libc.so.6)
frame #10: <unknown function> + 0xeb79c (0xe0a83127b79c in /lib/aarch64-linux-gnu/libc.so.6)

[rank1]:[W910 12:29:19.382634658 ProcessGroupNCCL.cpp:1876] [PG ID 0 PG GUID 0 Rank 1] Failed to check the "should dump" flag on TCPStore, (maybe TCPStore server has shut down too early), with error: Broken pipe
[rank1]:[W910 12:29:20.383512710 TCPStore.cpp:106] [c10d] sendBytes failed on SocketImpl(fd=48, addr=[kiwi.200gb]:54432, remote=[emu.200gb]:29553): Broken pipe
Exception raised from sendBytes at /__w/pytorch/pytorch/torch/csrc/distributed/c10d/Utils.hpp:758 (most recent call first):
frame #0: c10::Error::Error(c10::SourceLocation, std::__cxx11::basic_string<char, std::char_traits<char>, std::allocator<char> >) + 0xc8 (0xe0a77ef9e158 in /usr/local/lib/python3.12/dist-packages/torch/lib/libc10.so)
frame #1: c10::DistError::DistError(c10::SourceLocation, std::__cxx11::basic_string<char, std::char_traits<char>, std::allocator<char> >) + 0x78 (0xe0a77ef9ed48 in /usr/local/lib/python3.12/dist-packages/torch/lib/libc10.so)
frame #2: c10::DistNetworkError::DistNetworkError(c10::SourceLocation, std::__cxx11::basic_string<char, std::char_traits<char>, std::allocator<char> >) + 0x78 (0xe0a77ef9f0c8 in /usr/local/lib/python3.12/dist-packages/torch/lib/libc10.so)
frame #3: <unknown function> + 0x70b77ec (0xe0a79c9077ec in /usr/local/lib/python3.12/dist-packages/torch/lib/libtorch_cpu.so)
frame #4: <unknown function> + 0x70b9aa4 (0xe0a79c909aa4 in /usr/local/lib/python3.12/dist-packages/torch/lib/libtorch_cpu.so)
frame #5: <unknown function> + 0x70b9c18 (0xe0a79c909c18 in /usr/local/lib/python3.12/dist-packages/torch/lib/libtorch_cpu.so)
frame #6: c10d::TCPStore::check(std::vector<std::__cxx11::basic_string<char, std::char_traits<char>, std::allocator<char> >, std::allocator<std::__cxx11::basic_string<char, std::char_traits<char>, std::allocator<char> > > > const&) + 0x23c (0xe0a79c90ab1c in /usr/local/lib/python3.12/dist-packages/torch/lib/libtorch_cpu.so)
frame #7: c10d::ProcessGroupNCCL::HeartbeatMonitor::runLoop() + 0x330 (0xe0a77fee7350 in /usr/local/lib/python3.12/dist-packages/torch/lib/libtorch_cuda.so)
frame #8: <unknown function> + 0xe1ae0 (0xe0a830351ae0 in /lib/aarch64-linux-gnu/libstdc++.so.6)
frame #9: <unknown function> + 0x8582c (0xe0a83121582c in /lib/aarch64-linux-gnu/libc.so.6)
frame #10: <unknown function> + 0xeb79c (0xe0a83127b79c in /lib/aarch64-linux-gnu/libc.so.6)

[rank1]:[W910 12:29:20.386931868 ProcessGroupNCCL.cpp:1876] [PG ID 0 PG GUID 0 Rank 1] Failed to check the "should dump" flag on TCPStore, (maybe TCPStore server has shut down too early), with error: Broken pipe
[rank1]:[W910 12:29:21.387078270 TCPStore.cpp:106] [c10d] sendBytes failed on SocketImpl(fd=48, addr=[kiwi.200gb]:54432, remote=[emu.200gb]:29553): Broken pipe
Exception raised from sendBytes at /__w/pytorch/pytorch/torch/csrc/distributed/c10d/Utils.hpp:758 (most recent call first):
frame #0: c10::Error::Error(c10::SourceLocation, std::__cxx11::basic_string<char, std::char_traits<char>, std::allocator<char> >) + 0xc8 (0xe0a77ef9e158 in /usr/local/lib/python3.12/dist-packages/torch/lib/libc10.so)
frame #1: c10::DistError::DistError(c10::SourceLocation, std::__cxx11::basic_string<char, std::char_traits<char>, std::allocator<char> >) + 0x78 (0xe0a77ef9ed48 in /usr/local/lib/python3.12/dist-packages/torch/lib/libc10.so)
frame #2: c10::DistNetworkError::DistNetworkError(c10::SourceLocation, std::__cxx11::basic_string<char, std::char_traits<char>, std::allocator<char> >) + 0x78 (0xe0a77ef9f0c8 in /usr/local/lib/python3.12/dist-packages/torch/lib/libc10.so)
frame #3: <unknown function> + 0x70b77ec (0xe0a79c9077ec in /usr/local/lib/python3.12/dist-packages/torch/lib/libtorch_cpu.so)
frame #4: <unknown function> + 0x70b9aa4 (0xe0a79c909aa4 in /usr/local/lib/python3.12/dist-packages/torch/lib/libtorch_cpu.so)
frame #5: <unknown function> + 0x70b9c18 (0xe0a79c909c18 in /usr/local/lib/python3.12/dist-packages/torch/lib/libtorch_cpu.so)
frame #6: c10d::TCPStore::check(std::vector<std::__cxx11::basic_string<char, std::char_traits<char>, std::allocator<char> >, std::allocator<std::__cxx11::basic_string<char, std::char_traits<char>, std::allocator<char> > > > const&) + 0x23c (0xe0a79c90ab1c in /usr/local/lib/python3.12/dist-packages/torch/lib/libtorch_cpu.so)
frame #7: c10d::ProcessGroupNCCL::HeartbeatMonitor::runLoop() + 0x330 (0xe0a77fee7350 in /usr/local/lib/python3.12/dist-packages/torch/lib/libtorch_cuda.so)
frame #8: <unknown function> + 0xe1ae0 (0xe0a830351ae0 in /lib/aarch64-linux-gnu/libstdc++.so.6)
frame #9: <unknown function> + 0x8582c (0xe0a83121582c in /lib/aarch64-linux-gnu/libc.so.6)
frame #10: <unknown function> + 0xeb79c (0xe0a83127b79c in /lib/aarch64-linux-gnu/libc.so.6)

[rank1]:[W910 12:29:21.389716786 ProcessGroupNCCL.cpp:1876] [PG ID 0 PG GUID 0 Rank 1] Failed to check the "should dump" flag on TCPStore, (maybe TCPStore server has shut down too early), with error: Broken pipe
[rank1]:[W910 12:29:22.391070532 TCPStore.cpp:106] [c10d] sendBytes failed on SocketImpl(fd=48, addr=[kiwi.200gb]:54432, remote=[emu.200gb]:29553): Broken pipe
Exception raised from sendBytes at /__w/pytorch/pytorch/torch/csrc/distributed/c10d/Utils.hpp:758 (most recent call first):
frame #0: c10::Error::Error(c10::SourceLocation, std::__cxx11::basic_string<char, std::char_traits<char>, std::allocator<char> >) + 0xc8 (0xe0a77ef9e158 in /usr/local/lib/python3.12/dist-packages/torch/lib/libc10.so)
frame #1: c10::DistError::DistError(c10::SourceLocation, std::__cxx11::basic_string<char, std::char_traits<char>, std::allocator<char> >) + 0x78 (0xe0a77ef9ed48 in /usr/local/lib/python3.12/dist-packages/torch/lib/libc10.so)
frame #2: c10::DistNetworkError::DistNetworkError(c10::SourceLocation, std::__cxx11::basic_string<char, std::char_traits<char>, std::allocator<char> >) + 0x78 (0xe0a77ef9f0c8 in /usr/local/lib/python3.12/dist-packages/torch/lib/libc10.so)
frame #3: <unknown function> + 0x70b77ec (0xe0a79c9077ec in /usr/local/lib/python3.12/dist-packages/torch/lib/libtorch_cpu.so)
frame #4: <unknown function> + 0x70b9aa4 (0xe0a79c909aa4 in /usr/local/lib/python3.12/dist-packages/torch/lib/libtorch_cpu.so)
frame #5: <unknown function> + 0x70b9c18 (0xe0a79c909c18 in /usr/local/lib/python3.12/dist-packages/torch/lib/libtorch_cpu.so)
frame #6: c10d::TCPStore::check(std::vector<std::__cxx11::basic_string<char, std::char_traits<char>, std::allocator<char> >, std::allocator<std::__cxx11::basic_string<char, std::char_traits<char>, std::allocator<char> > > > const&) + 0x23c (0xe0a79c90ab1c in /usr/local/lib/python3.12/dist-packages/torch/lib/libtorch_cpu.so)
frame #7: c10d::ProcessGroupNCCL::HeartbeatMonitor::runLoop() + 0x330 (0xe0a77fee7350 in /usr/local/lib/python3.12/dist-packages/torch/lib/libtorch_cuda.so)
frame #8: <unknown function> + 0xe1ae0 (0xe0a830351ae0 in /lib/aarch64-linux-gnu/libstdc++.so.6)
frame #9: <unknown function> + 0x8582c (0xe0a83121582c in /lib/aarch64-linux-gnu/libc.so.6)
frame #10: <unknown function> + 0xeb79c (0xe0a83127b79c in /lib/aarch64-linux-gnu/libc.so.6)

[rank1]:[W910 12:29:22.392975623 ProcessGroupNCCL.cpp:1876] [PG ID 0 PG GUID 0 Rank 1] Failed to check the "should dump" flag on TCPStore, (maybe TCPStore server has shut down too early), with error: Broken pipe
[rank1]:[W910 12:29:23.393374085 TCPStore.cpp:106] [c10d] sendBytes failed on SocketImpl(fd=48, addr=[kiwi.200gb]:54432, remote=[emu.200gb]:29553): Broken pipe
Exception raised from sendBytes at /__w/pytorch/pytorch/torch/csrc/distributed/c10d/Utils.hpp:758 (most recent call first):
frame #0: c10::Error::Error(c10::SourceLocation, std::__cxx11::basic_string<char, std::char_traits<char>, std::allocator<char> >) + 0xc8 (0xe0a77ef9e158 in /usr/local/lib/python3.12/dist-packages/torch/lib/libc10.so)
frame #1: c10::DistError::DistError(c10::SourceLocation, std::__cxx11::basic_string<char, std::char_traits<char>, std::allocator<char> >) + 0x78 (0xe0a77ef9ed48 in /usr/local/lib/python3.12/dist-packages/torch/lib/libc10.so)
frame #2: c10::DistNetworkError::DistNetworkError(c10::SourceLocation, std::__cxx11::basic_string<char, std::char_traits<char>, std::allocator<char> >) + 0x78 (0xe0a77ef9f0c8 in /usr/local/lib/python3.12/dist-packages/torch/lib/libc10.so)
frame #3: <unknown function> + 0x70b77ec (0xe0a79c9077ec in /usr/local/lib/python3.12/dist-packages/torch/lib/libtorch_cpu.so)
frame #4: <unknown function> + 0x70b9aa4 (0xe0a79c909aa4 in /usr/local/lib/python3.12/dist-packages/torch/lib/libtorch_cpu.so)
frame #5: <unknown function> + 0x70b9c18 (0xe0a79c909c18 in /usr/local/lib/python3.12/dist-packages/torch/lib/libtorch_cpu.so)
frame #6: c10d::TCPStore::check(std::vector<std::__cxx11::basic_string<char, std::char_traits<char>, std::allocator<char> >, std::allocator<std::__cxx11::basic_string<char, std::char_traits<char>, std::allocator<char> > > > const&) + 0x23c (0xe0a79c90ab1c in /usr/local/lib/python3.12/dist-packages/torch/lib/libtorch_cpu.so)
frame #7: c10d::ProcessGroupNCCL::HeartbeatMonitor::runLoop() + 0x330 (0xe0a77fee7350 in /usr/local/lib/python3.12/dist-packages/torch/lib/libtorch_cuda.so)
frame #8: <unknown function> + 0xe1ae0 (0xe0a830351ae0 in /lib/aarch64-linux-gnu/libstdc++.so.6)
frame #9: <unknown function> + 0x8582c (0xe0a83121582c in /lib/aarch64-linux-gnu/libc.so.6)
frame #10: <unknown function> + 0xeb79c (0xe0a83127b79c in /lib/aarch64-linux-gnu/libc.so.6)

[rank1]:[W910 12:29:23.395783529 ProcessGroupNCCL.cpp:1876] [PG ID 0 PG GUID 0 Rank 1] Failed to check the "should dump" flag on TCPStore, (maybe TCPStore server has shut down too early), with error: Broken pipe
[rank1]:[W910 12:29:24.396391622 TCPStore.cpp:106] [c10d] sendBytes failed on SocketImpl(fd=48, addr=[kiwi.200gb]:54432, remote=[emu.200gb]:29553): Broken pipe
Exception raised from sendBytes at /__w/pytorch/pytorch/torch/csrc/distributed/c10d/Utils.hpp:758 (most recent call first):
frame #0: c10::Error::Error(c10::SourceLocation, std::__cxx11::basic_string<char, std::char_traits<char>, std::allocator<char> >) + 0xc8 (0xe0a77ef9e158 in /usr/local/lib/python3.12/dist-packages/torch/lib/libc10.so)
frame #1: c10::DistError::DistError(c10::SourceLocation, std::__cxx11::basic_string<char, std::char_traits<char>, std::allocator<char> >) + 0x78 (0xe0a77ef9ed48 in /usr/local/lib/python3.12/dist-packages/torch/lib/libc10.so)
frame #2: c10::DistNetworkError::DistNetworkError(c10::SourceLocation, std::__cxx11::basic_string<char, std::char_traits<char>, std::allocator<char> >) + 0x78 (0xe0a77ef9f0c8 in /usr/local/lib/python3.12/dist-packages/torch/lib/libc10.so)
frame #3: <unknown function> + 0x70b77ec (0xe0a79c9077ec in /usr/local/lib/python3.12/dist-packages/torch/lib/libtorch_cpu.so)
frame #4: <unknown function> + 0x70b9aa4 (0xe0a79c909aa4 in /usr/local/lib/python3.12/dist-packages/torch/lib/libtorch_cpu.so)
frame #5: <unknown function> + 0x70b9c18 (0xe0a79c909c18 in /usr/local/lib/python3.12/dist-packages/torch/lib/libtorch_cpu.so)
frame #6: c10d::TCPStore::check(std::vector<std::__cxx11::basic_string<char, std::char_traits<char>, std::allocator<char> >, std::allocator<std::__cxx11::basic_string<char, std::char_traits<char>, std::allocator<char> > > > const&) + 0x23c (0xe0a79c90ab1c in /usr/local/lib/python3.12/dist-packages/torch/lib/libtorch_cpu.so)
frame #7: c10d::ProcessGroupNCCL::HeartbeatMonitor::runLoop() + 0x330 (0xe0a77fee7350 in /usr/local/lib/python3.12/dist-packages/torch/lib/libtorch_cuda.so)
frame #8: <unknown function> + 0xe1ae0 (0xe0a830351ae0 in /lib/aarch64-linux-gnu/libstdc++.so.6)
frame #9: <unknown function> + 0x8582c (0xe0a83121582c in /lib/aarch64-linux-gnu/libc.so.6)
frame #10: <unknown function> + 0xeb79c (0xe0a83127b79c in /lib/aarch64-linux-gnu/libc.so.6)

[rank1]:[W910 12:29:24.398177097 ProcessGroupNCCL.cpp:1876] [PG ID 0 PG GUID 0 Rank 1] Failed to check the "should dump" flag on TCPStore, (maybe TCPStore server has shut down too early), with error: Broken pipe
[rank1]:[W910 12:29:25.398625125 TCPStore.cpp:106] [c10d] sendBytes failed on SocketImpl(fd=48, addr=[kiwi.200gb]:54432, remote=[emu.200gb]:29553): Broken pipe
Exception raised from sendBytes at /__w/pytorch/pytorch/torch/csrc/distributed/c10d/Utils.hpp:758 (most recent call first):
frame #0: c10::Error::Error(c10::SourceLocation, std::__cxx11::basic_string<char, std::char_traits<char>, std::allocator<char> >) + 0xc8 (0xe0a77ef9e158 in /usr/local/lib/python3.12/dist-packages/torch/lib/libc10.so)
frame #1: c10::DistError::DistError(c10::SourceLocation, std::__cxx11::basic_string<char, std::char_traits<char>, std::allocator<char> >) + 0x78 (0xe0a77ef9ed48 in /usr/local/lib/python3.12/dist-packages/torch/lib/libc10.so)
frame #2: c10::DistNetworkError::DistNetworkError(c10::SourceLocation, std::__cxx11::basic_string<char, std::char_traits<char>, std::allocator<char> >) + 0x78 (0xe0a77ef9f0c8 in /usr/local/lib/python3.12/dist-packages/torch/lib/libc10.so)
frame #3: <unknown function> + 0x70b77ec (0xe0a79c9077ec in /usr/local/lib/python3.12/dist-packages/torch/lib/libtorch_cpu.so)
frame #4: <unknown function> + 0x70b9aa4 (0xe0a79c909aa4 in /usr/local/lib/python3.12/dist-packages/torch/lib/libtorch_cpu.so)
frame #5: <unknown function> + 0x70b9c18 (0xe0a79c909c18 in /usr/local/lib/python3.12/dist-packages/torch/lib/libtorch_cpu.so)
frame #6: c10d::TCPStore::check(std::vector<std::__cxx11::basic_string<char, std::char_traits<char>, std::allocator<char> >, std::allocator<std::__cxx11::basic_string<char, std::char_traits<char>, std::allocator<char> > > > const&) + 0x23c (0xe0a79c90ab1c in /usr/local/lib/python3.12/dist-packages/torch/lib/libtorch_cpu.so)
frame #7: c10d::ProcessGroupNCCL::HeartbeatMonitor::runLoop() + 0x330 (0xe0a77fee7350 in /usr/local/lib/python3.12/dist-packages/torch/lib/libtorch_cuda.so)
frame #8: <unknown function> + 0xe1ae0 (0xe0a830351ae0 in /lib/aarch64-linux-gnu/libstdc++.so.6)
frame #9: <unknown function> + 0x8582c (0xe0a83121582c in /lib/aarch64-linux-gnu/libc.so.6)
frame #10: <unknown function> + 0xeb79c (0xe0a83127b79c in /lib/aarch64-linux-gnu/libc.so.6)

[rank1]:[W910 12:29:25.400823976 ProcessGroupNCCL.cpp:1876] [PG ID 0 PG GUID 0 Rank 1] Failed to check the "should dump" flag on TCPStore, (maybe TCPStore server has shut down too early), with error: Broken pipe
[rank1]:[W910 12:29:26.402278564 TCPStore.cpp:106] [c10d] sendBytes failed on SocketImpl(fd=48, addr=[kiwi.200gb]:54432, remote=[emu.200gb]:29553): Broken pipe
Exception raised from sendBytes at /__w/pytorch/pytorch/torch/csrc/distributed/c10d/Utils.hpp:758 (most recent call first):
frame #0: c10::Error::Error(c10::SourceLocation, std::__cxx11::basic_string<char, std::char_traits<char>, std::allocator<char> >) + 0xc8 (0xe0a77ef9e158 in /usr/local/lib/python3.12/dist-packages/torch/lib/libc10.so)
frame #1: c10::DistError::DistError(c10::SourceLocation, std::__cxx11::basic_string<char, std::char_traits<char>, std::allocator<char> >) + 0x78 (0xe0a77ef9ed48 in /usr/local/lib/python3.12/dist-packages/torch/lib/libc10.so)
frame #2: c10::DistNetworkError::DistNetworkError(c10::SourceLocation, std::__cxx11::basic_string<char, std::char_traits<char>, std::allocator<char> >) + 0x78 (0xe0a77ef9f0c8 in /usr/local/lib/python3.12/dist-packages/torch/lib/libc10.so)
frame #3: <unknown function> + 0x70b77ec (0xe0a79c9077ec in /usr/local/lib/python3.12/dist-packages/torch/lib/libtorch_cpu.so)
frame #4: <unknown function> + 0x70b9aa4 (0xe0a79c909aa4 in /usr/local/lib/python3.12/dist-packages/torch/lib/libtorch_cpu.so)
frame #5: <unknown function> + 0x70b9c18 (0xe0a79c909c18 in /usr/local/lib/python3.12/dist-packages/torch/lib/libtorch_cpu.so)
frame #6: c10d::TCPStore::check(std::vector<std::__cxx11::basic_string<char, std::char_traits<char>, std::allocator<char> >, std::allocator<std::__cxx11::basic_string<char, std::char_traits<char>, std::allocator<char> > > > const&) + 0x23c (0xe0a79c90ab1c in /usr/local/lib/python3.12/dist-packages/torch/lib/libtorch_cpu.so)
frame #7: c10d::ProcessGroupNCCL::HeartbeatMonitor::runLoop() + 0x330 (0xe0a77fee7350 in /usr/local/lib/python3.12/dist-packages/torch/lib/libtorch_cuda.so)
frame #8: <unknown function> + 0xe1ae0 (0xe0a830351ae0 in /lib/aarch64-linux-gnu/libstdc++.so.6)
frame #9: <unknown function> + 0x8582c (0xe0a83121582c in /lib/aarch64-linux-gnu/libc.so.6)
frame #10: <unknown function> + 0xeb79c (0xe0a83127b79c in /lib/aarch64-linux-gnu/libc.so.6)

[rank1]:[W910 12:29:26.404643192 ProcessGroupNCCL.cpp:1876] [PG ID 0 PG GUID 0 Rank 1] Failed to check the "should dump" flag on TCPStore, (maybe TCPStore server has shut down too early), with error: Broken pipe
[rank1]:[W910 12:29:27.404889008 TCPStore.cpp:106] [c10d] sendBytes failed on SocketImpl(fd=48, addr=[kiwi.200gb]:54432, remote=[emu.200gb]:29553): Broken pipe
Exception raised from sendBytes at /__w/pytorch/pytorch/torch/csrc/distributed/c10d/Utils.hpp:758 (most recent call first):
frame #0: c10::Error::Error(c10::SourceLocation, std::__cxx11::basic_string<char, std::char_traits<char>, std::allocator<char> >) + 0xc8 (0xe0a77ef9e158 in /usr/local/lib/python3.12/dist-packages/torch/lib/libc10.so)
frame #1: c10::DistError::DistError(c10::SourceLocation, std::__cxx11::basic_string<char, std::char_traits<char>, std::allocator<char> >) + 0x78 (0xe0a77ef9ed48 in /usr/local/lib/python3.12/dist-packages/torch/lib/libc10.so)
frame #2: c10::DistNetworkError::DistNetworkError(c10::SourceLocation, std::__cxx11::basic_string<char, std::char_traits<char>, std::allocator<char> >) + 0x78 (0xe0a77ef9f0c8 in /usr/local/lib/python3.12/dist-packages/torch/lib/libc10.so)
frame #3: <unknown function> + 0x70b77ec (0xe0a79c9077ec in /usr/local/lib/python3.12/dist-packages/torch/lib/libtorch_cpu.so)
frame #4: <unknown function> + 0x70b9aa4 (0xe0a79c909aa4 in /usr/local/lib/python3.12/dist-packages/torch/lib/libtorch_cpu.so)
frame #5: <unknown function> + 0x70b9c18 (0xe0a79c909c18 in /usr/local/lib/python3.12/dist-packages/torch/lib/libtorch_cpu.so)
frame #6: c10d::TCPStore::check(std::vector<std::__cxx11::basic_string<char, std::char_traits<char>, std::allocator<char> >, std::allocator<std::__cxx11::basic_string<char, std::char_traits<char>, std::allocator<char> > > > const&) + 0x23c (0xe0a79c90ab1c in /usr/local/lib/python3.12/dist-packages/torch/lib/libtorch_cpu.so)
frame #7: c10d::ProcessGroupNCCL::HeartbeatMonitor::runLoop() + 0x330 (0xe0a77fee7350 in /usr/local/lib/python3.12/dist-packages/torch/lib/libtorch_cuda.so)
frame #8: <unknown function> + 0xe1ae0 (0xe0a830351ae0 in /lib/aarch64-linux-gnu/libstdc++.so.6)
frame #9: <unknown function> + 0x8582c (0xe0a83121582c in /lib/aarch64-linux-gnu/libc.so.6)
frame #10: <unknown function> + 0xeb79c (0xe0a83127b79c in /lib/aarch64-linux-gnu/libc.so.6)

[rank1]:[W910 12:29:27.406908963 ProcessGroupNCCL.cpp:1876] [PG ID 0 PG GUID 0 Rank 1] Failed to check the "should dump" flag on TCPStore, (maybe TCPStore server has shut down too early), with error: Broken pipe
[rank1]:[W910 12:29:28.407521690 TCPStore.cpp:106] [c10d] sendBytes failed on SocketImpl(fd=48, addr=[kiwi.200gb]:54432, remote=[emu.200gb]:29553): Broken pipe
Exception raised from sendBytes at /__w/pytorch/pytorch/torch/csrc/distributed/c10d/Utils.hpp:758 (most recent call first):
frame #0: c10::Error::Error(c10::SourceLocation, std::__cxx11::basic_string<char, std::char_traits<char>, std::allocator<char> >) + 0xc8 (0xe0a77ef9e158 in /usr/local/lib/python3.12/dist-packages/torch/lib/libc10.so)
frame #1: c10::DistError::DistError(c10::SourceLocation, std::__cxx11::basic_string<char, std::char_traits<char>, std::allocator<char> >) + 0x78 (0xe0a77ef9ed48 in /usr/local/lib/python3.12/dist-packages/torch/lib/libc10.so)
frame #2: c10::DistNetworkError::DistNetworkError(c10::SourceLocation, std::__cxx11::basic_string<char, std::char_traits<char>, std::allocator<char> >) + 0x78 (0xe0a77ef9f0c8 in /usr/local/lib/python3.12/dist-packages/torch/lib/libc10.so)
frame #3: <unknown function> + 0x70b77ec (0xe0a79c9077ec in /usr/local/lib/python3.12/dist-packages/torch/lib/libtorch_cpu.so)
frame #4: <unknown function> + 0x70b9aa4 (0xe0a79c909aa4 in /usr/local/lib/python3.12/dist-packages/torch/lib/libtorch_cpu.so)
frame #5: <unknown function> + 0x70b9c18 (0xe0a79c909c18 in /usr/local/lib/python3.12/dist-packages/torch/lib/libtorch_cpu.so)
frame #6: c10d::TCPStore::check(std::vector<std::__cxx11::basic_string<char, std::char_traits<char>, std::allocator<char> >, std::allocator<std::__cxx11::basic_string<char, std::char_traits<char>, std::allocator<char> > > > const&) + 0x23c (0xe0a79c90ab1c in /usr/local/lib/python3.12/dist-packages/torch/lib/libtorch_cpu.so)
frame #7: c10d::ProcessGroupNCCL::HeartbeatMonitor::runLoop() + 0x330 (0xe0a77fee7350 in /usr/local/lib/python3.12/dist-packages/torch/lib/libtorch_cuda.so)
frame #8: <unknown function> + 0xe1ae0 (0xe0a830351ae0 in /lib/aarch64-linux-gnu/libstdc++.so.6)
frame #9: <unknown function> + 0x8582c (0xe0a83121582c in /lib/aarch64-linux-gnu/libc.so.6)
frame #10: <unknown function> + 0xeb79c (0xe0a83127b79c in /lib/aarch64-linux-gnu/libc.so.6)

[rank1]:[W910 12:29:28.409602973 ProcessGroupNCCL.cpp:1876] [PG ID 0 PG GUID 0 Rank 1] Failed to check the "should dump" flag on TCPStore, (maybe TCPStore server has shut down too early), with error: Broken pipe
[rank1]:[W910 12:29:29.410836340 TCPStore.cpp:106] [c10d] sendBytes failed on SocketImpl(fd=48, addr=[kiwi.200gb]:54432, remote=[emu.200gb]:29553): Broken pipe
Exception raised from sendBytes at /__w/pytorch/pytorch/torch/csrc/distributed/c10d/Utils.hpp:758 (most recent call first):
frame #0: c10::Error::Error(c10::SourceLocation, std::__cxx11::basic_string<char, std::char_traits<char>, std::allocator<char> >) + 0xc8 (0xe0a77ef9e158 in /usr/local/lib/python3.12/dist-packages/torch/lib/libc10.so)
frame #1: c10::DistError::DistError(c10::SourceLocation, std::__cxx11::basic_string<char, std::char_traits<char>, std::allocator<char> >) + 0x78 (0xe0a77ef9ed48 in /usr/local/lib/python3.12/dist-packages/torch/lib/libc10.so)
frame #2: c10::DistNetworkError::DistNetworkError(c10::SourceLocation, std::__cxx11::basic_string<char, std::char_traits<char>, std::allocator<char> >) + 0x78 (0xe0a77ef9f0c8 in /usr/local/lib/python3.12/dist-packages/torch/lib/libc10.so)
frame #3: <unknown function> + 0x70b77ec (0xe0a79c9077ec in /usr/local/lib/python3.12/dist-packages/torch/lib/libtorch_cpu.so)
frame #4: <unknown function> + 0x70b9aa4 (0xe0a79c909aa4 in /usr/local/lib/python3.12/dist-packages/torch/lib/libtorch_cpu.so)
frame #5: <unknown function> + 0x70b9c18 (0xe0a79c909c18 in /usr/local/lib/python3.12/dist-packages/torch/lib/libtorch_cpu.so)
frame #6: c10d::TCPStore::check(std::vector<std::__cxx11::basic_string<char, std::char_traits<char>, std::allocator<char> >, std::allocator<std::__cxx11::basic_string<char, std::char_traits<char>, std::allocator<char> > > > const&) + 0x23c (0xe0a79c90ab1c in /usr/local/lib/python3.12/dist-packages/torch/lib/libtorch_cpu.so)
frame #7: c10d::ProcessGroupNCCL::HeartbeatMonitor::runLoop() + 0x330 (0xe0a77fee7350 in /usr/local/lib/python3.12/dist-packages/torch/lib/libtorch_cuda.so)
frame #8: <unknown function> + 0xe1ae0 (0xe0a830351ae0 in /lib/aarch64-linux-gnu/libstdc++.so.6)
frame #9: <unknown function> + 0x8582c (0xe0a83121582c in /lib/aarch64-linux-gnu/libc.so.6)
frame #10: <unknown function> + 0xeb79c (0xe0a83127b79c in /lib/aarch64-linux-gnu/libc.so.6)

[rank1]:[W910 12:29:29.413485224 ProcessGroupNCCL.cpp:1876] [PG ID 0 PG GUID 0 Rank 1] Failed to check the "should dump" flag on TCPStore, (maybe TCPStore server has shut down too early), with error: Broken pipe
[rank1]:[W910 12:29:30.414014956 TCPStore.cpp:106] [c10d] sendBytes failed on SocketImpl(fd=48, addr=[kiwi.200gb]:54432, remote=[emu.200gb]:29553): Broken pipe
Exception raised from sendBytes at /__w/pytorch/pytorch/torch/csrc/distributed/c10d/Utils.hpp:758 (most recent call first):
frame #0: c10::Error::Error(c10::SourceLocation, std::__cxx11::basic_string<char, std::char_traits<char>, std::allocator<char> >) + 0xc8 (0xe0a77ef9e158 in /usr/local/lib/python3.12/dist-packages/torch/lib/libc10.so)
frame #1: c10::DistError::DistError(c10::SourceLocation, std::__cxx11::basic_string<char, std::char_traits<char>, std::allocator<char> >) + 0x78 (0xe0a77ef9ed48 in /usr/local/lib/python3.12/dist-packages/torch/lib/libc10.so)
frame #2: c10::DistNetworkError::DistNetworkError(c10::SourceLocation, std::__cxx11::basic_string<char, std::char_traits<char>, std::allocator<char> >) + 0x78 (0xe0a77ef9f0c8 in /usr/local/lib/python3.12/dist-packages/torch/lib/libc10.so)
frame #3: <unknown function> + 0x70b77ec (0xe0a79c9077ec in /usr/local/lib/python3.12/dist-packages/torch/lib/libtorch_cpu.so)
frame #4: <unknown function> + 0x70b9aa4 (0xe0a79c909aa4 in /usr/local/lib/python3.12/dist-packages/torch/lib/libtorch_cpu.so)
frame #5: <unknown function> + 0x70b9c18 (0xe0a79c909c18 in /usr/local/lib/python3.12/dist-packages/torch/lib/libtorch_cpu.so)
frame #6: c10d::TCPStore::check(std::vector<std::__cxx11::basic_string<char, std::char_traits<char>, std::allocator<char> >, std::allocator<std::__cxx11::basic_string<char, std::char_traits<char>, std::allocator<char> > > > const&) + 0x23c (0xe0a79c90ab1c in /usr/local/lib/python3.12/dist-packages/torch/lib/libtorch_cpu.so)
frame #7: c10d::ProcessGroupNCCL::HeartbeatMonitor::runLoop() + 0x330 (0xe0a77fee7350 in /usr/local/lib/python3.12/dist-packages/torch/lib/libtorch_cuda.so)
frame #8: <unknown function> + 0xe1ae0 (0xe0a830351ae0 in /lib/aarch64-linux-gnu/libstdc++.so.6)
frame #9: <unknown function> + 0x8582c (0xe0a83121582c in /lib/aarch64-linux-gnu/libc.so.6)
frame #10: <unknown function> + 0xeb79c (0xe0a83127b79c in /lib/aarch64-linux-gnu/libc.so.6)

[rank1]:[W910 12:29:30.416397072 ProcessGroupNCCL.cpp:1876] [PG ID 0 PG GUID 0 Rank 1] Failed to check the "should dump" flag on TCPStore, (maybe TCPStore server has shut down too early), with error: Broken pipe
[rank1]:[W910 12:29:31.417040561 TCPStore.cpp:106] [c10d] sendBytes failed on SocketImpl(fd=48, addr=[kiwi.200gb]:54432, remote=[emu.200gb]:29553): Broken pipe
Exception raised from sendBytes at /__w/pytorch/pytorch/torch/csrc/distributed/c10d/Utils.hpp:758 (most recent call first):
frame #0: c10::Error::Error(c10::SourceLocation, std::__cxx11::basic_string<char, std::char_traits<char>, std::allocator<char> >) + 0xc8 (0xe0a77ef9e158 in /usr/local/lib/python3.12/dist-packages/torch/lib/libc10.so)
frame #1: c10::DistError::DistError(c10::SourceLocation, std::__cxx11::basic_string<char, std::char_traits<char>, std::allocator<char> >) + 0x78 (0xe0a77ef9ed48 in /usr/local/lib/python3.12/dist-packages/torch/lib/libc10.so)
frame #2: c10::DistNetworkError::DistNetworkError(c10::SourceLocation, std::__cxx11::basic_string<char, std::char_traits<char>, std::allocator<char> >) + 0x78 (0xe0a77ef9f0c8 in /usr/local/lib/python3.12/dist-packages/torch/lib/libc10.so)
frame #3: <unknown function> + 0x70b77ec (0xe0a79c9077ec in /usr/local/lib/python3.12/dist-packages/torch/lib/libtorch_cpu.so)
frame #4: <unknown function> + 0x70b9aa4 (0xe0a79c909aa4 in /usr/local/lib/python3.12/dist-packages/torch/lib/libtorch_cpu.so)
frame #5: <unknown function> + 0x70b9c18 (0xe0a79c909c18 in /usr/local/lib/python3.12/dist-packages/torch/lib/libtorch_cpu.so)
frame #6: c10d::TCPStore::check(std::vector<std::__cxx11::basic_string<char, std::char_traits<char>, std::allocator<char> >, std::allocator<std::__cxx11::basic_string<char, std::char_traits<char>, std::allocator<char> > > > const&) + 0x23c (0xe0a79c90ab1c in /usr/local/lib/python3.12/dist-packages/torch/lib/libtorch_cpu.so)
frame #7: c10d::ProcessGroupNCCL::HeartbeatMonitor::runLoop() + 0x330 (0xe0a77fee7350 in /usr/local/lib/python3.12/dist-packages/torch/lib/libtorch_cuda.so)
frame #8: <unknown function> + 0xe1ae0 (0xe0a830351ae0 in /lib/aarch64-linux-gnu/libstdc++.so.6)
frame #9: <unknown function> + 0x8582c (0xe0a83121582c in /lib/aarch64-linux-gnu/libc.so.6)
frame #10: <unknown function> + 0xeb79c (0xe0a83127b79c in /lib/aarch64-linux-gnu/libc.so.6)

[rank1]:[W910 12:29:31.419155029 ProcessGroupNCCL.cpp:1876] [PG ID 0 PG GUID 0 Rank 1] Failed to check the "should dump" flag on TCPStore, (maybe TCPStore server has shut down too early), with error: Broken pipe
[rank1]:[W910 12:29:32.419711908 TCPStore.cpp:106] [c10d] sendBytes failed on SocketImpl(fd=48, addr=[kiwi.200gb]:54432, remote=[emu.200gb]:29553): Broken pipe
Exception raised from sendBytes at /__w/pytorch/pytorch/torch/csrc/distributed/c10d/Utils.hpp:758 (most recent call first):
frame #0: c10::Error::Error(c10::SourceLocation, std::__cxx11::basic_string<char, std::char_traits<char>, std::allocator<char> >) + 0xc8 (0xe0a77ef9e158 in /usr/local/lib/python3.12/dist-packages/torch/lib/libc10.so)
frame #1: c10::DistError::DistError(c10::SourceLocation, std::__cxx11::basic_string<char, std::char_traits<char>, std::allocator<char> >) + 0x78 (0xe0a77ef9ed48 in /usr/local/lib/python3.12/dist-packages/torch/lib/libc10.so)
frame #2: c10::DistNetworkError::DistNetworkError(c10::SourceLocation, std::__cxx11::basic_string<char, std::char_traits<char>, std::allocator<char> >) + 0x78 (0xe0a77ef9f0c8 in /usr/local/lib/python3.12/dist-packages/torch/lib/libc10.so)
frame #3: <unknown function> + 0x70b77ec (0xe0a79c9077ec in /usr/local/lib/python3.12/dist-packages/torch/lib/libtorch_cpu.so)
frame #4: <unknown function> + 0x70b9aa4 (0xe0a79c909aa4 in /usr/local/lib/python3.12/dist-packages/torch/lib/libtorch_cpu.so)
frame #5: <unknown function> + 0x70b9c18 (0xe0a79c909c18 in /usr/local/lib/python3.12/dist-packages/torch/lib/libtorch_cpu.so)
frame #6: c10d::TCPStore::check(std::vector<std::__cxx11::basic_string<char, std::char_traits<char>, std::allocator<char> >, std::allocator<std::__cxx11::basic_string<char, std::char_traits<char>, std::allocator<char> > > > const&) + 0x23c (0xe0a79c90ab1c in /usr/local/lib/python3.12/dist-packages/torch/lib/libtorch_cpu.so)
frame #7: c10d::ProcessGroupNCCL::HeartbeatMonitor::runLoop() + 0x330 (0xe0a77fee7350 in /usr/local/lib/python3.12/dist-packages/torch/lib/libtorch_cuda.so)
frame #8: <unknown function> + 0xe1ae0 (0xe0a830351ae0 in /lib/aarch64-linux-gnu/libstdc++.so.6)
frame #9: <unknown function> + 0x8582c (0xe0a83121582c in /lib/aarch64-linux-gnu/libc.so.6)
frame #10: <unknown function> + 0xeb79c (0xe0a83127b79c in /lib/aarch64-linux-gnu/libc.so.6)

[rank1]:[W910 12:29:32.422076296 ProcessGroupNCCL.cpp:1876] [PG ID 0 PG GUID 0 Rank 1] Failed to check the "should dump" flag on TCPStore, (maybe TCPStore server has shut down too early), with error: Broken pipe
[rank1]:[W910 12:29:33.422617287 TCPStore.cpp:106] [c10d] sendBytes failed on SocketImpl(fd=48, addr=[kiwi.200gb]:54432, remote=[emu.200gb]:29553): Broken pipe
Exception raised from sendBytes at /__w/pytorch/pytorch/torch/csrc/distributed/c10d/Utils.hpp:758 (most recent call first):
frame #0: c10::Error::Error(c10::SourceLocation, std::__cxx11::basic_string<char, std::char_traits<char>, std::allocator<char> >) + 0xc8 (0xe0a77ef9e158 in /usr/local/lib/python3.12/dist-packages/torch/lib/libc10.so)
frame #1: c10::DistError::DistError(c10::SourceLocation, std::__cxx11::basic_string<char, std::char_traits<char>, std::allocator<char> >) + 0x78 (0xe0a77ef9ed48 in /usr/local/lib/python3.12/dist-packages/torch/lib/libc10.so)
frame #2: c10::DistNetworkError::DistNetworkError(c10::SourceLocation, std::__cxx11::basic_string<char, std::char_traits<char>, std::allocator<char> >) + 0x78 (0xe0a77ef9f0c8 in /usr/local/lib/python3.12/dist-packages/torch/lib/libc10.so)
frame #3: <unknown function> + 0x70b77ec (0xe0a79c9077ec in /usr/local/lib/python3.12/dist-packages/torch/lib/libtorch_cpu.so)
frame #4: <unknown function> + 0x70b9aa4 (0xe0a79c909aa4 in /usr/local/lib/python3.12/dist-packages/torch/lib/libtorch_cpu.so)
frame #5: <unknown function> + 0x70b9c18 (0xe0a79c909c18 in /usr/local/lib/python3.12/dist-packages/torch/lib/libtorch_cpu.so)
frame #6: c10d::TCPStore::check(std::vector<std::__cxx11::basic_string<char, std::char_traits<char>, std::allocator<char> >, std::allocator<std::__cxx11::basic_string<char, std::char_traits<char>, std::allocator<char> > > > const&) + 0x23c (0xe0a79c90ab1c in /usr/local/lib/python3.12/dist-packages/torch/lib/libtorch_cpu.so)
frame #7: c10d::ProcessGroupNCCL::HeartbeatMonitor::runLoop() + 0x330 (0xe0a77fee7350 in /usr/local/lib/python3.12/dist-packages/torch/lib/libtorch_cuda.so)
frame #8: <unknown function> + 0xe1ae0 (0xe0a830351ae0 in /lib/aarch64-linux-gnu/libstdc++.so.6)
frame #9: <unknown function> + 0x8582c (0xe0a83121582c in /lib/aarch64-linux-gnu/libc.so.6)
frame #10: <unknown function> + 0xeb79c (0xe0a83127b79c in /lib/aarch64-linux-gnu/libc.so.6)

[rank1]:[W910 12:29:33.424551482 ProcessGroupNCCL.cpp:1876] [PG ID 0 PG GUID 0 Rank 1] Failed to check the "should dump" flag on TCPStore, (maybe TCPStore server has shut down too early), with error: Broken pipe
[rank1]:[W910 12:29:34.424668006 TCPStore.cpp:106] [c10d] sendBytes failed on SocketImpl(fd=48, addr=[kiwi.200gb]:54432, remote=[emu.200gb]:29553): Broken pipe
Exception raised from sendBytes at /__w/pytorch/pytorch/torch/csrc/distributed/c10d/Utils.hpp:758 (most recent call first):
frame #0: c10::Error::Error(c10::SourceLocation, std::__cxx11::basic_string<char, std::char_traits<char>, std::allocator<char> >) + 0xc8 (0xe0a77ef9e158 in /usr/local/lib/python3.12/dist-packages/torch/lib/libc10.so)
frame #1: c10::DistError::DistError(c10::SourceLocation, std::__cxx11::basic_string<char, std::char_traits<char>, std::allocator<char> >) + 0x78 (0xe0a77ef9ed48 in /usr/local/lib/python3.12/dist-packages/torch/lib/libc10.so)
frame #2: c10::DistNetworkError::DistNetworkError(c10::SourceLocation, std::__cxx11::basic_string<char, std::char_traits<char>, std::allocator<char> >) + 0x78 (0xe0a77ef9f0c8 in /usr/local/lib/python3.12/dist-packages/torch/lib/libc10.so)
frame #3: <unknown function> + 0x70b77ec (0xe0a79c9077ec in /usr/local/lib/python3.12/dist-packages/torch/lib/libtorch_cpu.so)
frame #4: <unknown function> + 0x70b9aa4 (0xe0a79c909aa4 in /usr/local/lib/python3.12/dist-packages/torch/lib/libtorch_cpu.so)
frame #5: <unknown function> + 0x70b9c18 (0xe0a79c909c18 in /usr/local/lib/python3.12/dist-packages/torch/lib/libtorch_cpu.so)
frame #6: c10d::TCPStore::check(std::vector<std::__cxx11::basic_string<char, std::char_traits<char>, std::allocator<char> >, std::allocator<std::__cxx11::basic_string<char, std::char_traits<char>, std::allocator<char> > > > const&) + 0x23c (0xe0a79c90ab1c in /usr/local/lib/python3.12/dist-packages/torch/lib/libtorch_cpu.so)
frame #7: c10d::ProcessGroupNCCL::HeartbeatMonitor::runLoop() + 0x330 (0xe0a77fee7350 in /usr/local/lib/python3.12/dist-packages/torch/lib/libtorch_cuda.so)
frame #8: <unknown function> + 0xe1ae0 (0xe0a830351ae0 in /lib/aarch64-linux-gnu/libstdc++.so.6)
frame #9: <unknown function> + 0x8582c (0xe0a83121582c in /lib/aarch64-linux-gnu/libc.so.6)
frame #10: <unknown function> + 0xeb79c (0xe0a83127b79c in /lib/aarch64-linux-gnu/libc.so.6)

[rank1]:[W910 12:29:34.427017002 ProcessGroupNCCL.cpp:1876] [PG ID 0 PG GUID 0 Rank 1] Failed to check the "should dump" flag on TCPStore, (maybe TCPStore server has shut down too early), with error: Broken pipe
[rank1]:[W910 12:29:35.427266870 TCPStore.cpp:106] [c10d] sendBytes failed on SocketImpl(fd=48, addr=[kiwi.200gb]:54432, remote=[emu.200gb]:29553): Broken pipe
Exception raised from sendBytes at /__w/pytorch/pytorch/torch/csrc/distributed/c10d/Utils.hpp:758 (most recent call first):
frame #0: c10::Error::Error(c10::SourceLocation, std::__cxx11::basic_string<char, std::char_traits<char>, std::allocator<char> >) + 0xc8 (0xe0a77ef9e158 in /usr/local/lib/python3.12/dist-packages/torch/lib/libc10.so)
frame #1: c10::DistError::DistError(c10::SourceLocation, std::__cxx11::basic_string<char, std::char_traits<char>, std::allocator<char> >) + 0x78 (0xe0a77ef9ed48 in /usr/local/lib/python3.12/dist-packages/torch/lib/libc10.so)
frame #2: c10::DistNetworkError::DistNetworkError(c10::SourceLocation, std::__cxx11::basic_string<char, std::char_traits<char>, std::allocator<char> >) + 0x78 (0xe0a77ef9f0c8 in /usr/local/lib/python3.12/dist-packages/torch/lib/libc10.so)
frame #3: <unknown function> + 0x70b77ec (0xe0a79c9077ec in /usr/local/lib/python3.12/dist-packages/torch/lib/libtorch_cpu.so)
frame #4: <unknown function> + 0x70b9aa4 (0xe0a79c909aa4 in /usr/local/lib/python3.12/dist-packages/torch/lib/libtorch_cpu.so)
frame #5: <unknown function> + 0x70b9c18 (0xe0a79c909c18 in /usr/local/lib/python3.12/dist-packages/torch/lib/libtorch_cpu.so)
frame #6: c10d::TCPStore::check(std::vector<std::__cxx11::basic_string<char, std::char_traits<char>, std::allocator<char> >, std::allocator<std::__cxx11::basic_string<char, std::char_traits<char>, std::allocator<char> > > > const&) + 0x23c (0xe0a79c90ab1c in /usr/local/lib/python3.12/dist-packages/torch/lib/libtorch_cpu.so)
frame #7: c10d::ProcessGroupNCCL::HeartbeatMonitor::runLoop() + 0x330 (0xe0a77fee7350 in /usr/local/lib/python3.12/dist-packages/torch/lib/libtorch_cuda.so)
frame #8: <unknown function> + 0xe1ae0 (0xe0a830351ae0 in /lib/aarch64-linux-gnu/libstdc++.so.6)
frame #9: <unknown function> + 0x8582c (0xe0a83121582c in /lib/aarch64-linux-gnu/libc.so.6)
frame #10: <unknown function> + 0xeb79c (0xe0a83127b79c in /lib/aarch64-linux-gnu/libc.so.6)

[rank1]:[W910 12:29:35.429031257 ProcessGroupNCCL.cpp:1876] [PG ID 0 PG GUID 0 Rank 1] Failed to check the "should dump" flag on TCPStore, (maybe TCPStore server has shut down too early), with error: Broken pipe
[rank1]:[W910 12:29:36.429618803 TCPStore.cpp:106] [c10d] sendBytes failed on SocketImpl(fd=48, addr=[kiwi.200gb]:54432, remote=[emu.200gb]:29553): Broken pipe
Exception raised from sendBytes at /__w/pytorch/pytorch/torch/csrc/distributed/c10d/Utils.hpp:758 (most recent call first):
frame #0: c10::Error::Error(c10::SourceLocation, std::__cxx11::basic_string<char, std::char_traits<char>, std::allocator<char> >) + 0xc8 (0xe0a77ef9e158 in /usr/local/lib/python3.12/dist-packages/torch/lib/libc10.so)
frame #1: c10::DistError::DistError(c10::SourceLocation, std::__cxx11::basic_string<char, std::char_traits<char>, std::allocator<char> >) + 0x78 (0xe0a77ef9ed48 in /usr/local/lib/python3.12/dist-packages/torch/lib/libc10.so)
frame #2: c10::DistNetworkError::DistNetworkError(c10::SourceLocation, std::__cxx11::basic_string<char, std::char_traits<char>, std::allocator<char> >) + 0x78 (0xe0a77ef9f0c8 in /usr/local/lib/python3.12/dist-packages/torch/lib/libc10.so)
frame #3: <unknown function> + 0x70b77ec (0xe0a79c9077ec in /usr/local/lib/python3.12/dist-packages/torch/lib/libtorch_cpu.so)
frame #4: <unknown function> + 0x70b9aa4 (0xe0a79c909aa4 in /usr/local/lib/python3.12/dist-packages/torch/lib/libtorch_cpu.so)
frame #5: <unknown function> + 0x70b9c18 (0xe0a79c909c18 in /usr/local/lib/python3.12/dist-packages/torch/lib/libtorch_cpu.so)
frame #6: c10d::TCPStore::check(std::vector<std::__cxx11::basic_string<char, std::char_traits<char>, std::allocator<char> >, std::allocator<std::__cxx11::basic_string<char, std::char_traits<char>, std::allocator<char> > > > const&) + 0x23c (0xe0a79c90ab1c in /usr/local/lib/python3.12/dist-packages/torch/lib/libtorch_cpu.so)
frame #7: c10d::ProcessGroupNCCL::HeartbeatMonitor::runLoop() + 0x330 (0xe0a77fee7350 in /usr/local/lib/python3.12/dist-packages/torch/lib/libtorch_cuda.so)
frame #8: <unknown function> + 0xe1ae0 (0xe0a830351ae0 in /lib/aarch64-linux-gnu/libstdc++.so.6)
frame #9: <unknown function> + 0x8582c (0xe0a83121582c in /lib/aarch64-linux-gnu/libc.so.6)
frame #10: <unknown function> + 0xeb79c (0xe0a83127b79c in /lib/aarch64-linux-gnu/libc.so.6)

[rank1]:[W910 12:29:36.431863270 ProcessGroupNCCL.cpp:1876] [PG ID 0 PG GUID 0 Rank 1] Failed to check the "should dump" flag on TCPStore, (maybe TCPStore server has shut down too early), with error: Broken pipe
[rank1]:[W910 12:29:37.432314015 TCPStore.cpp:106] [c10d] sendBytes failed on SocketImpl(fd=48, addr=[kiwi.200gb]:54432, remote=[emu.200gb]:29553): Broken pipe
Exception raised from sendBytes at /__w/pytorch/pytorch/torch/csrc/distributed/c10d/Utils.hpp:758 (most recent call first):
frame #0: c10::Error::Error(c10::SourceLocation, std::__cxx11::basic_string<char, std::char_traits<char>, std::allocator<char> >) + 0xc8 (0xe0a77ef9e158 in /usr/local/lib/python3.12/dist-packages/torch/lib/libc10.so)
frame #1: c10::DistError::DistError(c10::SourceLocation, std::__cxx11::basic_string<char, std::char_traits<char>, std::allocator<char> >) + 0x78 (0xe0a77ef9ed48 in /usr/local/lib/python3.12/dist-packages/torch/lib/libc10.so)
frame #2: c10::DistNetworkError::DistNetworkError(c10::SourceLocation, std::__cxx11::basic_string<char, std::char_traits<char>, std::allocator<char> >) + 0x78 (0xe0a77ef9f0c8 in /usr/local/lib/python3.12/dist-packages/torch/lib/libc10.so)
frame #3: <unknown function> + 0x70b77ec (0xe0a79c9077ec in /usr/local/lib/python3.12/dist-packages/torch/lib/libtorch_cpu.so)
frame #4: <unknown function> + 0x70b9aa4 (0xe0a79c909aa4 in /usr/local/lib/python3.12/dist-packages/torch/lib/libtorch_cpu.so)
frame #5: <unknown function> + 0x70b9c18 (0xe0a79c909c18 in /usr/local/lib/python3.12/dist-packages/torch/lib/libtorch_cpu.so)
frame #6: c10d::TCPStore::check(std::vector<std::__cxx11::basic_string<char, std::char_traits<char>, std::allocator<char> >, std::allocator<std::__cxx11::basic_string<char, std::char_traits<char>, std::allocator<char> > > > const&) + 0x23c (0xe0a79c90ab1c in /usr/local/lib/python3.12/dist-packages/torch/lib/libtorch_cpu.so)
frame #7: c10d::ProcessGroupNCCL::HeartbeatMonitor::runLoop() + 0x330 (0xe0a77fee7350 in /usr/local/lib/python3.12/dist-packages/torch/lib/libtorch_cuda.so)
frame #8: <unknown function> + 0xe1ae0 (0xe0a830351ae0 in /lib/aarch64-linux-gnu/libstdc++.so.6)
frame #9: <unknown function> + 0x8582c (0xe0a83121582c in /lib/aarch64-linux-gnu/libc.so.6)
frame #10: <unknown function> + 0xeb79c (0xe0a83127b79c in /lib/aarch64-linux-gnu/libc.so.6)

[rank1]:[W910 12:29:37.434646130 ProcessGroupNCCL.cpp:1876] [PG ID 0 PG GUID 0 Rank 1] Failed to check the "should dump" flag on TCPStore, (maybe TCPStore server has shut down too early), with error: Broken pipe
[rank1]:[W910 12:29:38.435965194 TCPStore.cpp:106] [c10d] sendBytes failed on SocketImpl(fd=48, addr=[kiwi.200gb]:54432, remote=[emu.200gb]:29553): Broken pipe
Exception raised from sendBytes at /__w/pytorch/pytorch/torch/csrc/distributed/c10d/Utils.hpp:758 (most recent call first):
frame #0: c10::Error::Error(c10::SourceLocation, std::__cxx11::basic_string<char, std::char_traits<char>, std::allocator<char> >) + 0xc8 (0xe0a77ef9e158 in /usr/local/lib/python3.12/dist-packages/torch/lib/libc10.so)
frame #1: c10::DistError::DistError(c10::SourceLocation, std::__cxx11::basic_string<char, std::char_traits<char>, std::allocator<char> >) + 0x78 (0xe0a77ef9ed48 in /usr/local/lib/python3.12/dist-packages/torch/lib/libc10.so)
frame #2: c10::DistNetworkError::DistNetworkError(c10::SourceLocation, std::__cxx11::basic_string<char, std::char_traits<char>, std::allocator<char> >) + 0x78 (0xe0a77ef9f0c8 in /usr/local/lib/python3.12/dist-packages/torch/lib/libc10.so)
frame #3: <unknown function> + 0x70b77ec (0xe0a79c9077ec in /usr/local/lib/python3.12/dist-packages/torch/lib/libtorch_cpu.so)
frame #4: <unknown function> + 0x70b9aa4 (0xe0a79c909aa4 in /usr/local/lib/python3.12/dist-packages/torch/lib/libtorch_cpu.so)
frame #5: <unknown function> + 0x70b9c18 (0xe0a79c909c18 in /usr/local/lib/python3.12/dist-packages/torch/lib/libtorch_cpu.so)
frame #6: c10d::TCPStore::check(std::vector<std::__cxx11::basic_string<char, std::char_traits<char>, std::allocator<char> >, std::allocator<std::__cxx11::basic_string<char, std::char_traits<char>, std::allocator<char> > > > const&) + 0x23c (0xe0a79c90ab1c in /usr/local/lib/python3.12/dist-packages/torch/lib/libtorch_cpu.so)
frame #7: c10d::ProcessGroupNCCL::HeartbeatMonitor::runLoop() + 0x330 (0xe0a77fee7350 in /usr/local/lib/python3.12/dist-packages/torch/lib/libtorch_cuda.so)
frame #8: <unknown function> + 0xe1ae0 (0xe0a830351ae0 in /lib/aarch64-linux-gnu/libstdc++.so.6)
frame #9: <unknown function> + 0x8582c (0xe0a83121582c in /lib/aarch64-linux-gnu/libc.so.6)
frame #10: <unknown function> + 0xeb79c (0xe0a83127b79c in /lib/aarch64-linux-gnu/libc.so.6)

[rank1]:[W910 12:29:38.438579727 ProcessGroupNCCL.cpp:1876] [PG ID 0 PG GUID 0 Rank 1] Failed to check the "should dump" flag on TCPStore, (maybe TCPStore server has shut down too early), with error: Broken pipe
[rank1]:[W910 12:29:39.439755061 TCPStore.cpp:106] [c10d] sendBytes failed on SocketImpl(fd=48, addr=[kiwi.200gb]:54432, remote=[emu.200gb]:29553): Broken pipe
Exception raised from sendBytes at /__w/pytorch/pytorch/torch/csrc/distributed/c10d/Utils.hpp:758 (most recent call first):
frame #0: c10::Error::Error(c10::SourceLocation, std::__cxx11::basic_string<char, std::char_traits<char>, std::allocator<char> >) + 0xc8 (0xe0a77ef9e158 in /usr/local/lib/python3.12/dist-packages/torch/lib/libc10.so)
frame #1: c10::DistError::DistError(c10::SourceLocation, std::__cxx11::basic_string<char, std::char_traits<char>, std::allocator<char> >) + 0x78 (0xe0a77ef9ed48 in /usr/local/lib/python3.12/dist-packages/torch/lib/libc10.so)
frame #2: c10::DistNetworkError::DistNetworkError(c10::SourceLocation, std::__cxx11::basic_string<char, std::char_traits<char>, std::allocator<char> >) + 0x78 (0xe0a77ef9f0c8 in /usr/local/lib/python3.12/dist-packages/torch/lib/libc10.so)
frame #3: <unknown function> + 0x70b77ec (0xe0a79c9077ec in /usr/local/lib/python3.12/dist-packages/torch/lib/libtorch_cpu.so)
frame #4: <unknown function> + 0x70b9aa4 (0xe0a79c909aa4 in /usr/local/lib/python3.12/dist-packages/torch/lib/libtorch_cpu.so)
frame #5: <unknown function> + 0x70b9c18 (0xe0a79c909c18 in /usr/local/lib/python3.12/dist-packages/torch/lib/libtorch_cpu.so)
frame #6: c10d::TCPStore::check(std::vector<std::__cxx11::basic_string<char, std::char_traits<char>, std::allocator<char> >, std::allocator<std::__cxx11::basic_string<char, std::char_traits<char>, std::allocator<char> > > > const&) + 0x23c (0xe0a79c90ab1c in /usr/local/lib/python3.12/dist-packages/torch/lib/libtorch_cpu.so)
frame #7: c10d::ProcessGroupNCCL::HeartbeatMonitor::runLoop() + 0x330 (0xe0a77fee7350 in /usr/local/lib/python3.12/dist-packages/torch/lib/libtorch_cuda.so)
frame #8: <unknown function> + 0xe1ae0 (0xe0a830351ae0 in /lib/aarch64-linux-gnu/libstdc++.so.6)
frame #9: <unknown function> + 0x8582c (0xe0a83121582c in /lib/aarch64-linux-gnu/libc.so.6)
frame #10: <unknown function> + 0xeb79c (0xe0a83127b79c in /lib/aarch64-linux-gnu/libc.so.6)

[rank1]:[W910 12:29:39.442452282 ProcessGroupNCCL.cpp:1876] [PG ID 0 PG GUID 0 Rank 1] Failed to check the "should dump" flag on TCPStore, (maybe TCPStore server has shut down too early), with error: Broken pipe
[rank1]:[W910 12:29:40.443316398 TCPStore.cpp:106] [c10d] sendBytes failed on SocketImpl(fd=48, addr=[kiwi.200gb]:54432, remote=[emu.200gb]:29553): Broken pipe
Exception raised from sendBytes at /__w/pytorch/pytorch/torch/csrc/distributed/c10d/Utils.hpp:758 (most recent call first):
frame #0: c10::Error::Error(c10::SourceLocation, std::__cxx11::basic_string<char, std::char_traits<char>, std::allocator<char> >) + 0xc8 (0xe0a77ef9e158 in /usr/local/lib/python3.12/dist-packages/torch/lib/libc10.so)
frame #1: c10::DistError::DistError(c10::SourceLocation, std::__cxx11::basic_string<char, std::char_traits<char>, std::allocator<char> >) + 0x78 (0xe0a77ef9ed48 in /usr/local/lib/python3.12/dist-packages/torch/lib/libc10.so)
frame #2: c10::DistNetworkError::DistNetworkError(c10::SourceLocation, std::__cxx11::basic_string<char, std::char_traits<char>, std::allocator<char> >) + 0x78 (0xe0a77ef9f0c8 in /usr/local/lib/python3.12/dist-packages/torch/lib/libc10.so)
frame #3: <unknown function> + 0x70b77ec (0xe0a79c9077ec in /usr/local/lib/python3.12/dist-packages/torch/lib/libtorch_cpu.so)
frame #4: <unknown function> + 0x70b9aa4 (0xe0a79c909aa4 in /usr/local/lib/python3.12/dist-packages/torch/lib/libtorch_cpu.so)
frame #5: <unknown function> + 0x70b9c18 (0xe0a79c909c18 in /usr/local/lib/python3.12/dist-packages/torch/lib/libtorch_cpu.so)
frame #6: c10d::TCPStore::check(std::vector<std::__cxx11::basic_string<char, std::char_traits<char>, std::allocator<char> >, std::allocator<std::__cxx11::basic_string<char, std::char_traits<char>, std::allocator<char> > > > const&) + 0x23c (0xe0a79c90ab1c in /usr/local/lib/python3.12/dist-packages/torch/lib/libtorch_cpu.so)
frame #7: c10d::ProcessGroupNCCL::HeartbeatMonitor::runLoop() + 0x330 (0xe0a77fee7350 in /usr/local/lib/python3.12/dist-packages/torch/lib/libtorch_cuda.so)
frame #8: <unknown function> + 0xe1ae0 (0xe0a830351ae0 in /lib/aarch64-linux-gnu/libstdc++.so.6)
frame #9: <unknown function> + 0x8582c (0xe0a83121582c in /lib/aarch64-linux-gnu/libc.so.6)
frame #10: <unknown function> + 0xeb79c (0xe0a83127b79c in /lib/aarch64-linux-gnu/libc.so.6)

[rank1]:[W910 12:29:40.446186595 ProcessGroupNCCL.cpp:1876] [PG ID 0 PG GUID 0 Rank 1] Failed to check the "should dump" flag on TCPStore, (maybe TCPStore server has shut down too early), with error: Broken pipe
[rank1]:[W910 12:29:41.447082982 TCPStore.cpp:106] [c10d] sendBytes failed on SocketImpl(fd=48, addr=[kiwi.200gb]:54432, remote=[emu.200gb]:29553): Broken pipe
Exception raised from sendBytes at /__w/pytorch/pytorch/torch/csrc/distributed/c10d/Utils.hpp:758 (most recent call first):
frame #0: c10::Error::Error(c10::SourceLocation, std::__cxx11::basic_string<char, std::char_traits<char>, std::allocator<char> >) + 0xc8 (0xe0a77ef9e158 in /usr/local/lib/python3.12/dist-packages/torch/lib/libc10.so)
frame #1: c10::DistError::DistError(c10::SourceLocation, std::__cxx11::basic_string<char, std::char_traits<char>, std::allocator<char> >) + 0x78 (0xe0a77ef9ed48 in /usr/local/lib/python3.12/dist-packages/torch/lib/libc10.so)
frame #2: c10::DistNetworkError::DistNetworkError(c10::SourceLocation, std::__cxx11::basic_string<char, std::char_traits<char>, std::allocator<char> >) + 0x78 (0xe0a77ef9f0c8 in /usr/local/lib/python3.12/dist-packages/torch/lib/libc10.so)
frame #3: <unknown function> + 0x70b77ec (0xe0a79c9077ec in /usr/local/lib/python3.12/dist-packages/torch/lib/libtorch_cpu.so)
frame #4: <unknown function> + 0x70b9aa4 (0xe0a79c909aa4 in /usr/local/lib/python3.12/dist-packages/torch/lib/libtorch_cpu.so)
frame #5: <unknown function> + 0x70b9c18 (0xe0a79c909c18 in /usr/local/lib/python3.12/dist-packages/torch/lib/libtorch_cpu.so)
frame #6: c10d::TCPStore::check(std::vector<std::__cxx11::basic_string<char, std::char_traits<char>, std::allocator<char> >, std::allocator<std::__cxx11::basic_string<char, std::char_traits<char>, std::allocator<char> > > > const&) + 0x23c (0xe0a79c90ab1c in /usr/local/lib/python3.12/dist-packages/torch/lib/libtorch_cpu.so)
frame #7: c10d::ProcessGroupNCCL::HeartbeatMonitor::runLoop() + 0x330 (0xe0a77fee7350 in /usr/local/lib/python3.12/dist-packages/torch/lib/libtorch_cuda.so)
frame #8: <unknown function> + 0xe1ae0 (0xe0a830351ae0 in /lib/aarch64-linux-gnu/libstdc++.so.6)
frame #9: <unknown function> + 0x8582c (0xe0a83121582c in /lib/aarch64-linux-gnu/libc.so.6)
frame #10: <unknown function> + 0xeb79c (0xe0a83127b79c in /lib/aarch64-linux-gnu/libc.so.6)

[rank1]:[W910 12:29:41.449931706 ProcessGroupNCCL.cpp:1876] [PG ID 0 PG GUID 0 Rank 1] Failed to check the "should dump" flag on TCPStore, (maybe TCPStore server has shut down too early), with error: Broken pipe
