WARNING 09-10 05:39:52 [envs.py:2239] Unknown vLLM environment variable detected: VLLM_USE_B12X_MHC
WARNING 09-10 05:39:52 [envs.py:2239] Unknown vLLM environment variable detected: VLLM_EXL3_PREFILL_BLOCK_M
WARNING 09-10 05:39:52 [envs.py:2239] Unknown vLLM environment variable detected: VLLM_TRELLISMX_CHECKPOINT
WARNING 09-10 05:39:52 [envs.py:2239] Unknown vLLM environment variable detected: VLLM_B12X_GLM_H64_QUERY_PROJ
WARNING 09-10 05:39:52 [envs.py:2239] Unknown vLLM environment variable detected: VLLM_EXL3_PREFILL_CAPACITY
WARNING 09-10 05:39:52 [envs.py:2239] Unknown vLLM environment variable detected: VLLM_EXL3_TRELLIS_MIN_M
WARNING 09-10 05:39:52 [envs.py:2239] Unknown vLLM environment variable detected: VLLM_EXL3_PREFILL_TRELLIS
WARNING 09-10 05:39:52 [envs.py:2239] Unknown vLLM environment variable detected: VLLM_EXL3_TRELLIS_BLOCK_M
WARNING 09-10 05:39:52 [envs.py:2239] Unknown vLLM environment variable detected: VLLM_USE_B12X_KPOOL_INDEXER
WARNING 09-10 05:39:52 [envs.py:2239] Unknown vLLM environment variable detected: VLLM_EXL3_TRELLIS_MAX_M
INFO 09-10 05:39:52 [model.py:679] Resolved architecture: Glm5NextForConditionalGeneration
INFO 09-10 05:39:52 [model.py:1972] Using max model len 8192
INFO 09-10 05:39:54 [registry.py:141] All limits of multimodal modalities supported by the model are set to 0, running in text-only mode.
INFO 09-10 05:39:54 [model.py:882] Disabled mm_prefix attention mode because multimodal inputs are configuration-disabled. Attention backends without mm_prefix support may now be selected.
INFO 09-10 05:39:55 [cache.py:289] Using nvfp4_ds_mla data type to store kv cache. It reduces the GPU memory footprint and boosts the performance. Meanwhile, it may cause accuracy drop without a proper scaling factor
INFO 09-10 05:39:55 [arg_utils.py:2168] Inferred data_parallel_rank 0 from node_rank 1
INFO 09-10 05:39:55 [scheduler.py:242] Chunked prefill is enabled with max_num_batched_tokens=1024.
INFO 09-10 05:39:55 [config.py:605] Mamba cache mode is set to 'align' for Glm5NextForConditionalGeneration by default when prefix caching is enabled
WARNING 09-10 05:39:55 [modelopt.py:386] Detected ModelOpt fp8 checkpoint (quant_algo=FP8). Please note that the format is experimental and could change.
WARNING 09-10 05:39:55 [modelopt.py:1019] Detected ModelOpt NVFP4 checkpoint (quant_algo=NVFP4). Please note that the format is experimental and could change in future.
WARNING 09-10 05:39:55 [modelopt.py:1019] Detected ModelOpt NVFP4 checkpoint (quant_algo=W4A16_NVFP4). Please note that the format is experimental and could change in future.
WARNING 09-10 05:39:55 [modelopt.py:1683] Detected ModelOpt MXFP8 checkpoint. Please note that the format is experimental and could change in future.
WARNING 09-10 05:39:55 [vllm.py:1284] Enforce eager set, disabling torch.compile and CUDAGraphs. This is equivalent to setting -cc.mode=none -cc.cudagraph_mode=none
INFO 09-10 05:39:55 [vllm.py:1336] Auto-enabling VLLM_USE_BREAKABLE_CUDAGRAPH=1. Set VLLM_USE_BREAKABLE_CUDAGRAPH=0 to opt out.
INFO 09-10 05:39:55 [kernel.py:306] Final IR op priority after setting platform defaults: IrOpPriorityConfig(rms_norm=['vllm_c', 'native'], fused_add_rms_norm=['vllm_c', 'native'])
INFO 09-10 05:39:55 [vllm.py:1535] Cudagraph is disabled under eager mode
INFO 09-10 05:39:55 [compilation.py:329] Enabled custom fusions: norm_quant, act_quant
INFO 09-10 05:39:55 [serve.py:216] Launching vLLM (v0.1.dev20051+g487ecf187) headless multiproc executor, with head node address 10.55.0.3:29553 for torch.distributed process group.
INFO 09-10 05:40:08 [registry.py:141] All limits of multimodal modalities supported by the model are set to 0, running in text-only mode.
(Worker pid=196) INFO 09-10 05:40:08 [parallel_state.py:1640] world_size=2 rank=1 local_rank=0 distributed_init_method=tcp://10.55.0.3:29553 backend=nccl
(Worker pid=196) WARNING 09-10 05:40:30 [symm_mem.py:67] SymmMemCommunicator: Device capability 12.1 not supported, communicator is not available.
(Worker pid=196) INFO 09-10 05:40:31 [parallel_state.py:1984] rank 1 in world size 2 is assigned as DP rank 0, PP rank 0, PCP rank 0, TP rank 1, EP rank 1, EPLB rank N/A
(Worker pid=196) INFO 09-10 05:40:31 [gpu_worker.py:386] Using V2 Model Runner
(Worker_TP1 pid=196) INFO 09-10 05:40:31 [model_runner.py:353] Loading model from scratch...
(Worker_TP1 pid=196) INFO 09-10 05:40:31 [cuda.py:592] Using backend AttentionBackendEnum.FLASH_ATTN for vit attention
(Worker_TP1 pid=196) INFO 09-10 05:40:31 [mm_encoder_attention.py:375] Using AttentionBackendEnum.FLASH_ATTN for MMEncoderAttention.
(Worker_TP1 pid=196) WARNING 09-10 05:40:32 [vllm.py:1284] Enforce eager set, disabling torch.compile and CUDAGraphs. This is equivalent to setting -cc.mode=none -cc.cudagraph_mode=none
(Worker_TP1 pid=196) INFO 09-10 05:40:32 [kernel.py:306] Final IR op priority after setting platform defaults: IrOpPriorityConfig(rms_norm=['vllm_c', 'native'], fused_add_rms_norm=['vllm_c', 'native'])
(Worker_TP1 pid=196) INFO 09-10 05:40:32 [vllm.py:1535] Cudagraph is disabled under eager mode
(Worker_TP1 pid=196) INFO 09-10 05:40:32 [sparse_attn_indexer_kpool.py:1108] Using B12x fused paged score+top-k for GLM kpool decode.
(Worker_TP1 pid=196) INFO 09-10 05:40:32 [cuda.py:473] Using AttentionBackendEnum.B12X_MLA_SPARSE backend.
(Worker_TP1 pid=196) INFO 09-10 05:40:32 [b12x_mla_sparse.py:1528] B12X GLM MLA KV format: KV_FP8_ROPE=0 kv_gmem_stride=432 kv_cache_dtype=nvfp4_ds_mla
(Worker_TP1 pid=196) WARNING 09-10 05:40:33 [mla_attention.py:553] Sparse MLA impl has no dense-MHA prefill path; using the top-k MQA path only.
(Worker_TP1 pid=196) INFO 09-10 05:40:33 [deep_gemm.py:191] deep_gemm not found in site-packages, trying vendored vllm.third_party.deep_gemm
(Worker_TP1 pid=196) INFO 09-10 05:40:33 [deep_gemm.py:136] DeepGEMM E8M0 enabled on current platform.
(Worker_TP1 pid=196) INFO 09-10 05:40:33 [b12x_mla_sparse.py:1528] B12X GLM MLA KV format: KV_FP8_ROPE=0 kv_gmem_stride=432 kv_cache_dtype=nvfp4_ds_mla
(Worker_TP1 pid=196) INFO 09-10 05:40:33 [b12x_mla_sparse.py:1528] B12X GLM MLA KV format: KV_FP8_ROPE=0 kv_gmem_stride=432 kv_cache_dtype=nvfp4_ds_mla
(Worker_TP1 pid=196) INFO 09-10 05:40:34 [b12x_mla_sparse.py:1528] B12X GLM MLA KV format: KV_FP8_ROPE=0 kv_gmem_stride=432 kv_cache_dtype=nvfp4_ds_mla
(Worker_TP1 pid=196) INFO 09-10 05:40:34 [b12x_mla_sparse.py:1528] B12X GLM MLA KV format: KV_FP8_ROPE=0 kv_gmem_stride=432 kv_cache_dtype=nvfp4_ds_mla
(Worker_TP1 pid=196) INFO 09-10 05:40:34 [b12x_mla_sparse.py:1528] B12X GLM MLA KV format: KV_FP8_ROPE=0 kv_gmem_stride=432 kv_cache_dtype=nvfp4_ds_mla
(Worker_TP1 pid=196) INFO 09-10 05:40:34 [b12x_mla_sparse.py:1528] B12X GLM MLA KV format: KV_FP8_ROPE=0 kv_gmem_stride=432 kv_cache_dtype=nvfp4_ds_mla
(Worker_TP1 pid=196) INFO 09-10 05:40:35 [b12x_mla_sparse.py:1528] B12X GLM MLA KV format: KV_FP8_ROPE=0 kv_gmem_stride=432 kv_cache_dtype=nvfp4_ds_mla
(Worker_TP1 pid=196) INFO 09-10 05:40:35 [b12x_mla_sparse.py:1528] B12X GLM MLA KV format: KV_FP8_ROPE=0 kv_gmem_stride=432 kv_cache_dtype=nvfp4_ds_mla
(Worker_TP1 pid=196) INFO 09-10 05:40:35 [b12x_mla_sparse.py:1528] B12X GLM MLA KV format: KV_FP8_ROPE=0 kv_gmem_stride=432 kv_cache_dtype=nvfp4_ds_mla
(Worker_TP1 pid=196) INFO 09-10 05:40:36 [b12x_mla_sparse.py:1528] B12X GLM MLA KV format: KV_FP8_ROPE=0 kv_gmem_stride=432 kv_cache_dtype=nvfp4_ds_mla
(Worker_TP1 pid=196) INFO 09-10 05:40:36 [weight_utils.py:858] Filesystem type for checkpoints: EXT4. Checkpoint size: 184.46 GiB. Available RAM: 20.46 GiB.
(Worker_TP1 pid=196) INFO 09-10 05:40:36 [weight_utils.py:888] Auto-prefetch is disabled because the filesystem (EXT4) is not a recognized network FS (NFS/Lustre) and the checkpoint size (184.46 GiB) exceeds 90% of available RAM (20.46 GiB).
(Worker_TP1 pid=196) INFO 09-10 05:43:30 [default_loader.py:430] Loading weights took 173.90 seconds
(Worker_TP1 pid=196) INFO 09-10 05:43:40 [trellismx.py:185] TrellisMX layer=3 tp_rank=1 ep_rank=0 ep_size=1 K5 E4M3/UE8M0-32 coupled-h512-h128 released_carrier_bytes=2038438656
(Worker_TP1 pid=196) INFO 09-10 05:43:43 [trellismx.py:185] TrellisMX layer=4 tp_rank=1 ep_rank=0 ep_size=1 K4 E4M3/UE8M0-32 coupled-h512-h128 released_carrier_bytes=2038438656
(Worker_TP1 pid=196) INFO 09-10 05:43:46 [trellismx.py:185] TrellisMX layer=5 tp_rank=1 ep_rank=0 ep_size=1 K4 E4M3/UE8M0-32 coupled-h512-h128 released_carrier_bytes=2038438656
(Worker_TP1 pid=196) INFO 09-10 05:43:49 [trellismx.py:185] TrellisMX layer=6 tp_rank=1 ep_rank=0 ep_size=1 K4 E4M3/UE8M0-32 coupled-h512-h128 released_carrier_bytes=2038438656
(Worker_TP1 pid=196) INFO 09-10 05:43:52 [trellismx.py:185] TrellisMX layer=7 tp_rank=1 ep_rank=0 ep_size=1 K4 E4M3/UE8M0-32 coupled-h512-h128 released_carrier_bytes=2038438656
(Worker_TP1 pid=196) INFO 09-10 05:43:55 [trellismx.py:185] TrellisMX layer=8 tp_rank=1 ep_rank=0 ep_size=1 K4 E4M3/UE8M0-32 coupled-h512-h128 released_carrier_bytes=2038438656
(Worker_TP1 pid=196) INFO 09-10 05:43:57 [trellismx.py:185] TrellisMX layer=9 tp_rank=1 ep_rank=0 ep_size=1 K4 E4M3/UE8M0-32 coupled-h512-h128 released_carrier_bytes=2038438656
(Worker_TP1 pid=196) INFO 09-10 05:44:00 [trellismx.py:185] TrellisMX layer=10 tp_rank=1 ep_rank=0 ep_size=1 K4 E4M3/UE8M0-32 coupled-h512-h128 released_carrier_bytes=2038438656
(Worker_TP1 pid=196) INFO 09-10 05:44:04 [trellismx.py:185] TrellisMX layer=11 tp_rank=1 ep_rank=0 ep_size=1 K4 E4M3/UE8M0-32 coupled-h512-h128 released_carrier_bytes=2038438656
(Worker_TP1 pid=196) INFO 09-10 05:44:06 [trellismx.py:185] TrellisMX layer=12 tp_rank=1 ep_rank=0 ep_size=1 K4 E4M3/UE8M0-32 coupled-h512-h128 released_carrier_bytes=2038438656
(Worker_TP1 pid=196) INFO 09-10 05:44:09 [trellismx.py:185] TrellisMX layer=13 tp_rank=1 ep_rank=0 ep_size=1 K4 E4M3/UE8M0-32 coupled-h512-h128 released_carrier_bytes=2038438656
(Worker_TP1 pid=196) INFO 09-10 05:44:12 [trellismx.py:185] TrellisMX layer=14 tp_rank=1 ep_rank=0 ep_size=1 K4 E4M3/UE8M0-32 coupled-h512-h128 released_carrier_bytes=2038438656
(Worker_TP1 pid=196) INFO 09-10 05:44:15 [trellismx.py:185] TrellisMX layer=15 tp_rank=1 ep_rank=0 ep_size=1 K4 E4M3/UE8M0-32 coupled-h512-h128 released_carrier_bytes=2038438656
(Worker_TP1 pid=196) INFO 09-10 05:44:18 [trellismx.py:185] TrellisMX layer=16 tp_rank=1 ep_rank=0 ep_size=1 K4 E4M3/UE8M0-32 coupled-h512-h128 released_carrier_bytes=2038438656
(Worker_TP1 pid=196) INFO 09-10 05:44:20 [trellismx.py:185] TrellisMX layer=17 tp_rank=1 ep_rank=0 ep_size=1 K4 E4M3/UE8M0-32 coupled-h512-h128 released_carrier_bytes=2038438656
(Worker_TP1 pid=196) INFO 09-10 05:44:23 [trellismx.py:185] TrellisMX layer=18 tp_rank=1 ep_rank=0 ep_size=1 K4 E4M3/UE8M0-32 coupled-h512-h128 released_carrier_bytes=2038438656
(Worker_TP1 pid=196) INFO 09-10 05:44:27 [trellismx.py:185] TrellisMX layer=19 tp_rank=1 ep_rank=0 ep_size=1 K5 E4M3/UE8M0-32 coupled-h512-h128 released_carrier_bytes=2038438656
(Worker_TP1 pid=196) INFO 09-10 05:44:30 [trellismx.py:185] TrellisMX layer=20 tp_rank=1 ep_rank=0 ep_size=1 K4 E4M3/UE8M0-32 coupled-h512-h128 released_carrier_bytes=2038438656
(Worker_TP1 pid=196) INFO 09-10 05:44:33 [trellismx.py:185] TrellisMX layer=21 tp_rank=1 ep_rank=0 ep_size=1 K5 E4M3/UE8M0-32 coupled-h512-h128 released_carrier_bytes=2038438656
(Worker_TP1 pid=196) INFO 09-10 05:44:37 [trellismx.py:185] TrellisMX layer=22 tp_rank=1 ep_rank=0 ep_size=1 K5 E4M3/UE8M0-32 coupled-h512-h128 released_carrier_bytes=2038438656
(Worker_TP1 pid=196) INFO 09-10 05:44:39 [trellismx.py:185] TrellisMX layer=23 tp_rank=1 ep_rank=0 ep_size=1 K4 E4M3/UE8M0-32 coupled-h512-h128 released_carrier_bytes=2038438656
(Worker_TP1 pid=196) INFO 09-10 05:44:43 [trellismx.py:185] TrellisMX layer=24 tp_rank=1 ep_rank=0 ep_size=1 K5 E4M3/UE8M0-32 coupled-h512-h128 released_carrier_bytes=2038438656
(Worker_TP1 pid=196) INFO 09-10 05:44:46 [trellismx.py:185] TrellisMX layer=25 tp_rank=1 ep_rank=0 ep_size=1 K5 E4M3/UE8M0-32 coupled-h512-h128 released_carrier_bytes=2038438656
(Worker_TP1 pid=196) INFO 09-10 05:44:49 [trellismx.py:185] TrellisMX layer=26 tp_rank=1 ep_rank=0 ep_size=1 K4 E4M3/UE8M0-32 coupled-h512-h128 released_carrier_bytes=2038438656
(Worker_TP1 pid=196) INFO 09-10 05:44:52 [trellismx.py:185] TrellisMX layer=27 tp_rank=1 ep_rank=0 ep_size=1 K4 E4M3/UE8M0-32 coupled-h512-h128 released_carrier_bytes=2038438656
(Worker_TP1 pid=196) INFO 09-10 05:44:54 [trellismx.py:185] TrellisMX layer=28 tp_rank=1 ep_rank=0 ep_size=1 K4 E4M3/UE8M0-32 coupled-h512-h128 released_carrier_bytes=2038438656
(Worker_TP1 pid=196) INFO 09-10 05:44:58 [trellismx.py:185] TrellisMX layer=29 tp_rank=1 ep_rank=0 ep_size=1 K5 E4M3/UE8M0-32 coupled-h512-h128 released_carrier_bytes=2038438656
(Worker_TP1 pid=196) INFO 09-10 05:45:01 [trellismx.py:185] TrellisMX layer=30 tp_rank=1 ep_rank=0 ep_size=1 K5 E4M3/UE8M0-32 coupled-h512-h128 released_carrier_bytes=2038438656
(Worker_TP1 pid=196) INFO 09-10 05:45:04 [trellismx.py:185] TrellisMX layer=31 tp_rank=1 ep_rank=0 ep_size=1 K4 E4M3/UE8M0-32 coupled-h512-h128 released_carrier_bytes=2038438656
(Worker_TP1 pid=196) INFO 09-10 05:45:06 [trellismx.py:185] TrellisMX layer=32 tp_rank=1 ep_rank=0 ep_size=1 K4 E4M3/UE8M0-32 coupled-h512-h128 released_carrier_bytes=2038438656
(Worker_TP1 pid=196) INFO 09-10 05:45:10 [trellismx.py:185] TrellisMX layer=33 tp_rank=1 ep_rank=0 ep_size=1 K5 E4M3/UE8M0-32 coupled-h512-h128 released_carrier_bytes=2038438656
(Worker_TP1 pid=196) INFO 09-10 05:45:13 [trellismx.py:185] TrellisMX layer=34 tp_rank=1 ep_rank=0 ep_size=1 K5 E4M3/UE8M0-32 coupled-h512-h128 released_carrier_bytes=2038438656
(Worker_TP1 pid=196) INFO 09-10 05:45:16 [trellismx.py:185] TrellisMX layer=35 tp_rank=1 ep_rank=0 ep_size=1 K4 E4M3/UE8M0-32 coupled-h512-h128 released_carrier_bytes=2038438656
(Worker_TP1 pid=196) INFO 09-10 05:45:20 [trellismx.py:185] TrellisMX layer=36 tp_rank=1 ep_rank=0 ep_size=1 K5 E4M3/UE8M0-32 coupled-h512-h128 released_carrier_bytes=2038438656
(Worker_TP1 pid=196) INFO 09-10 05:45:22 [trellismx.py:185] TrellisMX layer=37 tp_rank=1 ep_rank=0 ep_size=1 K4 E4M3/UE8M0-32 coupled-h512-h128 released_carrier_bytes=2038438656
(Worker_TP1 pid=196) INFO 09-10 05:45:26 [trellismx.py:185] TrellisMX layer=38 tp_rank=1 ep_rank=0 ep_size=1 K5 E4M3/UE8M0-32 coupled-h512-h128 released_carrier_bytes=2038438656
(Worker_TP1 pid=196) INFO 09-10 05:45:28 [trellismx.py:185] TrellisMX layer=39 tp_rank=1 ep_rank=0 ep_size=1 K4 E4M3/UE8M0-32 coupled-h512-h128 released_carrier_bytes=2038438656
(Worker_TP1 pid=196) INFO 09-10 05:45:32 [trellismx.py:185] TrellisMX layer=40 tp_rank=1 ep_rank=0 ep_size=1 K5 E4M3/UE8M0-32 coupled-h512-h128 released_carrier_bytes=2038438656
(Worker_TP1 pid=196) INFO 09-10 05:45:35 [trellismx.py:185] TrellisMX layer=41 tp_rank=1 ep_rank=0 ep_size=1 K5 E4M3/UE8M0-32 coupled-h512-h128 released_carrier_bytes=2038438656
(Worker_TP1 pid=196) INFO 09-10 05:45:39 [trellismx.py:185] TrellisMX layer=42 tp_rank=1 ep_rank=0 ep_size=1 K5 E4M3/UE8M0-32 coupled-h512-h128 released_carrier_bytes=2038438656
(Worker_TP1 pid=196) INFO 09-10 05:45:42 [trellismx.py:185] TrellisMX layer=43 tp_rank=1 ep_rank=0 ep_size=1 K5 E4M3/UE8M0-32 coupled-h512-h128 released_carrier_bytes=2038438656
(Worker_TP1 pid=196) INFO 09-10 05:45:46 [trellismx.py:185] TrellisMX layer=44 tp_rank=1 ep_rank=0 ep_size=1 K5 E4M3/UE8M0-32 coupled-h512-h128 released_carrier_bytes=2038438656
(Worker_TP1 pid=196) INFO 09-10 05:45:46 [model_runner.py:374] Model loading took 95.79 GiB and 314.992908 seconds
(Worker_TP1 pid=196) INFO 09-10 05:45:46 [interface.py:926] Setting attention block size to 5120 tokens to ensure that attention page size is >= mamba page size.
(Worker_TP1 pid=196) INFO 09-10 05:45:46 [interface.py:950] Padding mamba page size by 1.89% to ensure that mamba page size and attention page size are exactly equal.
INFO 09-10 05:54:32 [torch_utils.py:263] Reducing Torch threads from 20 to 1 for serving. Set OMP_NUM_THREADS in the external environment to override.
(Worker_TP1 pid=196) 2026-09-10 05:54:36  [TileLang:tilelang.jit.kernel:INFO] (kernel.py:129): TileLang begins to compile kernel `mhc_pre_big_fuse_with_norm_tilelang` with `out_idx=None`
(Worker_TP1 pid=196) 2026-09-10 05:54:40  [TileLang:tilelang.jit.kernel:INFO] (kernel.py:137): TileLang completes to compile kernel `mhc_pre_big_fuse_with_norm_tilelang`
(Worker_TP1 pid=196) 2026-09-10 05:54:41  [TileLang:tilelang.jit.kernel:INFO] (kernel.py:129): TileLang begins to compile kernel `mhc_post_tilelang` with `out_idx=None`
(Worker_TP1 pid=196) 2026-09-10 05:54:42  [TileLang:tilelang.jit.kernel:INFO] (kernel.py:137): TileLang completes to compile kernel `mhc_post_tilelang`
(Worker_TP1 pid=196) INFO 09-10 05:54:56 [gpu_worker.py:515] GLM53 memory snapshots: before=torch_peak=95.79GiB, torch_allocated=95.79GiB, free_memory=14.94GiB, total_memory=121.63GiB, cuda_memory=106.69GiB, torch_memory=95.81GiB, non_torch_memory=10.88GiB, timestamp=1789019673.4371295, auto_measure=False; after=torch_peak=96.53GiB, torch_allocated=95.86GiB, free_memory=13.81GiB, total_memory=121.63GiB, cuda_memory=107.82GiB, torch_memory=95.88GiB, non_torch_memory=11.93GiB, timestamp=1789019696.0039618, auto_measure=False
(Worker_TP1 pid=196) INFO 09-10 05:54:56 [gpu_worker.py:574] GLM53 memory accounting: Memory profiling takes 22.57 seconds. Total non KV cache memory: 96.04GiB; torch peak memory increase: 0.74GiB; total consumed (from mem_get_info): 95.37GiB; weights memory: 95.79GiB.
(Worker_TP1 pid=196) INFO 09-10 05:54:56 [gpu_worker.py:575] Available KV cache memory: 7.34 GiB
(Worker_TP1 pid=196) INFO 09-10 05:54:56 [indexer.py:736] DSA indexer decode path: use_flattening=False supports_varlen=False (next_n=1, use_fp4_indexer_cache=False)
(Worker_TP1 pid=196) INFO 09-10 05:55:02 [deepseek_v4_mhc_warmup.py:245] Warming up mHC TileLang kernels for Glm5NextDecoderLayer token sizes: [1, 2, 4, 8, 16, 32, 64, 128, 192, 256, 320, 384, 448, 512, 576, 640, 704, 768, 832, 896, 960, 1024]
(Worker_TP1 pid=196) 2026-09-10 05:55:03  [TileLang:tilelang.jit.kernel:INFO] (kernel.py:129): TileLang begins to compile kernel `mhc_pre_big_fuse_with_norm_tilelang` with `out_idx=None`
(Worker_TP1 pid=196) 2026-09-10 05:55:07  [TileLang:tilelang.jit.kernel:INFO] (kernel.py:137): TileLang completes to compile kernel `mhc_pre_big_fuse_with_norm_tilelang`
(Worker_TP1 pid=196) INFO 09-10 05:55:07 [mhc.py:438] Using B12x fused GLM H4096 mHC post+pre for decode M=1.
(Worker_TP1 pid=196) 2026-09-10 05:55:08  [TileLang:tilelang.jit.kernel:INFO] (kernel.py:129): TileLang begins to compile kernel `mhc_fused_tilelang` with `out_idx=None`
(Worker_TP1 pid=196) 2026-09-10 05:55:08  [TileLang:tilelang.jit.kernel:INFO] (kernel.py:137): TileLang completes to compile kernel `mhc_fused_tilelang`
(Worker_TP1 pid=196) 2026-09-10 05:55:09  [TileLang:tilelang.jit.kernel:INFO] (kernel.py:129): TileLang begins to compile kernel `mhc_pre_big_fuse_with_norm_tilelang` with `out_idx=None`
(Worker_TP1 pid=196) 2026-09-10 05:55:13  [TileLang:tilelang.jit.kernel:INFO] (kernel.py:137): TileLang completes to compile kernel `mhc_pre_big_fuse_with_norm_tilelang`
(Worker_TP1 pid=196) 2026-09-10 05:55:13  [TileLang:tilelang.jit.kernel:INFO] (kernel.py:129): TileLang begins to compile kernel `mhc_fused_tilelang` with `out_idx=None`
(Worker_TP1 pid=196) 2026-09-10 05:55:14  [TileLang:tilelang.jit.kernel:INFO] (kernel.py:137): TileLang completes to compile kernel `mhc_fused_tilelang`
(Worker_TP1 pid=196) 2026-09-10 05:55:14  [TileLang:tilelang.jit.kernel:INFO] (kernel.py:129): TileLang begins to compile kernel `mhc_pre_big_fuse_with_norm_tilelang` with `out_idx=None`
(Worker_TP1 pid=196) 2026-09-10 05:55:18  [TileLang:tilelang.jit.kernel:INFO] (kernel.py:137): TileLang completes to compile kernel `mhc_pre_big_fuse_with_norm_tilelang`
(Worker_TP1 pid=196) 2026-09-10 05:55:20  [TileLang:tilelang.jit.kernel:INFO] (kernel.py:129): TileLang begins to compile kernel `mhc_pre_big_fuse_with_norm_tilelang` with `out_idx=None`
(Worker_TP1 pid=196) 2026-09-10 05:55:24  [TileLang:tilelang.jit.kernel:INFO] (kernel.py:137): TileLang completes to compile kernel `mhc_pre_big_fuse_with_norm_tilelang`
(Worker_TP1 pid=196) 2026-09-10 05:55:25  [TileLang:tilelang.jit.kernel:INFO] (kernel.py:129): TileLang begins to compile kernel `mhc_pre_big_fuse_with_norm_tilelang` with `out_idx=None`
(Worker_TP1 pid=196) 2026-09-10 05:55:29  [TileLang:tilelang.jit.kernel:INFO] (kernel.py:137): TileLang completes to compile kernel `mhc_pre_big_fuse_with_norm_tilelang`
(Worker_TP1 pid=196) 2026-09-10 05:55:31  [TileLang:tilelang.jit.kernel:INFO] (kernel.py:129): TileLang begins to compile kernel `mhc_pre_big_fuse_with_norm_tilelang` with `out_idx=None`
(Worker_TP1 pid=196) 2026-09-10 05:55:35  [TileLang:tilelang.jit.kernel:INFO] (kernel.py:137): TileLang completes to compile kernel `mhc_pre_big_fuse_with_norm_tilelang`
(Worker_TP1 pid=196) 2026-09-10 05:55:36  [TileLang:tilelang.jit.kernel:INFO] (kernel.py:129): TileLang begins to compile kernel `mhc_pre_big_fuse_with_norm_tilelang` with `out_idx=None`
(Worker_TP1 pid=196) 2026-09-10 05:55:40  [TileLang:tilelang.jit.kernel:INFO] (kernel.py:137): TileLang completes to compile kernel `mhc_pre_big_fuse_with_norm_tilelang`
(Worker_TP1 pid=196) 2026-09-10 05:55:43  [TileLang:tilelang.jit.kernel:INFO] (kernel.py:129): TileLang begins to compile kernel `mhc_pre_big_fuse_with_norm_tilelang` with `out_idx=None`
(Worker_TP1 pid=196) 2026-09-10 05:55:47  [TileLang:tilelang.jit.kernel:INFO] (kernel.py:137): TileLang completes to compile kernel `mhc_pre_big_fuse_with_norm_tilelang`
(Worker_TP1 pid=196) 2026-09-10 05:55:48  [TileLang:tilelang.jit.kernel:INFO] (kernel.py:129): TileLang begins to compile kernel `mhc_pre_big_fuse_with_norm_tilelang` with `out_idx=None`
(Worker_TP1 pid=196) 2026-09-10 05:55:52  [TileLang:tilelang.jit.kernel:INFO] (kernel.py:137): TileLang completes to compile kernel `mhc_pre_big_fuse_with_norm_tilelang`
(Worker_TP1 pid=196) INFO 09-10 05:55:53 [deepseek_v4_mhc_warmup.py:255] mHC TileLang warmup finished in 51.82 seconds.
(Worker_TP1 pid=196) INFO 09-10 05:55:55 [kernel_warmup.py:95] Warming up ll_bf16 router GEMM kernels for shapes: ((4096, 288),).
(Worker_TP1 pid=196) INFO 09-10 05:55:55 [kernel_warmup.py:170] Skipping FlashInfer autotune because it is disabled.
(Worker_TP1 pid=196) INFO 09-10 05:55:55 [gpu_worker.py:801] Free memory on device (109.18/121.63 GiB) on startup. Desired GPU memory utilization is (0.85, 103.38 GiB). Actual usage is 95.37 GiB for consumed memory (weights + non-torch), 0.67 GiB for peak activation, and 0.0 GiB for CUDAGraph memory. Replace gpu_memory_utilization config with `--kv-cache-memory=7726556160` (7.2 GiB) to fit into requested memory, or `--kv-cache-memory=13948827648` (12.99 GiB) to fully utilize gpu memory. Current kv cache memory in use is 7.34 GiB.
(Worker_TP1 pid=196) ERROR 09-10 05:56:47 [multiproc_executor.py:1033] WorkerProc hit an exception.
(Worker_TP1 pid=196) ERROR 09-10 05:56:47 [multiproc_executor.py:1033] Traceback (most recent call last):
(Worker_TP1 pid=196) ERROR 09-10 05:56:47 [multiproc_executor.py:1033]   File "/usr/local/lib/python3.12/dist-packages/vllm/v1/executor/multiproc_executor.py", line 1025, in worker_busy_loop
(Worker_TP1 pid=196) ERROR 09-10 05:56:47 [multiproc_executor.py:1033]     output = func(*args, **kwargs)
(Worker_TP1 pid=196) ERROR 09-10 05:56:47 [multiproc_executor.py:1033]              ^^^^^^^^^^^^^^^^^^^^^
(Worker_TP1 pid=196) ERROR 09-10 05:56:47 [multiproc_executor.py:1033]   File "/usr/local/lib/python3.12/dist-packages/vllm/tracing/otel.py", line 178, in sync_wrapper
(Worker_TP1 pid=196) ERROR 09-10 05:56:47 [multiproc_executor.py:1033]     return func(*args, **kwargs)
(Worker_TP1 pid=196) ERROR 09-10 05:56:47 [multiproc_executor.py:1033]            ^^^^^^^^^^^^^^^^^^^^^
(Worker_TP1 pid=196) ERROR 09-10 05:56:47 [multiproc_executor.py:1033]   File "/usr/local/lib/python3.12/dist-packages/vllm/v1/worker/gpu_worker.py", line 807, in compile_or_warm_up_model
(Worker_TP1 pid=196) ERROR 09-10 05:56:47 [multiproc_executor.py:1033]     warmup_kernels(self.model_runner, self.execute_model, self.sample_tokens)
(Worker_TP1 pid=196) ERROR 09-10 05:56:47 [multiproc_executor.py:1033]   File "/usr/local/lib/python3.12/dist-packages/torch/utils/_contextlib.py", line 124, in decorate_context
(Worker_TP1 pid=196) ERROR 09-10 05:56:47 [multiproc_executor.py:1033]     return func(*args, **kwargs)
(Worker_TP1 pid=196) ERROR 09-10 05:56:47 [multiproc_executor.py:1033]            ^^^^^^^^^^^^^^^^^^^^^
(Worker_TP1 pid=196) ERROR 09-10 05:56:47 [multiproc_executor.py:1033]   File "/usr/local/lib/python3.12/dist-packages/vllm/v1/worker/gpu/warmup.py", line 319, in warmup_kernels
(Worker_TP1 pid=196) ERROR 09-10 05:56:47 [multiproc_executor.py:1033]     worker_execute_model(prefill_output)
(Worker_TP1 pid=196) ERROR 09-10 05:56:47 [multiproc_executor.py:1033]   File "/usr/local/lib/python3.12/dist-packages/torch/utils/_contextlib.py", line 124, in decorate_context
(Worker_TP1 pid=196) ERROR 09-10 05:56:47 [multiproc_executor.py:1033]     return func(*args, **kwargs)
(Worker_TP1 pid=196) ERROR 09-10 05:56:47 [multiproc_executor.py:1033]            ^^^^^^^^^^^^^^^^^^^^^
(Worker_TP1 pid=196) ERROR 09-10 05:56:47 [multiproc_executor.py:1033]   File "/usr/local/lib/python3.12/dist-packages/vllm/v1/worker/gpu_worker.py", line 1097, in execute_model
(Worker_TP1 pid=196) ERROR 09-10 05:56:47 [multiproc_executor.py:1033]     output = self.model_runner.execute_model(
(Worker_TP1 pid=196) ERROR 09-10 05:56:47 [multiproc_executor.py:1033]              ^^^^^^^^^^^^^^^^^^^^^^^^^^^^^^^^
(Worker_TP1 pid=196) ERROR 09-10 05:56:47 [multiproc_executor.py:1033]   File "/usr/local/lib/python3.12/dist-packages/torch/utils/_contextlib.py", line 124, in decorate_context
(Worker_TP1 pid=196) ERROR 09-10 05:56:47 [multiproc_executor.py:1033]     return func(*args, **kwargs)
(Worker_TP1 pid=196) ERROR 09-10 05:56:47 [multiproc_executor.py:1033]            ^^^^^^^^^^^^^^^^^^^^^
(Worker_TP1 pid=196) ERROR 09-10 05:56:47 [multiproc_executor.py:1033]   File "/usr/local/lib/python3.12/dist-packages/vllm/v1/worker/gpu/model_runner.py", line 1765, in execute_model
(Worker_TP1 pid=196) ERROR 09-10 05:56:47 [multiproc_executor.py:1033]     model_output = self.model(**model_inputs)
(Worker_TP1 pid=196) ERROR 09-10 05:56:47 [multiproc_executor.py:1033]                    ^^^^^^^^^^^^^^^^^^^^^^^^^^
(Worker_TP1 pid=196) ERROR 09-10 05:56:47 [multiproc_executor.py:1033]   File "/usr/local/lib/python3.12/dist-packages/torch/nn/modules/module.py", line 1778, in _wrapped_call_impl
(Worker_TP1 pid=196) ERROR 09-10 05:56:47 [multiproc_executor.py:1033]     return self._call_impl(*args, **kwargs)
(Worker_TP1 pid=196) ERROR 09-10 05:56:47 [multiproc_executor.py:1033]            ^^^^^^^^^^^^^^^^^^^^^^^^^^^^^^^^
(Worker_TP1 pid=196) ERROR 09-10 05:56:47 [multiproc_executor.py:1033]   File "/usr/local/lib/python3.12/dist-packages/torch/nn/modules/module.py", line 1789, in _call_impl
(Worker_TP1 pid=196) ERROR 09-10 05:56:47 [multiproc_executor.py:1033]     return forward_call(*args, **kwargs)
(Worker_TP1 pid=196) ERROR 09-10 05:56:47 [multiproc_executor.py:1033]            ^^^^^^^^^^^^^^^^^^^^^^^^^^^^^
(Worker_TP1 pid=196) ERROR 09-10 05:56:47 [multiproc_executor.py:1033]   File "/usr/local/lib/python3.12/dist-packages/vllm/model_executor/models/glm4_1v.py", line 2327, in forward
(Worker_TP1 pid=196) ERROR 09-10 05:56:47 [multiproc_executor.py:1033]     hidden_states = self.language_model.model(
(Worker_TP1 pid=196) ERROR 09-10 05:56:47 [multiproc_executor.py:1033]                     ^^^^^^^^^^^^^^^^^^^^^^^^^^
(Worker_TP1 pid=196) ERROR 09-10 05:56:47 [multiproc_executor.py:1033]   File "/usr/local/lib/python3.12/dist-packages/torch/nn/modules/module.py", line 1778, in _wrapped_call_impl
(Worker_TP1 pid=196) ERROR 09-10 05:56:47 [multiproc_executor.py:1033]     return self._call_impl(*args, **kwargs)
(Worker_TP1 pid=196) ERROR 09-10 05:56:47 [multiproc_executor.py:1033]            ^^^^^^^^^^^^^^^^^^^^^^^^^^^^^^^^
(Worker_TP1 pid=196) ERROR 09-10 05:56:47 [multiproc_executor.py:1033]   File "/usr/local/lib/python3.12/dist-packages/torch/nn/modules/module.py", line 1789, in _call_impl
(Worker_TP1 pid=196) ERROR 09-10 05:56:47 [multiproc_executor.py:1033]     return forward_call(*args, **kwargs)
(Worker_TP1 pid=196) ERROR 09-10 05:56:47 [multiproc_executor.py:1033]            ^^^^^^^^^^^^^^^^^^^^^^^^^^^^^
(Worker_TP1 pid=196) /usr/local/lib/python3.12/dist-packages/triton/language/core.py:2284: UserWarning: tl.make_block_ptr is deprecated. Use TensorDescriptor or tl.make_tensor_descriptor instead.
(Worker_TP1 pid=196)   warn("tl.make_block_ptr is deprecated. Use TensorDescriptor or tl.make_tensor_descriptor instead.")
[05:54:42] : Warning: T.vectorized loop over `i_hci` with extent 4 is lowered as a serial loop because TileLang could not find a valid vectorization plan. Scalar accumulator updates inside the loop are a common cause; move reductions to T.unroll or T.serial if this is intended.
(Worker_TP1 pid=196) /usr/local/lib/python3.12/dist-packages/triton/language/core.py:2284: UserWarning: tl.make_block_ptr is deprecated. Use TensorDescriptor or tl.make_tensor_descriptor instead.
(Worker_TP1 pid=196)   warn("tl.make_block_ptr is deprecated. Use TensorDescriptor or tl.make_tensor_descriptor instead.")
(Worker_TP1 pid=196) ERROR 09-10 05:56:47 [multiproc_executor.py:1033]   File "/usr/local/lib/python3.12/dist-packages/vllm/models/glm5next/nvidia/model.py", line 711, in forward
(Worker_TP1 pid=196) ERROR 09-10 05:56:47 [multiproc_executor.py:1033]     hidden_states, residual, post, comb = layer(
(Worker_TP1 pid=196) ERROR 09-10 05:56:47 [multiproc_executor.py:1033]                                           ^^^^^^
(Worker_TP1 pid=196) ERROR 09-10 05:56:47 [multiproc_executor.py:1033]   File "/usr/local/lib/python3.12/dist-packages/torch/nn/modules/module.py", line 1778, in _wrapped_call_impl
(Worker_TP1 pid=196) ERROR 09-10 05:56:47 [multiproc_executor.py:1033]     return self._call_impl(*args, **kwargs)
(Worker_TP1 pid=196) ERROR 09-10 05:56:47 [multiproc_executor.py:1033]            ^^^^^^^^^^^^^^^^^^^^^^^^^^^^^^^^
(Worker_TP1 pid=196) ERROR 09-10 05:56:47 [multiproc_executor.py:1033]   File "/usr/local/lib/python3.12/dist-packages/torch/nn/modules/module.py", line 1789, in _call_impl
(Worker_TP1 pid=196) ERROR 09-10 05:56:47 [multiproc_executor.py:1033]     return forward_call(*args, **kwargs)
(Worker_TP1 pid=196) ERROR 09-10 05:56:47 [multiproc_executor.py:1033]            ^^^^^^^^^^^^^^^^^^^^^^^^^^^^^
(Worker_TP1 pid=196) ERROR 09-10 05:56:47 [multiproc_executor.py:1033]   File "/usr/local/lib/python3.12/dist-packages/vllm/models/glm5next/nvidia/model.py", line 479, in forward
(Worker_TP1 pid=196) ERROR 09-10 05:56:47 [multiproc_executor.py:1033]     x = self.self_attn(
(Worker_TP1 pid=196) ERROR 09-10 05:56:47 [multiproc_executor.py:1033]         ^^^^^^^^^^^^^^^
(Worker_TP1 pid=196) ERROR 09-10 05:56:47 [multiproc_executor.py:1033]   File "/usr/local/lib/python3.12/dist-packages/torch/nn/modules/module.py", line 1778, in _wrapped_call_impl
(Worker_TP1 pid=196) ERROR 09-10 05:56:47 [multiproc_executor.py:1033]     return self._call_impl(*args, **kwargs)
(Worker_TP1 pid=196) ERROR 09-10 05:56:47 [multiproc_executor.py:1033]            ^^^^^^^^^^^^^^^^^^^^^^^^^^^^^^^^
(Worker_TP1 pid=196) ERROR 09-10 05:56:47 [multiproc_executor.py:1033]   File "/usr/local/lib/python3.12/dist-packages/torch/nn/modules/module.py", line 1789, in _call_impl
(Worker_TP1 pid=196) ERROR 09-10 05:56:47 [multiproc_executor.py:1033]     return forward_call(*args, **kwargs)
(Worker_TP1 pid=196) ERROR 09-10 05:56:47 [multiproc_executor.py:1033]            ^^^^^^^^^^^^^^^^^^^^^^^^^^^^^
(Worker_TP1 pid=196) ERROR 09-10 05:56:47 [multiproc_executor.py:1033]   File "/usr/local/lib/python3.12/dist-packages/vllm/models/glm5next/nvidia/attention.py", line 625, in forward
(Worker_TP1 pid=196) ERROR 09-10 05:56:47 [multiproc_executor.py:1033]     return self.mla_attn(positions, hidden_states)
(Worker_TP1 pid=196) ERROR 09-10 05:56:47 [multiproc_executor.py:1033]            ^^^^^^^^^^^^^^^^^^^^^^^^^^^^^^^^^^^^^^^
(Worker_TP1 pid=196) ERROR 09-10 05:56:47 [multiproc_executor.py:1033]   File "/usr/local/lib/python3.12/dist-packages/torch/nn/modules/module.py", line 1778, in _wrapped_call_impl
(Worker_TP1 pid=196) ERROR 09-10 05:56:47 [multiproc_executor.py:1033]     return self._call_impl(*args, **kwargs)
(Worker_TP1 pid=196) ERROR 09-10 05:56:47 [multiproc_executor.py:1033]            ^^^^^^^^^^^^^^^^^^^^^^^^^^^^^^^^
(Worker_TP1 pid=196) ERROR 09-10 05:56:47 [multiproc_executor.py:1033]   File "/usr/local/lib/python3.12/dist-packages/torch/nn/modules/module.py", line 1789, in _call_impl
(Worker_TP1 pid=196) ERROR 09-10 05:56:47 [multiproc_executor.py:1033]     return forward_call(*args, **kwargs)
(Worker_TP1 pid=196) ERROR 09-10 05:56:47 [multiproc_executor.py:1033]            ^^^^^^^^^^^^^^^^^^^^^^^^^^^^^
(Worker_TP1 pid=196) ERROR 09-10 05:56:47 [multiproc_executor.py:1033]   File "/usr/local/lib/python3.12/dist-packages/vllm/model_executor/layers/mla.py", line 234, in forward
(Worker_TP1 pid=196) ERROR 09-10 05:56:47 [multiproc_executor.py:1033]     attn_out = self.mla_attn(
(Worker_TP1 pid=196) ERROR 09-10 05:56:47 [multiproc_executor.py:1033]                ^^^^^^^^^^^^^^
(Worker_TP1 pid=196) ERROR 09-10 05:56:47 [multiproc_executor.py:1033]   File "/usr/local/lib/python3.12/dist-packages/torch/nn/modules/module.py", line 1778, in _wrapped_call_impl
(Worker_TP1 pid=196) ERROR 09-10 05:56:47 [multiproc_executor.py:1033]     return self._call_impl(*args, **kwargs)
(Worker_TP1 pid=196) ERROR 09-10 05:56:47 [multiproc_executor.py:1033]            ^^^^^^^^^^^^^^^^^^^^^^^^^^^^^^^^
(Worker_TP1 pid=196) ERROR 09-10 05:56:47 [multiproc_executor.py:1033]   File "/usr/local/lib/python3.12/dist-packages/torch/nn/modules/module.py", line 1789, in _call_impl
(Worker_TP1 pid=196) ERROR 09-10 05:56:47 [multiproc_executor.py:1033]     return forward_call(*args, **kwargs)
(Worker_TP1 pid=196) ERROR 09-10 05:56:47 [multiproc_executor.py:1033]            ^^^^^^^^^^^^^^^^^^^^^^^^^^^^^
(Worker_TP1 pid=196) ERROR 09-10 05:56:47 [multiproc_executor.py:1033]   File "/usr/local/lib/python3.12/dist-packages/vllm/model_executor/layers/attention/mla_attention.py", line 703, in forward
(Worker_TP1 pid=196) ERROR 09-10 05:56:47 [multiproc_executor.py:1033]     kv_cache_dummy_dep = torch.ops.vllm.unified_mla_kv_cache_update(
(Worker_TP1 pid=196) ERROR 09-10 05:56:47 [multiproc_executor.py:1033]                          ^^^^^^^^^^^^^^^^^^^^^^^^^^^^^^^^^^^^^^^^^^^
(Worker_TP1 pid=196) ERROR 09-10 05:56:47 [multiproc_executor.py:1033]   File "/usr/local/lib/python3.12/dist-packages/torch/_ops.py", line 1279, in __call__
(Worker_TP1 pid=196) ERROR 09-10 05:56:47 [multiproc_executor.py:1033]     return self._op(*args, **kwargs)
(Worker_TP1 pid=196) ERROR 09-10 05:56:47 [multiproc_executor.py:1033]            ^^^^^^^^^^^^^^^^^^^^^^^^^
(Worker_TP1 pid=196) ERROR 09-10 05:56:47 [multiproc_executor.py:1033]   File "/usr/local/lib/python3.12/dist-packages/vllm/model_executor/layers/attention/mla_attention.py", line 1315, in unified_mla_kv_cache_update
(Worker_TP1 pid=196) ERROR 09-10 05:56:47 [multiproc_executor.py:1033]     attn_layer.impl.do_kv_cache_update(  # type: ignore[attr-defined]
(Worker_TP1 pid=196) ERROR 09-10 05:56:47 [multiproc_executor.py:1033]   File "/usr/local/lib/python3.12/dist-packages/vllm/v1/attention/backends/mla/b12x_mla_sparse.py", line 1862, in do_kv_cache_update
(Worker_TP1 pid=196) ERROR 09-10 05:56:47 [multiproc_executor.py:1033]     return super().do_kv_cache_update(
(Worker_TP1 pid=196) ERROR 09-10 05:56:47 [multiproc_executor.py:1033]            ^^^^^^^^^^^^^^^^^^^^^^^^^^^
(Worker_TP1 pid=196) ERROR 09-10 05:56:47 [multiproc_executor.py:1033]   File "/usr/local/lib/python3.12/dist-packages/vllm/v1/attention/backend.py", line 1131, in do_kv_cache_update
(Worker_TP1 pid=196) ERROR 09-10 05:56:47 [multiproc_executor.py:1033]     ops.concat_and_cache_mla(
(Worker_TP1 pid=196) ERROR 09-10 05:56:47 [multiproc_executor.py:1033]   File "/usr/local/lib/python3.12/dist-packages/vllm/_custom_ops.py", line 2788, in concat_and_cache_mla
(Worker_TP1 pid=196) ERROR 09-10 05:56:47 [multiproc_executor.py:1033]     torch.ops._C_cache_ops.concat_and_cache_mla(
(Worker_TP1 pid=196) ERROR 09-10 05:56:47 [multiproc_executor.py:1033]   File "/usr/local/lib/python3.12/dist-packages/torch/_ops.py", line 1279, in __call__
(Worker_TP1 pid=196) ERROR 09-10 05:56:47 [multiproc_executor.py:1033]     return self._op(*args, **kwargs)
(Worker_TP1 pid=196) ERROR 09-10 05:56:47 [multiproc_executor.py:1033]            ^^^^^^^^^^^^^^^^^^^^^^^^^
(Worker_TP1 pid=196) ERROR 09-10 05:56:47 [multiproc_executor.py:1033] RuntimeError: concat_and_cache_mla, /workspace/csrc/libtorch_stable/cache_kernels.cu:874, 
(Worker_TP1 pid=196) ERROR 09-10 05:56:47 [multiproc_executor.py:1033] Traceback (most recent call last):
(Worker_TP1 pid=196) ERROR 09-10 05:56:47 [multiproc_executor.py:1033]   File "/usr/local/lib/python3.12/dist-packages/vllm/v1/executor/multiproc_executor.py", line 1025, in worker_busy_loop
(Worker_TP1 pid=196) ERROR 09-10 05:56:47 [multiproc_executor.py:1033]     output = func(*args, **kwargs)
(Worker_TP1 pid=196) ERROR 09-10 05:56:47 [multiproc_executor.py:1033]              ^^^^^^^^^^^^^^^^^^^^^
(Worker_TP1 pid=196) ERROR 09-10 05:56:47 [multiproc_executor.py:1033]   File "/usr/local/lib/python3.12/dist-packages/vllm/tracing/otel.py", line 178, in sync_wrapper
(Worker_TP1 pid=196) ERROR 09-10 05:56:47 [multiproc_executor.py:1033]     return func(*args, **kwargs)
(Worker_TP1 pid=196) ERROR 09-10 05:56:47 [multiproc_executor.py:1033]            ^^^^^^^^^^^^^^^^^^^^^
(Worker_TP1 pid=196) ERROR 09-10 05:56:47 [multiproc_executor.py:1033]   File "/usr/local/lib/python3.12/dist-packages/vllm/v1/worker/gpu_worker.py", line 807, in compile_or_warm_up_model
(Worker_TP1 pid=196) ERROR 09-10 05:56:47 [multiproc_executor.py:1033]     warmup_kernels(self.model_runner, self.execute_model, self.sample_tokens)
(Worker_TP1 pid=196) ERROR 09-10 05:56:47 [multiproc_executor.py:1033]   File "/usr/local/lib/python3.12/dist-packages/torch/utils/_contextlib.py", line 124, in decorate_context
(Worker_TP1 pid=196) ERROR 09-10 05:56:47 [multiproc_executor.py:1033]     return func(*args, **kwargs)
(Worker_TP1 pid=196) ERROR 09-10 05:56:47 [multiproc_executor.py:1033]            ^^^^^^^^^^^^^^^^^^^^^
(Worker_TP1 pid=196) ERROR 09-10 05:56:47 [multiproc_executor.py:1033]   File "/usr/local/lib/python3.12/dist-packages/vllm/v1/worker/gpu/warmup.py", line 319, in warmup_kernels
(Worker_TP1 pid=196) ERROR 09-10 05:56:47 [multiproc_executor.py:1033]     worker_execute_model(prefill_output)
(Worker_TP1 pid=196) ERROR 09-10 05:56:47 [multiproc_executor.py:1033]   File "/usr/local/lib/python3.12/dist-packages/torch/utils/_contextlib.py", line 124, in decorate_context
(Worker_TP1 pid=196) ERROR 09-10 05:56:47 [multiproc_executor.py:1033]     return func(*args, **kwargs)
(Worker_TP1 pid=196) ERROR 09-10 05:56:47 [multiproc_executor.py:1033]            ^^^^^^^^^^^^^^^^^^^^^
(Worker_TP1 pid=196) ERROR 09-10 05:56:47 [multiproc_executor.py:1033]   File "/usr/local/lib/python3.12/dist-packages/vllm/v1/worker/gpu_worker.py", line 1097, in execute_model
(Worker_TP1 pid=196) ERROR 09-10 05:56:47 [multiproc_executor.py:1033]     output = self.model_runner.execute_model(
(Worker_TP1 pid=196) ERROR 09-10 05:56:47 [multiproc_executor.py:1033]              ^^^^^^^^^^^^^^^^^^^^^^^^^^^^^^^^
(Worker_TP1 pid=196) ERROR 09-10 05:56:47 [multiproc_executor.py:1033]   File "/usr/local/lib/python3.12/dist-packages/torch/utils/_contextlib.py", line 124, in decorate_context
(Worker_TP1 pid=196) ERROR 09-10 05:56:47 [multiproc_executor.py:1033]     return func(*args, **kwargs)
(Worker_TP1 pid=196) ERROR 09-10 05:56:47 [multiproc_executor.py:1033]            ^^^^^^^^^^^^^^^^^^^^^
(Worker_TP1 pid=196) ERROR 09-10 05:56:47 [multiproc_executor.py:1033]   File "/usr/local/lib/python3.12/dist-packages/vllm/v1/worker/gpu/model_runner.py", line 1765, in execute_model
(Worker_TP1 pid=196) ERROR 09-10 05:56:47 [multiproc_executor.py:1033]     model_output = self.model(**model_inputs)
(Worker_TP1 pid=196) ERROR 09-10 05:56:47 [multiproc_executor.py:1033]                    ^^^^^^^^^^^^^^^^^^^^^^^^^^
(Worker_TP1 pid=196) ERROR 09-10 05:56:47 [multiproc_executor.py:1033]   File "/usr/local/lib/python3.12/dist-packages/torch/nn/modules/module.py", line 1778, in _wrapped_call_impl
(Worker_TP1 pid=196) ERROR 09-10 05:56:47 [multiproc_executor.py:1033]     return self._call_impl(*args, **kwargs)
(Worker_TP1 pid=196) ERROR 09-10 05:56:47 [multiproc_executor.py:1033]            ^^^^^^^^^^^^^^^^^^^^^^^^^^^^^^^^
(Worker_TP1 pid=196) ERROR 09-10 05:56:47 [multiproc_executor.py:1033]   File "/usr/local/lib/python3.12/dist-packages/torch/nn/modules/module.py", line 1789, in _call_impl
(Worker_TP1 pid=196) ERROR 09-10 05:56:47 [multiproc_executor.py:1033]     return forward_call(*args, **kwargs)
(Worker_TP1 pid=196) ERROR 09-10 05:56:47 [multiproc_executor.py:1033]            ^^^^^^^^^^^^^^^^^^^^^^^^^^^^^
(Worker_TP1 pid=196) ERROR 09-10 05:56:47 [multiproc_executor.py:1033]   File "/usr/local/lib/python3.12/dist-packages/vllm/model_executor/models/glm4_1v.py", line 2327, in forward
(Worker_TP1 pid=196) ERROR 09-10 05:56:47 [multiproc_executor.py:1033]     hidden_states = self.language_model.model(
(Worker_TP1 pid=196) ERROR 09-10 05:56:47 [multiproc_executor.py:1033]                     ^^^^^^^^^^^^^^^^^^^^^^^^^^
(Worker_TP1 pid=196) ERROR 09-10 05:56:47 [multiproc_executor.py:1033]   File "/usr/local/lib/python3.12/dist-packages/torch/nn/modules/module.py", line 1778, in _wrapped_call_impl
(Worker_TP1 pid=196) ERROR 09-10 05:56:47 [multiproc_executor.py:1033]     return self._call_impl(*args, **kwargs)
(Worker_TP1 pid=196) ERROR 09-10 05:56:47 [multiproc_executor.py:1033]            ^^^^^^^^^^^^^^^^^^^^^^^^^^^^^^^^
(Worker_TP1 pid=196) ERROR 09-10 05:56:47 [multiproc_executor.py:1033]   File "/usr/local/lib/python3.12/dist-packages/torch/nn/modules/module.py", line 1789, in _call_impl
(Worker_TP1 pid=196) ERROR 09-10 05:56:47 [multiproc_executor.py:1033]     return forward_call(*args, **kwargs)
(Worker_TP1 pid=196) ERROR 09-10 05:56:47 [multiproc_executor.py:1033]            ^^^^^^^^^^^^^^^^^^^^^^^^^^^^^
(Worker_TP1 pid=196) ERROR 09-10 05:56:47 [multiproc_executor.py:1033]   File "/usr/local/lib/python3.12/dist-packages/vllm/models/glm5next/nvidia/model.py", line 711, in forward
(Worker_TP1 pid=196) ERROR 09-10 05:56:47 [multiproc_executor.py:1033]     hidden_states, residual, post, comb = layer(
(Worker_TP1 pid=196) ERROR 09-10 05:56:47 [multiproc_executor.py:1033]                                           ^^^^^^
(Worker_TP1 pid=196) ERROR 09-10 05:56:47 [multiproc_executor.py:1033]   File "/usr/local/lib/python3.12/dist-packages/torch/nn/modules/module.py", line 1778, in _wrapped_call_impl
(Worker_TP1 pid=196) ERROR 09-10 05:56:47 [multiproc_executor.py:1033]     return self._call_impl(*args, **kwargs)
(Worker_TP1 pid=196) ERROR 09-10 05:56:47 [multiproc_executor.py:1033]            ^^^^^^^^^^^^^^^^^^^^^^^^^^^^^^^^
(Worker_TP1 pid=196) ERROR 09-10 05:56:47 [multiproc_executor.py:1033]   File "/usr/local/lib/python3.12/dist-packages/torch/nn/modules/module.py", line 1789, in _call_impl
(Worker_TP1 pid=196) ERROR 09-10 05:56:47 [multiproc_executor.py:1033]     return forward_call(*args, **kwargs)
(Worker_TP1 pid=196) ERROR 09-10 05:56:47 [multiproc_executor.py:1033]            ^^^^^^^^^^^^^^^^^^^^^^^^^^^^^
(Worker_TP1 pid=196) ERROR 09-10 05:56:47 [multiproc_executor.py:1033]   File "/usr/local/lib/python3.12/dist-packages/vllm/models/glm5next/nvidia/model.py", line 479, in forward
(Worker_TP1 pid=196) ERROR 09-10 05:56:47 [multiproc_executor.py:1033]     x = self.self_attn(
(Worker_TP1 pid=196) ERROR 09-10 05:56:47 [multiproc_executor.py:1033]         ^^^^^^^^^^^^^^^
(Worker_TP1 pid=196) ERROR 09-10 05:56:47 [multiproc_executor.py:1033]   File "/usr/local/lib/python3.12/dist-packages/torch/nn/modules/module.py", line 1778, in _wrapped_call_impl
(Worker_TP1 pid=196) ERROR 09-10 05:56:47 [multiproc_executor.py:1033]     return self._call_impl(*args, **kwargs)
(Worker_TP1 pid=196) ERROR 09-10 05:56:47 [multiproc_executor.py:1033]            ^^^^^^^^^^^^^^^^^^^^^^^^^^^^^^^^
(Worker_TP1 pid=196) ERROR 09-10 05:56:47 [multiproc_executor.py:1033]   File "/usr/local/lib/python3.12/dist-packages/torch/nn/modules/module.py", line 1789, in _call_impl
(Worker_TP1 pid=196) ERROR 09-10 05:56:47 [multiproc_executor.py:1033]     return forward_call(*args, **kwargs)
(Worker_TP1 pid=196) ERROR 09-10 05:56:47 [multiproc_executor.py:1033]            ^^^^^^^^^^^^^^^^^^^^^^^^^^^^^
(Worker_TP1 pid=196) ERROR 09-10 05:56:47 [multiproc_executor.py:1033]   File "/usr/local/lib/python3.12/dist-packages/vllm/models/glm5next/nvidia/attention.py", line 625, in forward
(Worker_TP1 pid=196) ERROR 09-10 05:56:47 [multiproc_executor.py:1033]     return self.mla_attn(positions, hidden_states)
(Worker_TP1 pid=196) ERROR 09-10 05:56:47 [multiproc_executor.py:1033]            ^^^^^^^^^^^^^^^^^^^^^^^^^^^^^^^^^^^^^^^
(Worker_TP1 pid=196) ERROR 09-10 05:56:47 [multiproc_executor.py:1033]   File "/usr/local/lib/python3.12/dist-packages/torch/nn/modules/module.py", line 1778, in _wrapped_call_impl
(Worker_TP1 pid=196) ERROR 09-10 05:56:47 [multiproc_executor.py:1033]     return self._call_impl(*args, **kwargs)
(Worker_TP1 pid=196) ERROR 09-10 05:56:47 [multiproc_executor.py:1033]            ^^^^^^^^^^^^^^^^^^^^^^^^^^^^^^^^
(Worker_TP1 pid=196) ERROR 09-10 05:56:47 [multiproc_executor.py:1033]   File "/usr/local/lib/python3.12/dist-packages/torch/nn/modules/module.py", line 1789, in _call_impl
(Worker_TP1 pid=196) ERROR 09-10 05:56:47 [multiproc_executor.py:1033]     return forward_call(*args, **kwargs)
(Worker_TP1 pid=196) ERROR 09-10 05:56:47 [multiproc_executor.py:1033]            ^^^^^^^^^^^^^^^^^^^^^^^^^^^^^
(Worker_TP1 pid=196) ERROR 09-10 05:56:47 [multiproc_executor.py:1033]   File "/usr/local/lib/python3.12/dist-packages/vllm/model_executor/layers/mla.py", line 234, in forward
(Worker_TP1 pid=196) ERROR 09-10 05:56:47 [multiproc_executor.py:1033]     attn_out = self.mla_attn(
(Worker_TP1 pid=196) ERROR 09-10 05:56:47 [multiproc_executor.py:1033]                ^^^^^^^^^^^^^^
(Worker_TP1 pid=196) ERROR 09-10 05:56:47 [multiproc_executor.py:1033]   File "/usr/local/lib/python3.12/dist-packages/torch/nn/modules/module.py", line 1778, in _wrapped_call_impl
(Worker_TP1 pid=196) ERROR 09-10 05:56:47 [multiproc_executor.py:1033]     return self._call_impl(*args, **kwargs)
(Worker_TP1 pid=196) ERROR 09-10 05:56:47 [multiproc_executor.py:1033]            ^^^^^^^^^^^^^^^^^^^^^^^^^^^^^^^^
(Worker_TP1 pid=196) ERROR 09-10 05:56:47 [multiproc_executor.py:1033]   File "/usr/local/lib/python3.12/dist-packages/torch/nn/modules/module.py", line 1789, in _call_impl
(Worker_TP1 pid=196) ERROR 09-10 05:56:47 [multiproc_executor.py:1033]     return forward_call(*args, **kwargs)
(Worker_TP1 pid=196) ERROR 09-10 05:56:47 [multiproc_executor.py:1033]            ^^^^^^^^^^^^^^^^^^^^^^^^^^^^^
(Worker_TP1 pid=196) ERROR 09-10 05:56:47 [multiproc_executor.py:1033]   File "/usr/local/lib/python3.12/dist-packages/vllm/model_executor/layers/attention/mla_attention.py", line 703, in forward
(Worker_TP1 pid=196) ERROR 09-10 05:56:47 [multiproc_executor.py:1033]     kv_cache_dummy_dep = torch.ops.vllm.unified_mla_kv_cache_update(
(Worker_TP1 pid=196) ERROR 09-10 05:56:47 [multiproc_executor.py:1033]                          ^^^^^^^^^^^^^^^^^^^^^^^^^^^^^^^^^^^^^^^^^^^
(Worker_TP1 pid=196) ERROR 09-10 05:56:47 [multiproc_executor.py:1033]   File "/usr/local/lib/python3.12/dist-packages/torch/_ops.py", line 1279, in __call__
(Worker_TP1 pid=196) ERROR 09-10 05:56:47 [multiproc_executor.py:1033]     return self._op(*args, **kwargs)
(Worker_TP1 pid=196) ERROR 09-10 05:56:47 [multiproc_executor.py:1033]            ^^^^^^^^^^^^^^^^^^^^^^^^^
(Worker_TP1 pid=196) ERROR 09-10 05:56:47 [multiproc_executor.py:1033]   File "/usr/local/lib/python3.12/dist-packages/vllm/model_executor/layers/attention/mla_attention.py", line 1315, in unified_mla_kv_cache_update
(Worker_TP1 pid=196) ERROR 09-10 05:56:47 [multiproc_executor.py:1033]     attn_layer.impl.do_kv_cache_update(  # type: ignore[attr-defined]
(Worker_TP1 pid=196) ERROR 09-10 05:56:47 [multiproc_executor.py:1033]   File "/usr/local/lib/python3.12/dist-packages/vllm/v1/attention/backends/mla/b12x_mla_sparse.py", line 1862, in do_kv_cache_update
(Worker_TP1 pid=196) ERROR 09-10 05:56:47 [multiproc_executor.py:1033]     return super().do_kv_cache_update(
(Worker_TP1 pid=196) ERROR 09-10 05:56:47 [multiproc_executor.py:1033]            ^^^^^^^^^^^^^^^^^^^^^^^^^^^
(Worker_TP1 pid=196) ERROR 09-10 05:56:47 [multiproc_executor.py:1033]   File "/usr/local/lib/python3.12/dist-packages/vllm/v1/attention/backend.py", line 1131, in do_kv_cache_update
(Worker_TP1 pid=196) ERROR 09-10 05:56:47 [multiproc_executor.py:1033]     ops.concat_and_cache_mla(
(Worker_TP1 pid=196) ERROR 09-10 05:56:47 [multiproc_executor.py:1033]   File "/usr/local/lib/python3.12/dist-packages/vllm/_custom_ops.py", line 2788, in concat_and_cache_mla
(Worker_TP1 pid=196) ERROR 09-10 05:56:47 [multiproc_executor.py:1033]     torch.ops._C_cache_ops.concat_and_cache_mla(
(Worker_TP1 pid=196) ERROR 09-10 05:56:47 [multiproc_executor.py:1033]   File "/usr/local/lib/python3.12/dist-packages/torch/_ops.py", line 1279, in __call__
(Worker_TP1 pid=196) ERROR 09-10 05:56:47 [multiproc_executor.py:1033]     return self._op(*args, **kwargs)
(Worker_TP1 pid=196) ERROR 09-10 05:56:47 [multiproc_executor.py:1033]            ^^^^^^^^^^^^^^^^^^^^^^^^^
(Worker_TP1 pid=196) ERROR 09-10 05:56:47 [multiproc_executor.py:1033] RuntimeError: concat_and_cache_mla, /workspace/csrc/libtorch_stable/cache_kernels.cu:874, 
(Worker_TP1 pid=196) ERROR 09-10 05:56:47 [multiproc_executor.py:1033] 
[rank1]:[W910 05:56:57.201275363 TCPStore.cpp:125] [c10d] recvValue failed on SocketImpl(fd=48, addr=[kiwi.200gb]:45988, remote=[emu.200gb]:29553): Failed to recv, got 0 bytes. Connection was likely closed. Did the remote server shutdown or crash?
Exception raised from recvBytes at /__w/pytorch/pytorch/torch/csrc/distributed/c10d/Utils.hpp:787 (most recent call first):
frame #0: c10::Error::Error(c10::SourceLocation, std::__cxx11::basic_string<char, std::char_traits<char>, std::allocator<char> >) + 0xc8 (0xfb37ea73e158 in /usr/local/lib/python3.12/dist-packages/torch/lib/libc10.so)
frame #1: c10::DistError::DistError(c10::SourceLocation, std::__cxx11::basic_string<char, std::char_traits<char>, std::allocator<char> >) + 0x78 (0xfb37ea73ed48 in /usr/local/lib/python3.12/dist-packages/torch/lib/libc10.so)
frame #2: c10::DistNetworkError::DistNetworkError(c10::SourceLocation, std::__cxx11::basic_string<char, std::char_traits<char>, std::allocator<char> >) + 0x78 (0xfb37ea73f0c8 in /usr/local/lib/python3.12/dist-packages/torch/lib/libc10.so)
frame #3: <unknown function> + 0x70b84d4 (0xfb38080a84d4 in /usr/local/lib/python3.12/dist-packages/torch/lib/libtorch_cpu.so)
frame #4: c10d::TCPStore::check(std::vector<std::__cxx11::basic_string<char, std::char_traits<char>, std::allocator<char> >, std::allocator<std::__cxx11::basic_string<char, std::char_traits<char>, std::allocator<char> > > > const&) + 0x258 (0xfb38080aab38 in /usr/local/lib/python3.12/dist-packages/torch/lib/libtorch_cpu.so)
frame #5: c10d::ProcessGroupNCCL::HeartbeatMonitor::runLoop() + 0x330 (0xfb37eb687350 in /usr/local/lib/python3.12/dist-packages/torch/lib/libtorch_cuda.so)
frame #6: <unknown function> + 0xe1ae0 (0xfb389bad1ae0 in /lib/aarch64-linux-gnu/libstdc++.so.6)
frame #7: <unknown function> + 0x8582c (0xfb389c99582c in /lib/aarch64-linux-gnu/libc.so.6)
frame #8: <unknown function> + 0xeb79c (0xfb389c9fb79c in /lib/aarch64-linux-gnu/libc.so.6)

[rank1]:[W910 05:56:57.204304134 ProcessGroupNCCL.cpp:1876] [PG ID 0 PG GUID 0 Rank 1] Failed to check the "should dump" flag on TCPStore, (maybe TCPStore server has shut down too early), with error: Failed to recv, got 0 bytes. Connection was likely closed. Did the remote server shutdown or crash?
[rank1]:[W910 05:56:58.205188721 TCPStore.cpp:106] [c10d] sendBytes failed on SocketImpl(fd=48, addr=[kiwi.200gb]:45988, remote=[emu.200gb]:29553): Broken pipe
Exception raised from sendBytes at /__w/pytorch/pytorch/torch/csrc/distributed/c10d/Utils.hpp:758 (most recent call first):
frame #0: c10::Error::Error(c10::SourceLocation, std::__cxx11::basic_string<char, std::char_traits<char>, std::allocator<char> >) + 0xc8 (0xfb37ea73e158 in /usr/local/lib/python3.12/dist-packages/torch/lib/libc10.so)
frame #1: c10::DistError::DistError(c10::SourceLocation, std::__cxx11::basic_string<char, std::char_traits<char>, std::allocator<char> >) + 0x78 (0xfb37ea73ed48 in /usr/local/lib/python3.12/dist-packages/torch/lib/libc10.so)
frame #2: c10::DistNetworkError::DistNetworkError(c10::SourceLocation, std::__cxx11::basic_string<char, std::char_traits<char>, std::allocator<char> >) + 0x78 (0xfb37ea73f0c8 in /usr/local/lib/python3.12/dist-packages/torch/lib/libc10.so)
frame #3: <unknown function> + 0x70b77ec (0xfb38080a77ec in /usr/local/lib/python3.12/dist-packages/torch/lib/libtorch_cpu.so)
frame #4: <unknown function> + 0x70b9aa4 (0xfb38080a9aa4 in /usr/local/lib/python3.12/dist-packages/torch/lib/libtorch_cpu.so)
frame #5: <unknown function> + 0x70b9c18 (0xfb38080a9c18 in /usr/local/lib/python3.12/dist-packages/torch/lib/libtorch_cpu.so)
frame #6: c10d::TCPStore::check(std::vector<std::__cxx11::basic_string<char, std::char_traits<char>, std::allocator<char> >, std::allocator<std::__cxx11::basic_string<char, std::char_traits<char>, std::allocator<char> > > > const&) + 0x23c (0xfb38080aab1c in /usr/local/lib/python3.12/dist-packages/torch/lib/libtorch_cpu.so)
frame #7: c10d::ProcessGroupNCCL::HeartbeatMonitor::runLoop() + 0x330 (0xfb37eb687350 in /usr/local/lib/python3.12/dist-packages/torch/lib/libtorch_cuda.so)
frame #8: <unknown function> + 0xe1ae0 (0xfb389bad1ae0 in /lib/aarch64-linux-gnu/libstdc++.so.6)
frame #9: <unknown function> + 0x8582c (0xfb389c99582c in /lib/aarch64-linux-gnu/libc.so.6)
frame #10: <unknown function> + 0xeb79c (0xfb389c9fb79c in /lib/aarch64-linux-gnu/libc.so.6)

[rank1]:[W910 05:56:58.208627301 ProcessGroupNCCL.cpp:1876] [PG ID 0 PG GUID 0 Rank 1] Failed to check the "should dump" flag on TCPStore, (maybe TCPStore server has shut down too early), with error: Broken pipe
[rank1]:[W910 05:56:59.209687440 TCPStore.cpp:106] [c10d] sendBytes failed on SocketImpl(fd=48, addr=[kiwi.200gb]:45988, remote=[emu.200gb]:29553): Broken pipe
Exception raised from sendBytes at /__w/pytorch/pytorch/torch/csrc/distributed/c10d/Utils.hpp:758 (most recent call first):
frame #0: c10::Error::Error(c10::SourceLocation, std::__cxx11::basic_string<char, std::char_traits<char>, std::allocator<char> >) + 0xc8 (0xfb37ea73e158 in /usr/local/lib/python3.12/dist-packages/torch/lib/libc10.so)
frame #1: c10::DistError::DistError(c10::SourceLocation, std::__cxx11::basic_string<char, std::char_traits<char>, std::allocator<char> >) + 0x78 (0xfb37ea73ed48 in /usr/local/lib/python3.12/dist-packages/torch/lib/libc10.so)
frame #2: c10::DistNetworkError::DistNetworkError(c10::SourceLocation, std::__cxx11::basic_string<char, std::char_traits<char>, std::allocator<char> >) + 0x78 (0xfb37ea73f0c8 in /usr/local/lib/python3.12/dist-packages/torch/lib/libc10.so)
frame #3: <unknown function> + 0x70b77ec (0xfb38080a77ec in /usr/local/lib/python3.12/dist-packages/torch/lib/libtorch_cpu.so)
frame #4: <unknown function> + 0x70b9aa4 (0xfb38080a9aa4 in /usr/local/lib/python3.12/dist-packages/torch/lib/libtorch_cpu.so)
frame #5: <unknown function> + 0x70b9c18 (0xfb38080a9c18 in /usr/local/lib/python3.12/dist-packages/torch/lib/libtorch_cpu.so)
frame #6: c10d::TCPStore::check(std::vector<std::__cxx11::basic_string<char, std::char_traits<char>, std::allocator<char> >, std::allocator<std::__cxx11::basic_string<char, std::char_traits<char>, std::allocator<char> > > > const&) + 0x23c (0xfb38080aab1c in /usr/local/lib/python3.12/dist-packages/torch/lib/libtorch_cpu.so)
frame #7: c10d::ProcessGroupNCCL::HeartbeatMonitor::runLoop() + 0x330 (0xfb37eb687350 in /usr/local/lib/python3.12/dist-packages/torch/lib/libtorch_cuda.so)
frame #8: <unknown function> + 0xe1ae0 (0xfb389bad1ae0 in /lib/aarch64-linux-gnu/libstdc++.so.6)
frame #9: <unknown function> + 0x8582c (0xfb389c99582c in /lib/aarch64-linux-gnu/libc.so.6)
frame #10: <unknown function> + 0xeb79c (0xfb389c9fb79c in /lib/aarch64-linux-gnu/libc.so.6)

[rank1]:[W910 05:56:59.212361155 ProcessGroupNCCL.cpp:1876] [PG ID 0 PG GUID 0 Rank 1] Failed to check the "should dump" flag on TCPStore, (maybe TCPStore server has shut down too early), with error: Broken pipe
[rank1]:[W910 05:57:00.212743647 TCPStore.cpp:106] [c10d] sendBytes failed on SocketImpl(fd=48, addr=[kiwi.200gb]:45988, remote=[emu.200gb]:29553): Broken pipe
Exception raised from sendBytes at /__w/pytorch/pytorch/torch/csrc/distributed/c10d/Utils.hpp:758 (most recent call first):
frame #0: c10::Error::Error(c10::SourceLocation, std::__cxx11::basic_string<char, std::char_traits<char>, std::allocator<char> >) + 0xc8 (0xfb37ea73e158 in /usr/local/lib/python3.12/dist-packages/torch/lib/libc10.so)
frame #1: c10::DistError::DistError(c10::SourceLocation, std::__cxx11::basic_string<char, std::char_traits<char>, std::allocator<char> >) + 0x78 (0xfb37ea73ed48 in /usr/local/lib/python3.12/dist-packages/torch/lib/libc10.so)
frame #2: c10::DistNetworkError::DistNetworkError(c10::SourceLocation, std::__cxx11::basic_string<char, std::char_traits<char>, std::allocator<char> >) + 0x78 (0xfb37ea73f0c8 in /usr/local/lib/python3.12/dist-packages/torch/lib/libc10.so)
frame #3: <unknown function> + 0x70b77ec (0xfb38080a77ec in /usr/local/lib/python3.12/dist-packages/torch/lib/libtorch_cpu.so)
frame #4: <unknown function> + 0x70b9aa4 (0xfb38080a9aa4 in /usr/local/lib/python3.12/dist-packages/torch/lib/libtorch_cpu.so)
frame #5: <unknown function> + 0x70b9c18 (0xfb38080a9c18 in /usr/local/lib/python3.12/dist-packages/torch/lib/libtorch_cpu.so)
frame #6: c10d::TCPStore::check(std::vector<std::__cxx11::basic_string<char, std::char_traits<char>, std::allocator<char> >, std::allocator<std::__cxx11::basic_string<char, std::char_traits<char>, std::allocator<char> > > > const&) + 0x23c (0xfb38080aab1c in /usr/local/lib/python3.12/dist-packages/torch/lib/libtorch_cpu.so)
frame #7: c10d::ProcessGroupNCCL::HeartbeatMonitor::runLoop() + 0x330 (0xfb37eb687350 in /usr/local/lib/python3.12/dist-packages/torch/lib/libtorch_cuda.so)
frame #8: <unknown function> + 0xe1ae0 (0xfb389bad1ae0 in /lib/aarch64-linux-gnu/libstdc++.so.6)
frame #9: <unknown function> + 0x8582c (0xfb389c99582c in /lib/aarch64-linux-gnu/libc.so.6)
frame #10: <unknown function> + 0xeb79c (0xfb389c9fb79c in /lib/aarch64-linux-gnu/libc.so.6)

[rank1]:[W910 05:57:00.216054034 ProcessGroupNCCL.cpp:1876] [PG ID 0 PG GUID 0 Rank 1] Failed to check the "should dump" flag on TCPStore, (maybe TCPStore server has shut down too early), with error: Broken pipe
[rank1]:[W910 05:57:01.217138895 TCPStore.cpp:106] [c10d] sendBytes failed on SocketImpl(fd=48, addr=[kiwi.200gb]:45988, remote=[emu.200gb]:29553): Broken pipe
Exception raised from sendBytes at /__w/pytorch/pytorch/torch/csrc/distributed/c10d/Utils.hpp:758 (most recent call first):
frame #0: c10::Error::Error(c10::SourceLocation, std::__cxx11::basic_string<char, std::char_traits<char>, std::allocator<char> >) + 0xc8 (0xfb37ea73e158 in /usr/local/lib/python3.12/dist-packages/torch/lib/libc10.so)
frame #1: c10::DistError::DistError(c10::SourceLocation, std::__cxx11::basic_string<char, std::char_traits<char>, std::allocator<char> >) + 0x78 (0xfb37ea73ed48 in /usr/local/lib/python3.12/dist-packages/torch/lib/libc10.so)
frame #2: c10::DistNetworkError::DistNetworkError(c10::SourceLocation, std::__cxx11::basic_string<char, std::char_traits<char>, std::allocator<char> >) + 0x78 (0xfb37ea73f0c8 in /usr/local/lib/python3.12/dist-packages/torch/lib/libc10.so)
frame #3: <unknown function> + 0x70b77ec (0xfb38080a77ec in /usr/local/lib/python3.12/dist-packages/torch/lib/libtorch_cpu.so)
frame #4: <unknown function> + 0x70b9aa4 (0xfb38080a9aa4 in /usr/local/lib/python3.12/dist-packages/torch/lib/libtorch_cpu.so)
frame #5: <unknown function> + 0x70b9c18 (0xfb38080a9c18 in /usr/local/lib/python3.12/dist-packages/torch/lib/libtorch_cpu.so)
frame #6: c10d::TCPStore::check(std::vector<std::__cxx11::basic_string<char, std::char_traits<char>, std::allocator<char> >, std::allocator<std::__cxx11::basic_string<char, std::char_traits<char>, std::allocator<char> > > > const&) + 0x23c (0xfb38080aab1c in /usr/local/lib/python3.12/dist-packages/torch/lib/libtorch_cpu.so)
frame #7: c10d::ProcessGroupNCCL::HeartbeatMonitor::runLoop() + 0x330 (0xfb37eb687350 in /usr/local/lib/python3.12/dist-packages/torch/lib/libtorch_cuda.so)
frame #8: <unknown function> + 0xe1ae0 (0xfb389bad1ae0 in /lib/aarch64-linux-gnu/libstdc++.so.6)
frame #9: <unknown function> + 0x8582c (0xfb389c99582c in /lib/aarch64-linux-gnu/libc.so.6)
frame #10: <unknown function> + 0xeb79c (0xfb389c9fb79c in /lib/aarch64-linux-gnu/libc.so.6)

[rank1]:[W910 05:57:01.219149153 ProcessGroupNCCL.cpp:1876] [PG ID 0 PG GUID 0 Rank 1] Failed to check the "should dump" flag on TCPStore, (maybe TCPStore server has shut down too early), with error: Broken pipe
[rank1]:[W910 05:57:02.219757661 TCPStore.cpp:106] [c10d] sendBytes failed on SocketImpl(fd=48, addr=[kiwi.200gb]:45988, remote=[emu.200gb]:29553): Broken pipe
Exception raised from sendBytes at /__w/pytorch/pytorch/torch/csrc/distributed/c10d/Utils.hpp:758 (most recent call first):
frame #0: c10::Error::Error(c10::SourceLocation, std::__cxx11::basic_string<char, std::char_traits<char>, std::allocator<char> >) + 0xc8 (0xfb37ea73e158 in /usr/local/lib/python3.12/dist-packages/torch/lib/libc10.so)
frame #1: c10::DistError::DistError(c10::SourceLocation, std::__cxx11::basic_string<char, std::char_traits<char>, std::allocator<char> >) + 0x78 (0xfb37ea73ed48 in /usr/local/lib/python3.12/dist-packages/torch/lib/libc10.so)
frame #2: c10::DistNetworkError::DistNetworkError(c10::SourceLocation, std::__cxx11::basic_string<char, std::char_traits<char>, std::allocator<char> >) + 0x78 (0xfb37ea73f0c8 in /usr/local/lib/python3.12/dist-packages/torch/lib/libc10.so)
frame #3: <unknown function> + 0x70b77ec (0xfb38080a77ec in /usr/local/lib/python3.12/dist-packages/torch/lib/libtorch_cpu.so)
frame #4: <unknown function> + 0x70b9aa4 (0xfb38080a9aa4 in /usr/local/lib/python3.12/dist-packages/torch/lib/libtorch_cpu.so)
frame #5: <unknown function> + 0x70b9c18 (0xfb38080a9c18 in /usr/local/lib/python3.12/dist-packages/torch/lib/libtorch_cpu.so)
frame #6: c10d::TCPStore::check(std::vector<std::__cxx11::basic_string<char, std::char_traits<char>, std::allocator<char> >, std::allocator<std::__cxx11::basic_string<char, std::char_traits<char>, std::allocator<char> > > > const&) + 0x23c (0xfb38080aab1c in /usr/local/lib/python3.12/dist-packages/torch/lib/libtorch_cpu.so)
frame #7: c10d::ProcessGroupNCCL::HeartbeatMonitor::runLoop() + 0x330 (0xfb37eb687350 in /usr/local/lib/python3.12/dist-packages/torch/lib/libtorch_cuda.so)
frame #8: <unknown function> + 0xe1ae0 (0xfb389bad1ae0 in /lib/aarch64-linux-gnu/libstdc++.so.6)
frame #9: <unknown function> + 0x8582c (0xfb389c99582c in /lib/aarch64-linux-gnu/libc.so.6)
frame #10: <unknown function> + 0xeb79c (0xfb389c9fb79c in /lib/aarch64-linux-gnu/libc.so.6)

[rank1]:[W910 05:57:02.222398992 ProcessGroupNCCL.cpp:1876] [PG ID 0 PG GUID 0 Rank 1] Failed to check the "should dump" flag on TCPStore, (maybe TCPStore server has shut down too early), with error: Broken pipe
[rank1]:[W910 05:57:03.223038989 TCPStore.cpp:106] [c10d] sendBytes failed on SocketImpl(fd=48, addr=[kiwi.200gb]:45988, remote=[emu.200gb]:29553): Broken pipe
Exception raised from sendBytes at /__w/pytorch/pytorch/torch/csrc/distributed/c10d/Utils.hpp:758 (most recent call first):
frame #0: c10::Error::Error(c10::SourceLocation, std::__cxx11::basic_string<char, std::char_traits<char>, std::allocator<char> >) + 0xc8 (0xfb37ea73e158 in /usr/local/lib/python3.12/dist-packages/torch/lib/libc10.so)
frame #1: c10::DistError::DistError(c10::SourceLocation, std::__cxx11::basic_string<char, std::char_traits<char>, std::allocator<char> >) + 0x78 (0xfb37ea73ed48 in /usr/local/lib/python3.12/dist-packages/torch/lib/libc10.so)
frame #2: c10::DistNetworkError::DistNetworkError(c10::SourceLocation, std::__cxx11::basic_string<char, std::char_traits<char>, std::allocator<char> >) + 0x78 (0xfb37ea73f0c8 in /usr/local/lib/python3.12/dist-packages/torch/lib/libc10.so)
frame #3: <unknown function> + 0x70b77ec (0xfb38080a77ec in /usr/local/lib/python3.12/dist-packages/torch/lib/libtorch_cpu.so)
frame #4: <unknown function> + 0x70b9aa4 (0xfb38080a9aa4 in /usr/local/lib/python3.12/dist-packages/torch/lib/libtorch_cpu.so)
frame #5: <unknown function> + 0x70b9c18 (0xfb38080a9c18 in /usr/local/lib/python3.12/dist-packages/torch/lib/libtorch_cpu.so)
frame #6: c10d::TCPStore::check(std::vector<std::__cxx11::basic_string<char, std::char_traits<char>, std::allocator<char> >, std::allocator<std::__cxx11::basic_string<char, std::char_traits<char>, std::allocator<char> > > > const&) + 0x23c (0xfb38080aab1c in /usr/local/lib/python3.12/dist-packages/torch/lib/libtorch_cpu.so)
frame #7: c10d::ProcessGroupNCCL::HeartbeatMonitor::runLoop() + 0x330 (0xfb37eb687350 in /usr/local/lib/python3.12/dist-packages/torch/lib/libtorch_cuda.so)
frame #8: <unknown function> + 0xe1ae0 (0xfb389bad1ae0 in /lib/aarch64-linux-gnu/libstdc++.so.6)
frame #9: <unknown function> + 0x8582c (0xfb389c99582c in /lib/aarch64-linux-gnu/libc.so.6)
frame #10: <unknown function> + 0xeb79c (0xfb389c9fb79c in /lib/aarch64-linux-gnu/libc.so.6)

[rank1]:[W910 05:57:03.225308463 ProcessGroupNCCL.cpp:1876] [PG ID 0 PG GUID 0 Rank 1] Failed to check the "should dump" flag on TCPStore, (maybe TCPStore server has shut down too early), with error: Broken pipe
[rank1]:[W910 05:57:04.225791037 TCPStore.cpp:106] [c10d] sendBytes failed on SocketImpl(fd=48, addr=[kiwi.200gb]:45988, remote=[emu.200gb]:29553): Broken pipe
Exception raised from sendBytes at /__w/pytorch/pytorch/torch/csrc/distributed/c10d/Utils.hpp:758 (most recent call first):
frame #0: c10::Error::Error(c10::SourceLocation, std::__cxx11::basic_string<char, std::char_traits<char>, std::allocator<char> >) + 0xc8 (0xfb37ea73e158 in /usr/local/lib/python3.12/dist-packages/torch/lib/libc10.so)
frame #1: c10::DistError::DistError(c10::SourceLocation, std::__cxx11::basic_string<char, std::char_traits<char>, std::allocator<char> >) + 0x78 (0xfb37ea73ed48 in /usr/local/lib/python3.12/dist-packages/torch/lib/libc10.so)
frame #2: c10::DistNetworkError::DistNetworkError(c10::SourceLocation, std::__cxx11::basic_string<char, std::char_traits<char>, std::allocator<char> >) + 0x78 (0xfb37ea73f0c8 in /usr/local/lib/python3.12/dist-packages/torch/lib/libc10.so)
frame #3: <unknown function> + 0x70b77ec (0xfb38080a77ec in /usr/local/lib/python3.12/dist-packages/torch/lib/libtorch_cpu.so)
frame #4: <unknown function> + 0x70b9aa4 (0xfb38080a9aa4 in /usr/local/lib/python3.12/dist-packages/torch/lib/libtorch_cpu.so)
frame #5: <unknown function> + 0x70b9c18 (0xfb38080a9c18 in /usr/local/lib/python3.12/dist-packages/torch/lib/libtorch_cpu.so)
frame #6: c10d::TCPStore::check(std::vector<std::__cxx11::basic_string<char, std::char_traits<char>, std::allocator<char> >, std::allocator<std::__cxx11::basic_string<char, std::char_traits<char>, std::allocator<char> > > > const&) + 0x23c (0xfb38080aab1c in /usr/local/lib/python3.12/dist-packages/torch/lib/libtorch_cpu.so)
frame #7: c10d::ProcessGroupNCCL::HeartbeatMonitor::runLoop() + 0x330 (0xfb37eb687350 in /usr/local/lib/python3.12/dist-packages/torch/lib/libtorch_cuda.so)
frame #8: <unknown function> + 0xe1ae0 (0xfb389bad1ae0 in /lib/aarch64-linux-gnu/libstdc++.so.6)
frame #9: <unknown function> + 0x8582c (0xfb389c99582c in /lib/aarch64-linux-gnu/libc.so.6)
frame #10: <unknown function> + 0xeb79c (0xfb389c9fb79c in /lib/aarch64-linux-gnu/libc.so.6)

[rank1]:[W910 05:57:04.227753647 ProcessGroupNCCL.cpp:1876] [PG ID 0 PG GUID 0 Rank 1] Failed to check the "should dump" flag on TCPStore, (maybe TCPStore server has shut down too early), with error: Broken pipe
[rank1]:[W910 05:57:05.228417405 TCPStore.cpp:106] [c10d] sendBytes failed on SocketImpl(fd=48, addr=[kiwi.200gb]:45988, remote=[emu.200gb]:29553): Broken pipe
Exception raised from sendBytes at /__w/pytorch/pytorch/torch/csrc/distributed/c10d/Utils.hpp:758 (most recent call first):
frame #0: c10::Error::Error(c10::SourceLocation, std::__cxx11::basic_string<char, std::char_traits<char>, std::allocator<char> >) + 0xc8 (0xfb37ea73e158 in /usr/local/lib/python3.12/dist-packages/torch/lib/libc10.so)
frame #1: c10::DistError::DistError(c10::SourceLocation, std::__cxx11::basic_string<char, std::char_traits<char>, std::allocator<char> >) + 0x78 (0xfb37ea73ed48 in /usr/local/lib/python3.12/dist-packages/torch/lib/libc10.so)
frame #2: c10::DistNetworkError::DistNetworkError(c10::SourceLocation, std::__cxx11::basic_string<char, std::char_traits<char>, std::allocator<char> >) + 0x78 (0xfb37ea73f0c8 in /usr/local/lib/python3.12/dist-packages/torch/lib/libc10.so)
frame #3: <unknown function> + 0x70b77ec (0xfb38080a77ec in /usr/local/lib/python3.12/dist-packages/torch/lib/libtorch_cpu.so)
frame #4: <unknown function> + 0x70b9aa4 (0xfb38080a9aa4 in /usr/local/lib/python3.12/dist-packages/torch/lib/libtorch_cpu.so)
frame #5: <unknown function> + 0x70b9c18 (0xfb38080a9c18 in /usr/local/lib/python3.12/dist-packages/torch/lib/libtorch_cpu.so)
frame #6: c10d::TCPStore::check(std::vector<std::__cxx11::basic_string<char, std::char_traits<char>, std::allocator<char> >, std::allocator<std::__cxx11::basic_string<char, std::char_traits<char>, std::allocator<char> > > > const&) + 0x23c (0xfb38080aab1c in /usr/local/lib/python3.12/dist-packages/torch/lib/libtorch_cpu.so)
frame #7: c10d::ProcessGroupNCCL::HeartbeatMonitor::runLoop() + 0x330 (0xfb37eb687350 in /usr/local/lib/python3.12/dist-packages/torch/lib/libtorch_cuda.so)
frame #8: <unknown function> + 0xe1ae0 (0xfb389bad1ae0 in /lib/aarch64-linux-gnu/libstdc++.so.6)
frame #9: <unknown function> + 0x8582c (0xfb389c99582c in /lib/aarch64-linux-gnu/libc.so.6)
frame #10: <unknown function> + 0xeb79c (0xfb389c9fb79c in /lib/aarch64-linux-gnu/libc.so.6)

[rank1]:[W910 05:57:05.230547183 ProcessGroupNCCL.cpp:1876] [PG ID 0 PG GUID 0 Rank 1] Failed to check the "should dump" flag on TCPStore, (maybe TCPStore server has shut down too early), with error: Broken pipe
[rank1]:[W910 05:57:06.230783165 TCPStore.cpp:106] [c10d] sendBytes failed on SocketImpl(fd=48, addr=[kiwi.200gb]:45988, remote=[emu.200gb]:29553): Broken pipe
Exception raised from sendBytes at /__w/pytorch/pytorch/torch/csrc/distributed/c10d/Utils.hpp:758 (most recent call first):
frame #0: c10::Error::Error(c10::SourceLocation, std::__cxx11::basic_string<char, std::char_traits<char>, std::allocator<char> >) + 0xc8 (0xfb37ea73e158 in /usr/local/lib/python3.12/dist-packages/torch/lib/libc10.so)
frame #1: c10::DistError::DistError(c10::SourceLocation, std::__cxx11::basic_string<char, std::char_traits<char>, std::allocator<char> >) + 0x78 (0xfb37ea73ed48 in /usr/local/lib/python3.12/dist-packages/torch/lib/libc10.so)
frame #2: c10::DistNetworkError::DistNetworkError(c10::SourceLocation, std::__cxx11::basic_string<char, std::char_traits<char>, std::allocator<char> >) + 0x78 (0xfb37ea73f0c8 in /usr/local/lib/python3.12/dist-packages/torch/lib/libc10.so)
frame #3: <unknown function> + 0x70b77ec (0xfb38080a77ec in /usr/local/lib/python3.12/dist-packages/torch/lib/libtorch_cpu.so)
frame #4: <unknown function> + 0x70b9aa4 (0xfb38080a9aa4 in /usr/local/lib/python3.12/dist-packages/torch/lib/libtorch_cpu.so)
frame #5: <unknown function> + 0x70b9c18 (0xfb38080a9c18 in /usr/local/lib/python3.12/dist-packages/torch/lib/libtorch_cpu.so)
frame #6: c10d::TCPStore::check(std::vector<std::__cxx11::basic_string<char, std::char_traits<char>, std::allocator<char> >, std::allocator<std::__cxx11::basic_string<char, std::char_traits<char>, std::allocator<char> > > > const&) + 0x23c (0xfb38080aab1c in /usr/local/lib/python3.12/dist-packages/torch/lib/libtorch_cpu.so)
frame #7: c10d::ProcessGroupNCCL::HeartbeatMonitor::runLoop() + 0x330 (0xfb37eb687350 in /usr/local/lib/python3.12/dist-packages/torch/lib/libtorch_cuda.so)
frame #8: <unknown function> + 0xe1ae0 (0xfb389bad1ae0 in /lib/aarch64-linux-gnu/libstdc++.so.6)
frame #9: <unknown function> + 0x8582c (0xfb389c99582c in /lib/aarch64-linux-gnu/libc.so.6)
frame #10: <unknown function> + 0xeb79c (0xfb389c9fb79c in /lib/aarch64-linux-gnu/libc.so.6)

[rank1]:[W910 05:57:06.232709454 ProcessGroupNCCL.cpp:1876] [PG ID 0 PG GUID 0 Rank 1] Failed to check the "should dump" flag on TCPStore, (maybe TCPStore server has shut down too early), with error: Broken pipe
[rank1]:[W910 05:57:07.233143596 TCPStore.cpp:106] [c10d] sendBytes failed on SocketImpl(fd=48, addr=[kiwi.200gb]:45988, remote=[emu.200gb]:29553): Broken pipe
Exception raised from sendBytes at /__w/pytorch/pytorch/torch/csrc/distributed/c10d/Utils.hpp:758 (most recent call first):
frame #0: c10::Error::Error(c10::SourceLocation, std::__cxx11::basic_string<char, std::char_traits<char>, std::allocator<char> >) + 0xc8 (0xfb37ea73e158 in /usr/local/lib/python3.12/dist-packages/torch/lib/libc10.so)
frame #1: c10::DistError::DistError(c10::SourceLocation, std::__cxx11::basic_string<char, std::char_traits<char>, std::allocator<char> >) + 0x78 (0xfb37ea73ed48 in /usr/local/lib/python3.12/dist-packages/torch/lib/libc10.so)
frame #2: c10::DistNetworkError::DistNetworkError(c10::SourceLocation, std::__cxx11::basic_string<char, std::char_traits<char>, std::allocator<char> >) + 0x78 (0xfb37ea73f0c8 in /usr/local/lib/python3.12/dist-packages/torch/lib/libc10.so)
frame #3: <unknown function> + 0x70b77ec (0xfb38080a77ec in /usr/local/lib/python3.12/dist-packages/torch/lib/libtorch_cpu.so)
frame #4: <unknown function> + 0x70b9aa4 (0xfb38080a9aa4 in /usr/local/lib/python3.12/dist-packages/torch/lib/libtorch_cpu.so)
frame #5: <unknown function> + 0x70b9c18 (0xfb38080a9c18 in /usr/local/lib/python3.12/dist-packages/torch/lib/libtorch_cpu.so)
frame #6: c10d::TCPStore::check(std::vector<std::__cxx11::basic_string<char, std::char_traits<char>, std::allocator<char> >, std::allocator<std::__cxx11::basic_string<char, std::char_traits<char>, std::allocator<char> > > > const&) + 0x23c (0xfb38080aab1c in /usr/local/lib/python3.12/dist-packages/torch/lib/libtorch_cpu.so)
frame #7: c10d::ProcessGroupNCCL::HeartbeatMonitor::runLoop() + 0x330 (0xfb37eb687350 in /usr/local/lib/python3.12/dist-packages/torch/lib/libtorch_cuda.so)
frame #8: <unknown function> + 0xe1ae0 (0xfb389bad1ae0 in /lib/aarch64-linux-gnu/libstdc++.so.6)
frame #9: <unknown function> + 0x8582c (0xfb389c99582c in /lib/aarch64-linux-gnu/libc.so.6)
frame #10: <unknown function> + 0xeb79c (0xfb389c9fb79c in /lib/aarch64-linux-gnu/libc.so.6)

[rank1]:[W910 05:57:07.235271695 ProcessGroupNCCL.cpp:1876] [PG ID 0 PG GUID 0 Rank 1] Failed to check the "should dump" flag on TCPStore, (maybe TCPStore server has shut down too early), with error: Broken pipe
[rank1]:[W910 05:57:08.235510334 TCPStore.cpp:106] [c10d] sendBytes failed on SocketImpl(fd=48, addr=[kiwi.200gb]:45988, remote=[emu.200gb]:29553): Broken pipe
Exception raised from sendBytes at /__w/pytorch/pytorch/torch/csrc/distributed/c10d/Utils.hpp:758 (most recent call first):
frame #0: c10::Error::Error(c10::SourceLocation, std::__cxx11::basic_string<char, std::char_traits<char>, std::allocator<char> >) + 0xc8 (0xfb37ea73e158 in /usr/local/lib/python3.12/dist-packages/torch/lib/libc10.so)
frame #1: c10::DistError::DistError(c10::SourceLocation, std::__cxx11::basic_string<char, std::char_traits<char>, std::allocator<char> >) + 0x78 (0xfb37ea73ed48 in /usr/local/lib/python3.12/dist-packages/torch/lib/libc10.so)
frame #2: c10::DistNetworkError::DistNetworkError(c10::SourceLocation, std::__cxx11::basic_string<char, std::char_traits<char>, std::allocator<char> >) + 0x78 (0xfb37ea73f0c8 in /usr/local/lib/python3.12/dist-packages/torch/lib/libc10.so)
frame #3: <unknown function> + 0x70b77ec (0xfb38080a77ec in /usr/local/lib/python3.12/dist-packages/torch/lib/libtorch_cpu.so)
frame #4: <unknown function> + 0x70b9aa4 (0xfb38080a9aa4 in /usr/local/lib/python3.12/dist-packages/torch/lib/libtorch_cpu.so)
frame #5: <unknown function> + 0x70b9c18 (0xfb38080a9c18 in /usr/local/lib/python3.12/dist-packages/torch/lib/libtorch_cpu.so)
frame #6: c10d::TCPStore::check(std::vector<std::__cxx11::basic_string<char, std::char_traits<char>, std::allocator<char> >, std::allocator<std::__cxx11::basic_string<char, std::char_traits<char>, std::allocator<char> > > > const&) + 0x23c (0xfb38080aab1c in /usr/local/lib/python3.12/dist-packages/torch/lib/libtorch_cpu.so)
frame #7: c10d::ProcessGroupNCCL::HeartbeatMonitor::runLoop() + 0x330 (0xfb37eb687350 in /usr/local/lib/python3.12/dist-packages/torch/lib/libtorch_cuda.so)
frame #8: <unknown function> + 0xe1ae0 (0xfb389bad1ae0 in /lib/aarch64-linux-gnu/libstdc++.so.6)
frame #9: <unknown function> + 0x8582c (0xfb389c99582c in /lib/aarch64-linux-gnu/libc.so.6)
frame #10: <unknown function> + 0xeb79c (0xfb389c9fb79c in /lib/aarch64-linux-gnu/libc.so.6)

[rank1]:[W910 05:57:08.237438016 ProcessGroupNCCL.cpp:1876] [PG ID 0 PG GUID 0 Rank 1] Failed to check the "should dump" flag on TCPStore, (maybe TCPStore server has shut down too early), with error: Broken pipe
[rank1]:[W910 05:57:09.237559550 TCPStore.cpp:106] [c10d] sendBytes failed on SocketImpl(fd=48, addr=[kiwi.200gb]:45988, remote=[emu.200gb]:29553): Broken pipe
Exception raised from sendBytes at /__w/pytorch/pytorch/torch/csrc/distributed/c10d/Utils.hpp:758 (most recent call first):
frame #0: c10::Error::Error(c10::SourceLocation, std::__cxx11::basic_string<char, std::char_traits<char>, std::allocator<char> >) + 0xc8 (0xfb37ea73e158 in /usr/local/lib/python3.12/dist-packages/torch/lib/libc10.so)
frame #1: c10::DistError::DistError(c10::SourceLocation, std::__cxx11::basic_string<char, std::char_traits<char>, std::allocator<char> >) + 0x78 (0xfb37ea73ed48 in /usr/local/lib/python3.12/dist-packages/torch/lib/libc10.so)
frame #2: c10::DistNetworkError::DistNetworkError(c10::SourceLocation, std::__cxx11::basic_string<char, std::char_traits<char>, std::allocator<char> >) + 0x78 (0xfb37ea73f0c8 in /usr/local/lib/python3.12/dist-packages/torch/lib/libc10.so)
frame #3: <unknown function> + 0x70b77ec (0xfb38080a77ec in /usr/local/lib/python3.12/dist-packages/torch/lib/libtorch_cpu.so)
frame #4: <unknown function> + 0x70b9aa4 (0xfb38080a9aa4 in /usr/local/lib/python3.12/dist-packages/torch/lib/libtorch_cpu.so)
frame #5: <unknown function> + 0x70b9c18 (0xfb38080a9c18 in /usr/local/lib/python3.12/dist-packages/torch/lib/libtorch_cpu.so)
frame #6: c10d::TCPStore::check(std::vector<std::__cxx11::basic_string<char, std::char_traits<char>, std::allocator<char> >, std::allocator<std::__cxx11::basic_string<char, std::char_traits<char>, std::allocator<char> > > > const&) + 0x23c (0xfb38080aab1c in /usr/local/lib/python3.12/dist-packages/torch/lib/libtorch_cpu.so)
frame #7: c10d::ProcessGroupNCCL::HeartbeatMonitor::runLoop() + 0x330 (0xfb37eb687350 in /usr/local/lib/python3.12/dist-packages/torch/lib/libtorch_cuda.so)
frame #8: <unknown function> + 0xe1ae0 (0xfb389bad1ae0 in /lib/aarch64-linux-gnu/libstdc++.so.6)
frame #9: <unknown function> + 0x8582c (0xfb389c99582c in /lib/aarch64-linux-gnu/libc.so.6)
frame #10: <unknown function> + 0xeb79c (0xfb389c9fb79c in /lib/aarch64-linux-gnu/libc.so.6)

[rank1]:[W910 05:57:09.239465904 ProcessGroupNCCL.cpp:1876] [PG ID 0 PG GUID 0 Rank 1] Failed to check the "should dump" flag on TCPStore, (maybe TCPStore server has shut down too early), with error: Broken pipe
[rank1]:[W910 05:57:10.239693312 TCPStore.cpp:106] [c10d] sendBytes failed on SocketImpl(fd=48, addr=[kiwi.200gb]:45988, remote=[emu.200gb]:29553): Broken pipe
Exception raised from sendBytes at /__w/pytorch/pytorch/torch/csrc/distributed/c10d/Utils.hpp:758 (most recent call first):
frame #0: c10::Error::Error(c10::SourceLocation, std::__cxx11::basic_string<char, std::char_traits<char>, std::allocator<char> >) + 0xc8 (0xfb37ea73e158 in /usr/local/lib/python3.12/dist-packages/torch/lib/libc10.so)
frame #1: c10::DistError::DistError(c10::SourceLocation, std::__cxx11::basic_string<char, std::char_traits<char>, std::allocator<char> >) + 0x78 (0xfb37ea73ed48 in /usr/local/lib/python3.12/dist-packages/torch/lib/libc10.so)
frame #2: c10::DistNetworkError::DistNetworkError(c10::SourceLocation, std::__cxx11::basic_string<char, std::char_traits<char>, std::allocator<char> >) + 0x78 (0xfb37ea73f0c8 in /usr/local/lib/python3.12/dist-packages/torch/lib/libc10.so)
frame #3: <unknown function> + 0x70b77ec (0xfb38080a77ec in /usr/local/lib/python3.12/dist-packages/torch/lib/libtorch_cpu.so)
frame #4: <unknown function> + 0x70b9aa4 (0xfb38080a9aa4 in /usr/local/lib/python3.12/dist-packages/torch/lib/libtorch_cpu.so)
frame #5: <unknown function> + 0x70b9c18 (0xfb38080a9c18 in /usr/local/lib/python3.12/dist-packages/torch/lib/libtorch_cpu.so)
frame #6: c10d::TCPStore::check(std::vector<std::__cxx11::basic_string<char, std::char_traits<char>, std::allocator<char> >, std::allocator<std::__cxx11::basic_string<char, std::char_traits<char>, std::allocator<char> > > > const&) + 0x23c (0xfb38080aab1c in /usr/local/lib/python3.12/dist-packages/torch/lib/libtorch_cpu.so)
frame #7: c10d::ProcessGroupNCCL::HeartbeatMonitor::runLoop() + 0x330 (0xfb37eb687350 in /usr/local/lib/python3.12/dist-packages/torch/lib/libtorch_cuda.so)
frame #8: <unknown function> + 0xe1ae0 (0xfb389bad1ae0 in /lib/aarch64-linux-gnu/libstdc++.so.6)
frame #9: <unknown function> + 0x8582c (0xfb389c99582c in /lib/aarch64-linux-gnu/libc.so.6)
frame #10: <unknown function> + 0xeb79c (0xfb389c9fb79c in /lib/aarch64-linux-gnu/libc.so.6)

[rank1]:[W910 05:57:10.241983650 ProcessGroupNCCL.cpp:1876] [PG ID 0 PG GUID 0 Rank 1] Failed to check the "should dump" flag on TCPStore, (maybe TCPStore server has shut down too early), with error: Broken pipe
[rank1]:[W910 05:57:11.242106177 TCPStore.cpp:106] [c10d] sendBytes failed on SocketImpl(fd=48, addr=[kiwi.200gb]:45988, remote=[emu.200gb]:29553): Broken pipe
Exception raised from sendBytes at /__w/pytorch/pytorch/torch/csrc/distributed/c10d/Utils.hpp:758 (most recent call first):
frame #0: c10::Error::Error(c10::SourceLocation, std::__cxx11::basic_string<char, std::char_traits<char>, std::allocator<char> >) + 0xc8 (0xfb37ea73e158 in /usr/local/lib/python3.12/dist-packages/torch/lib/libc10.so)
frame #1: c10::DistError::DistError(c10::SourceLocation, std::__cxx11::basic_string<char, std::char_traits<char>, std::allocator<char> >) + 0x78 (0xfb37ea73ed48 in /usr/local/lib/python3.12/dist-packages/torch/lib/libc10.so)
frame #2: c10::DistNetworkError::DistNetworkError(c10::SourceLocation, std::__cxx11::basic_string<char, std::char_traits<char>, std::allocator<char> >) + 0x78 (0xfb37ea73f0c8 in /usr/local/lib/python3.12/dist-packages/torch/lib/libc10.so)
frame #3: <unknown function> + 0x70b77ec (0xfb38080a77ec in /usr/local/lib/python3.12/dist-packages/torch/lib/libtorch_cpu.so)
frame #4: <unknown function> + 0x70b9aa4 (0xfb38080a9aa4 in /usr/local/lib/python3.12/dist-packages/torch/lib/libtorch_cpu.so)
frame #5: <unknown function> + 0x70b9c18 (0xfb38080a9c18 in /usr/local/lib/python3.12/dist-packages/torch/lib/libtorch_cpu.so)
frame #6: c10d::TCPStore::check(std::vector<std::__cxx11::basic_string<char, std::char_traits<char>, std::allocator<char> >, std::allocator<std::__cxx11::basic_string<char, std::char_traits<char>, std::allocator<char> > > > const&) + 0x23c (0xfb38080aab1c in /usr/local/lib/python3.12/dist-packages/torch/lib/libtorch_cpu.so)
frame #7: c10d::ProcessGroupNCCL::HeartbeatMonitor::runLoop() + 0x330 (0xfb37eb687350 in /usr/local/lib/python3.12/dist-packages/torch/lib/libtorch_cuda.so)
frame #8: <unknown function> + 0xe1ae0 (0xfb389bad1ae0 in /lib/aarch64-linux-gnu/libstdc++.so.6)
frame #9: <unknown function> + 0x8582c (0xfb389c99582c in /lib/aarch64-linux-gnu/libc.so.6)
frame #10: <unknown function> + 0xeb79c (0xfb389c9fb79c in /lib/aarch64-linux-gnu/libc.so.6)

[rank1]:[W910 05:57:11.244010147 ProcessGroupNCCL.cpp:1876] [PG ID 0 PG GUID 0 Rank 1] Failed to check the "should dump" flag on TCPStore, (maybe TCPStore server has shut down too early), with error: Broken pipe
[rank1]:[W910 05:57:12.244449939 TCPStore.cpp:106] [c10d] sendBytes failed on SocketImpl(fd=48, addr=[kiwi.200gb]:45988, remote=[emu.200gb]:29553): Broken pipe
Exception raised from sendBytes at /__w/pytorch/pytorch/torch/csrc/distributed/c10d/Utils.hpp:758 (most recent call first):
frame #0: c10::Error::Error(c10::SourceLocation, std::__cxx11::basic_string<char, std::char_traits<char>, std::allocator<char> >) + 0xc8 (0xfb37ea73e158 in /usr/local/lib/python3.12/dist-packages/torch/lib/libc10.so)
frame #1: c10::DistError::DistError(c10::SourceLocation, std::__cxx11::basic_string<char, std::char_traits<char>, std::allocator<char> >) + 0x78 (0xfb37ea73ed48 in /usr/local/lib/python3.12/dist-packages/torch/lib/libc10.so)
frame #2: c10::DistNetworkError::DistNetworkError(c10::SourceLocation, std::__cxx11::basic_string<char, std::char_traits<char>, std::allocator<char> >) + 0x78 (0xfb37ea73f0c8 in /usr/local/lib/python3.12/dist-packages/torch/lib/libc10.so)
frame #3: <unknown function> + 0x70b77ec (0xfb38080a77ec in /usr/local/lib/python3.12/dist-packages/torch/lib/libtorch_cpu.so)
frame #4: <unknown function> + 0x70b9aa4 (0xfb38080a9aa4 in /usr/local/lib/python3.12/dist-packages/torch/lib/libtorch_cpu.so)
frame #5: <unknown function> + 0x70b9c18 (0xfb38080a9c18 in /usr/local/lib/python3.12/dist-packages/torch/lib/libtorch_cpu.so)
frame #6: c10d::TCPStore::check(std::vector<std::__cxx11::basic_string<char, std::char_traits<char>, std::allocator<char> >, std::allocator<std::__cxx11::basic_string<char, std::char_traits<char>, std::allocator<char> > > > const&) + 0x23c (0xfb38080aab1c in /usr/local/lib/python3.12/dist-packages/torch/lib/libtorch_cpu.so)
frame #7: c10d::ProcessGroupNCCL::HeartbeatMonitor::runLoop() + 0x330 (0xfb37eb687350 in /usr/local/lib/python3.12/dist-packages/torch/lib/libtorch_cuda.so)
frame #8: <unknown function> + 0xe1ae0 (0xfb389bad1ae0 in /lib/aarch64-linux-gnu/libstdc++.so.6)
frame #9: <unknown function> + 0x8582c (0xfb389c99582c in /lib/aarch64-linux-gnu/libc.so.6)
frame #10: <unknown function> + 0xeb79c (0xfb389c9fb79c in /lib/aarch64-linux-gnu/libc.so.6)

[rank1]:[W910 05:57:12.246396485 ProcessGroupNCCL.cpp:1876] [PG ID 0 PG GUID 0 Rank 1] Failed to check the "should dump" flag on TCPStore, (maybe TCPStore server has shut down too early), with error: Broken pipe
[rank1]:[W910 05:57:13.246528406 TCPStore.cpp:106] [c10d] sendBytes failed on SocketImpl(fd=48, addr=[kiwi.200gb]:45988, remote=[emu.200gb]:29553): Broken pipe
Exception raised from sendBytes at /__w/pytorch/pytorch/torch/csrc/distributed/c10d/Utils.hpp:758 (most recent call first):
frame #0: c10::Error::Error(c10::SourceLocation, std::__cxx11::basic_string<char, std::char_traits<char>, std::allocator<char> >) + 0xc8 (0xfb37ea73e158 in /usr/local/lib/python3.12/dist-packages/torch/lib/libc10.so)
frame #1: c10::DistError::DistError(c10::SourceLocation, std::__cxx11::basic_string<char, std::char_traits<char>, std::allocator<char> >) + 0x78 (0xfb37ea73ed48 in /usr/local/lib/python3.12/dist-packages/torch/lib/libc10.so)
frame #2: c10::DistNetworkError::DistNetworkError(c10::SourceLocation, std::__cxx11::basic_string<char, std::char_traits<char>, std::allocator<char> >) + 0x78 (0xfb37ea73f0c8 in /usr/local/lib/python3.12/dist-packages/torch/lib/libc10.so)
frame #3: <unknown function> + 0x70b77ec (0xfb38080a77ec in /usr/local/lib/python3.12/dist-packages/torch/lib/libtorch_cpu.so)
frame #4: <unknown function> + 0x70b9aa4 (0xfb38080a9aa4 in /usr/local/lib/python3.12/dist-packages/torch/lib/libtorch_cpu.so)
frame #5: <unknown function> + 0x70b9c18 (0xfb38080a9c18 in /usr/local/lib/python3.12/dist-packages/torch/lib/libtorch_cpu.so)
frame #6: c10d::TCPStore::check(std::vector<std::__cxx11::basic_string<char, std::char_traits<char>, std::allocator<char> >, std::allocator<std::__cxx11::basic_string<char, std::char_traits<char>, std::allocator<char> > > > const&) + 0x23c (0xfb38080aab1c in /usr/local/lib/python3.12/dist-packages/torch/lib/libtorch_cpu.so)
frame #7: c10d::ProcessGroupNCCL::HeartbeatMonitor::runLoop() + 0x330 (0xfb37eb687350 in /usr/local/lib/python3.12/dist-packages/torch/lib/libtorch_cuda.so)
frame #8: <unknown function> + 0xe1ae0 (0xfb389bad1ae0 in /lib/aarch64-linux-gnu/libstdc++.so.6)
frame #9: <unknown function> + 0x8582c (0xfb389c99582c in /lib/aarch64-linux-gnu/libc.so.6)
frame #10: <unknown function> + 0xeb79c (0xfb389c9fb79c in /lib/aarch64-linux-gnu/libc.so.6)

[rank1]:[W910 05:57:13.248289240 ProcessGroupNCCL.cpp:1876] [PG ID 0 PG GUID 0 Rank 1] Failed to check the "should dump" flag on TCPStore, (maybe TCPStore server has shut down too early), with error: Broken pipe
[rank1]:[W910 05:57:14.248860825 TCPStore.cpp:106] [c10d] sendBytes failed on SocketImpl(fd=48, addr=[kiwi.200gb]:45988, remote=[emu.200gb]:29553): Broken pipe
Exception raised from sendBytes at /__w/pytorch/pytorch/torch/csrc/distributed/c10d/Utils.hpp:758 (most recent call first):
frame #0: c10::Error::Error(c10::SourceLocation, std::__cxx11::basic_string<char, std::char_traits<char>, std::allocator<char> >) + 0xc8 (0xfb37ea73e158 in /usr/local/lib/python3.12/dist-packages/torch/lib/libc10.so)
frame #1: c10::DistError::DistError(c10::SourceLocation, std::__cxx11::basic_string<char, std::char_traits<char>, std::allocator<char> >) + 0x78 (0xfb37ea73ed48 in /usr/local/lib/python3.12/dist-packages/torch/lib/libc10.so)
frame #2: c10::DistNetworkError::DistNetworkError(c10::SourceLocation, std::__cxx11::basic_string<char, std::char_traits<char>, std::allocator<char> >) + 0x78 (0xfb37ea73f0c8 in /usr/local/lib/python3.12/dist-packages/torch/lib/libc10.so)
frame #3: <unknown function> + 0x70b77ec (0xfb38080a77ec in /usr/local/lib/python3.12/dist-packages/torch/lib/libtorch_cpu.so)
frame #4: <unknown function> + 0x70b9aa4 (0xfb38080a9aa4 in /usr/local/lib/python3.12/dist-packages/torch/lib/libtorch_cpu.so)
frame #5: <unknown function> + 0x70b9c18 (0xfb38080a9c18 in /usr/local/lib/python3.12/dist-packages/torch/lib/libtorch_cpu.so)
frame #6: c10d::TCPStore::check(std::vector<std::__cxx11::basic_string<char, std::char_traits<char>, std::allocator<char> >, std::allocator<std::__cxx11::basic_string<char, std::char_traits<char>, std::allocator<char> > > > const&) + 0x23c (0xfb38080aab1c in /usr/local/lib/python3.12/dist-packages/torch/lib/libtorch_cpu.so)
frame #7: c10d::ProcessGroupNCCL::HeartbeatMonitor::runLoop() + 0x330 (0xfb37eb687350 in /usr/local/lib/python3.12/dist-packages/torch/lib/libtorch_cuda.so)
frame #8: <unknown function> + 0xe1ae0 (0xfb389bad1ae0 in /lib/aarch64-linux-gnu/libstdc++.so.6)
frame #9: <unknown function> + 0x8582c (0xfb389c99582c in /lib/aarch64-linux-gnu/libc.so.6)
frame #10: <unknown function> + 0xeb79c (0xfb389c9fb79c in /lib/aarch64-linux-gnu/libc.so.6)

[rank1]:[W910 05:57:14.250807595 ProcessGroupNCCL.cpp:1876] [PG ID 0 PG GUID 0 Rank 1] Failed to check the "should dump" flag on TCPStore, (maybe TCPStore server has shut down too early), with error: Broken pipe
[rank1]:[W910 05:57:15.251416637 TCPStore.cpp:106] [c10d] sendBytes failed on SocketImpl(fd=48, addr=[kiwi.200gb]:45988, remote=[emu.200gb]:29553): Broken pipe
Exception raised from sendBytes at /__w/pytorch/pytorch/torch/csrc/distributed/c10d/Utils.hpp:758 (most recent call first):
frame #0: c10::Error::Error(c10::SourceLocation, std::__cxx11::basic_string<char, std::char_traits<char>, std::allocator<char> >) + 0xc8 (0xfb37ea73e158 in /usr/local/lib/python3.12/dist-packages/torch/lib/libc10.so)
frame #1: c10::DistError::DistError(c10::SourceLocation, std::__cxx11::basic_string<char, std::char_traits<char>, std::allocator<char> >) + 0x78 (0xfb37ea73ed48 in /usr/local/lib/python3.12/dist-packages/torch/lib/libc10.so)
frame #2: c10::DistNetworkError::DistNetworkError(c10::SourceLocation, std::__cxx11::basic_string<char, std::char_traits<char>, std::allocator<char> >) + 0x78 (0xfb37ea73f0c8 in /usr/local/lib/python3.12/dist-packages/torch/lib/libc10.so)
frame #3: <unknown function> + 0x70b77ec (0xfb38080a77ec in /usr/local/lib/python3.12/dist-packages/torch/lib/libtorch_cpu.so)
frame #4: <unknown function> + 0x70b9aa4 (0xfb38080a9aa4 in /usr/local/lib/python3.12/dist-packages/torch/lib/libtorch_cpu.so)
frame #5: <unknown function> + 0x70b9c18 (0xfb38080a9c18 in /usr/local/lib/python3.12/dist-packages/torch/lib/libtorch_cpu.so)
frame #6: c10d::TCPStore::check(std::vector<std::__cxx11::basic_string<char, std::char_traits<char>, std::allocator<char> >, std::allocator<std::__cxx11::basic_string<char, std::char_traits<char>, std::allocator<char> > > > const&) + 0x23c (0xfb38080aab1c in /usr/local/lib/python3.12/dist-packages/torch/lib/libtorch_cpu.so)
frame #7: c10d::ProcessGroupNCCL::HeartbeatMonitor::runLoop() + 0x330 (0xfb37eb687350 in /usr/local/lib/python3.12/dist-packages/torch/lib/libtorch_cuda.so)
frame #8: <unknown function> + 0xe1ae0 (0xfb389bad1ae0 in /lib/aarch64-linux-gnu/libstdc++.so.6)
frame #9: <unknown function> + 0x8582c (0xfb389c99582c in /lib/aarch64-linux-gnu/libc.so.6)
frame #10: <unknown function> + 0xeb79c (0xfb389c9fb79c in /lib/aarch64-linux-gnu/libc.so.6)

[rank1]:[W910 05:57:15.253219775 ProcessGroupNCCL.cpp:1876] [PG ID 0 PG GUID 0 Rank 1] Failed to check the "should dump" flag on TCPStore, (maybe TCPStore server has shut down too early), with error: Broken pipe
[rank1]:[W910 05:57:16.253586720 TCPStore.cpp:106] [c10d] sendBytes failed on SocketImpl(fd=48, addr=[kiwi.200gb]:45988, remote=[emu.200gb]:29553): Broken pipe
Exception raised from sendBytes at /__w/pytorch/pytorch/torch/csrc/distributed/c10d/Utils.hpp:758 (most recent call first):
frame #0: c10::Error::Error(c10::SourceLocation, std::__cxx11::basic_string<char, std::char_traits<char>, std::allocator<char> >) + 0xc8 (0xfb37ea73e158 in /usr/local/lib/python3.12/dist-packages/torch/lib/libc10.so)
frame #1: c10::DistError::DistError(c10::SourceLocation, std::__cxx11::basic_string<char, std::char_traits<char>, std::allocator<char> >) + 0x78 (0xfb37ea73ed48 in /usr/local/lib/python3.12/dist-packages/torch/lib/libc10.so)
frame #2: c10::DistNetworkError::DistNetworkError(c10::SourceLocation, std::__cxx11::basic_string<char, std::char_traits<char>, std::allocator<char> >) + 0x78 (0xfb37ea73f0c8 in /usr/local/lib/python3.12/dist-packages/torch/lib/libc10.so)
frame #3: <unknown function> + 0x70b77ec (0xfb38080a77ec in /usr/local/lib/python3.12/dist-packages/torch/lib/libtorch_cpu.so)
frame #4: <unknown function> + 0x70b9aa4 (0xfb38080a9aa4 in /usr/local/lib/python3.12/dist-packages/torch/lib/libtorch_cpu.so)
frame #5: <unknown function> + 0x70b9c18 (0xfb38080a9c18 in /usr/local/lib/python3.12/dist-packages/torch/lib/libtorch_cpu.so)
frame #6: c10d::TCPStore::check(std::vector<std::__cxx11::basic_string<char, std::char_traits<char>, std::allocator<char> >, std::allocator<std::__cxx11::basic_string<char, std::char_traits<char>, std::allocator<char> > > > const&) + 0x23c (0xfb38080aab1c in /usr/local/lib/python3.12/dist-packages/torch/lib/libtorch_cpu.so)
frame #7: c10d::ProcessGroupNCCL::HeartbeatMonitor::runLoop() + 0x330 (0xfb37eb687350 in /usr/local/lib/python3.12/dist-packages/torch/lib/libtorch_cuda.so)
frame #8: <unknown function> + 0xe1ae0 (0xfb389bad1ae0 in /lib/aarch64-linux-gnu/libstdc++.so.6)
frame #9: <unknown function> + 0x8582c (0xfb389c99582c in /lib/aarch64-linux-gnu/libc.so.6)
frame #10: <unknown function> + 0xeb79c (0xfb389c9fb79c in /lib/aarch64-linux-gnu/libc.so.6)

[rank1]:[W910 05:57:16.255303442 ProcessGroupNCCL.cpp:1876] [PG ID 0 PG GUID 0 Rank 1] Failed to check the "should dump" flag on TCPStore, (maybe TCPStore server has shut down too early), with error: Broken pipe
[rank1]:[W910 05:57:17.255933700 TCPStore.cpp:106] [c10d] sendBytes failed on SocketImpl(fd=48, addr=[kiwi.200gb]:45988, remote=[emu.200gb]:29553): Broken pipe
Exception raised from sendBytes at /__w/pytorch/pytorch/torch/csrc/distributed/c10d/Utils.hpp:758 (most recent call first):
frame #0: c10::Error::Error(c10::SourceLocation, std::__cxx11::basic_string<char, std::char_traits<char>, std::allocator<char> >) + 0xc8 (0xfb37ea73e158 in /usr/local/lib/python3.12/dist-packages/torch/lib/libc10.so)
frame #1: c10::DistError::DistError(c10::SourceLocation, std::__cxx11::basic_string<char, std::char_traits<char>, std::allocator<char> >) + 0x78 (0xfb37ea73ed48 in /usr/local/lib/python3.12/dist-packages/torch/lib/libc10.so)
frame #2: c10::DistNetworkError::DistNetworkError(c10::SourceLocation, std::__cxx11::basic_string<char, std::char_traits<char>, std::allocator<char> >) + 0x78 (0xfb37ea73f0c8 in /usr/local/lib/python3.12/dist-packages/torch/lib/libc10.so)
frame #3: <unknown function> + 0x70b77ec (0xfb38080a77ec in /usr/local/lib/python3.12/dist-packages/torch/lib/libtorch_cpu.so)
frame #4: <unknown function> + 0x70b9aa4 (0xfb38080a9aa4 in /usr/local/lib/python3.12/dist-packages/torch/lib/libtorch_cpu.so)
frame #5: <unknown function> + 0x70b9c18 (0xfb38080a9c18 in /usr/local/lib/python3.12/dist-packages/torch/lib/libtorch_cpu.so)
frame #6: c10d::TCPStore::check(std::vector<std::__cxx11::basic_string<char, std::char_traits<char>, std::allocator<char> >, std::allocator<std::__cxx11::basic_string<char, std::char_traits<char>, std::allocator<char> > > > const&) + 0x23c (0xfb38080aab1c in /usr/local/lib/python3.12/dist-packages/torch/lib/libtorch_cpu.so)
frame #7: c10d::ProcessGroupNCCL::HeartbeatMonitor::runLoop() + 0x330 (0xfb37eb687350 in /usr/local/lib/python3.12/dist-packages/torch/lib/libtorch_cuda.so)
frame #8: <unknown function> + 0xe1ae0 (0xfb389bad1ae0 in /lib/aarch64-linux-gnu/libstdc++.so.6)
frame #9: <unknown function> + 0x8582c (0xfb389c99582c in /lib/aarch64-linux-gnu/libc.so.6)
frame #10: <unknown function> + 0xeb79c (0xfb389c9fb79c in /lib/aarch64-linux-gnu/libc.so.6)

[rank1]:[W910 05:57:17.258798695 ProcessGroupNCCL.cpp:1876] [PG ID 0 PG GUID 0 Rank 1] Failed to check the "should dump" flag on TCPStore, (maybe TCPStore server has shut down too early), with error: Broken pipe
[rank1]:[W910 05:57:18.258927657 TCPStore.cpp:106] [c10d] sendBytes failed on SocketImpl(fd=48, addr=[kiwi.200gb]:45988, remote=[emu.200gb]:29553): Broken pipe
Exception raised from sendBytes at /__w/pytorch/pytorch/torch/csrc/distributed/c10d/Utils.hpp:758 (most recent call first):
frame #0: c10::Error::Error(c10::SourceLocation, std::__cxx11::basic_string<char, std::char_traits<char>, std::allocator<char> >) + 0xc8 (0xfb37ea73e158 in /usr/local/lib/python3.12/dist-packages/torch/lib/libc10.so)
frame #1: c10::DistError::DistError(c10::SourceLocation, std::__cxx11::basic_string<char, std::char_traits<char>, std::allocator<char> >) + 0x78 (0xfb37ea73ed48 in /usr/local/lib/python3.12/dist-packages/torch/lib/libc10.so)
frame #2: c10::DistNetworkError::DistNetworkError(c10::SourceLocation, std::__cxx11::basic_string<char, std::char_traits<char>, std::allocator<char> >) + 0x78 (0xfb37ea73f0c8 in /usr/local/lib/python3.12/dist-packages/torch/lib/libc10.so)
frame #3: <unknown function> + 0x70b77ec (0xfb38080a77ec in /usr/local/lib/python3.12/dist-packages/torch/lib/libtorch_cpu.so)
frame #4: <unknown function> + 0x70b9aa4 (0xfb38080a9aa4 in /usr/local/lib/python3.12/dist-packages/torch/lib/libtorch_cpu.so)
frame #5: <unknown function> + 0x70b9c18 (0xfb38080a9c18 in /usr/local/lib/python3.12/dist-packages/torch/lib/libtorch_cpu.so)
frame #6: c10d::TCPStore::check(std::vector<std::__cxx11::basic_string<char, std::char_traits<char>, std::allocator<char> >, std::allocator<std::__cxx11::basic_string<char, std::char_traits<char>, std::allocator<char> > > > const&) + 0x23c (0xfb38080aab1c in /usr/local/lib/python3.12/dist-packages/torch/lib/libtorch_cpu.so)
frame #7: c10d::ProcessGroupNCCL::HeartbeatMonitor::runLoop() + 0x330 (0xfb37eb687350 in /usr/local/lib/python3.12/dist-packages/torch/lib/libtorch_cuda.so)
frame #8: <unknown function> + 0xe1ae0 (0xfb389bad1ae0 in /lib/aarch64-linux-gnu/libstdc++.so.6)
frame #9: <unknown function> + 0x8582c (0xfb389c99582c in /lib/aarch64-linux-gnu/libc.so.6)
frame #10: <unknown function> + 0xeb79c (0xfb389c9fb79c in /lib/aarch64-linux-gnu/libc.so.6)

[rank1]:[W910 05:57:18.260534779 ProcessGroupNCCL.cpp:1876] [PG ID 0 PG GUID 0 Rank 1] Failed to check the "should dump" flag on TCPStore, (maybe TCPStore server has shut down too early), with error: Broken pipe
[rank1]:[W910 05:57:19.261156574 TCPStore.cpp:106] [c10d] sendBytes failed on SocketImpl(fd=48, addr=[kiwi.200gb]:45988, remote=[emu.200gb]:29553): Broken pipe
Exception raised from sendBytes at /__w/pytorch/pytorch/torch/csrc/distributed/c10d/Utils.hpp:758 (most recent call first):
frame #0: c10::Error::Error(c10::SourceLocation, std::__cxx11::basic_string<char, std::char_traits<char>, std::allocator<char> >) + 0xc8 (0xfb37ea73e158 in /usr/local/lib/python3.12/dist-packages/torch/lib/libc10.so)
frame #1: c10::DistError::DistError(c10::SourceLocation, std::__cxx11::basic_string<char, std::char_traits<char>, std::allocator<char> >) + 0x78 (0xfb37ea73ed48 in /usr/local/lib/python3.12/dist-packages/torch/lib/libc10.so)
frame #2: c10::DistNetworkError::DistNetworkError(c10::SourceLocation, std::__cxx11::basic_string<char, std::char_traits<char>, std::allocator<char> >) + 0x78 (0xfb37ea73f0c8 in /usr/local/lib/python3.12/dist-packages/torch/lib/libc10.so)
frame #3: <unknown function> + 0x70b77ec (0xfb38080a77ec in /usr/local/lib/python3.12/dist-packages/torch/lib/libtorch_cpu.so)
frame #4: <unknown function> + 0x70b9aa4 (0xfb38080a9aa4 in /usr/local/lib/python3.12/dist-packages/torch/lib/libtorch_cpu.so)
frame #5: <unknown function> + 0x70b9c18 (0xfb38080a9c18 in /usr/local/lib/python3.12/dist-packages/torch/lib/libtorch_cpu.so)
frame #6: c10d::TCPStore::check(std::vector<std::__cxx11::basic_string<char, std::char_traits<char>, std::allocator<char> >, std::allocator<std::__cxx11::basic_string<char, std::char_traits<char>, std::allocator<char> > > > const&) + 0x23c (0xfb38080aab1c in /usr/local/lib/python3.12/dist-packages/torch/lib/libtorch_cpu.so)
frame #7: c10d::ProcessGroupNCCL::HeartbeatMonitor::runLoop() + 0x330 (0xfb37eb687350 in /usr/local/lib/python3.12/dist-packages/torch/lib/libtorch_cuda.so)
frame #8: <unknown function> + 0xe1ae0 (0xfb389bad1ae0 in /lib/aarch64-linux-gnu/libstdc++.so.6)
frame #9: <unknown function> + 0x8582c (0xfb389c99582c in /lib/aarch64-linux-gnu/libc.so.6)
frame #10: <unknown function> + 0xeb79c (0xfb389c9fb79c in /lib/aarch64-linux-gnu/libc.so.6)

[rank1]:[W910 05:57:19.263521441 ProcessGroupNCCL.cpp:1876] [PG ID 0 PG GUID 0 Rank 1] Failed to check the "should dump" flag on TCPStore, (maybe TCPStore server has shut down too early), with error: Broken pipe
[rank1]:[W910 05:57:20.264112021 TCPStore.cpp:106] [c10d] sendBytes failed on SocketImpl(fd=48, addr=[kiwi.200gb]:45988, remote=[emu.200gb]:29553): Broken pipe
Exception raised from sendBytes at /__w/pytorch/pytorch/torch/csrc/distributed/c10d/Utils.hpp:758 (most recent call first):
frame #0: c10::Error::Error(c10::SourceLocation, std::__cxx11::basic_string<char, std::char_traits<char>, std::allocator<char> >) + 0xc8 (0xfb37ea73e158 in /usr/local/lib/python3.12/dist-packages/torch/lib/libc10.so)
frame #1: c10::DistError::DistError(c10::SourceLocation, std::__cxx11::basic_string<char, std::char_traits<char>, std::allocator<char> >) + 0x78 (0xfb37ea73ed48 in /usr/local/lib/python3.12/dist-packages/torch/lib/libc10.so)
frame #2: c10::DistNetworkError::DistNetworkError(c10::SourceLocation, std::__cxx11::basic_string<char, std::char_traits<char>, std::allocator<char> >) + 0x78 (0xfb37ea73f0c8 in /usr/local/lib/python3.12/dist-packages/torch/lib/libc10.so)
frame #3: <unknown function> + 0x70b77ec (0xfb38080a77ec in /usr/local/lib/python3.12/dist-packages/torch/lib/libtorch_cpu.so)
frame #4: <unknown function> + 0x70b9aa4 (0xfb38080a9aa4 in /usr/local/lib/python3.12/dist-packages/torch/lib/libtorch_cpu.so)
frame #5: <unknown function> + 0x70b9c18 (0xfb38080a9c18 in /usr/local/lib/python3.12/dist-packages/torch/lib/libtorch_cpu.so)
frame #6: c10d::TCPStore::check(std::vector<std::__cxx11::basic_string<char, std::char_traits<char>, std::allocator<char> >, std::allocator<std::__cxx11::basic_string<char, std::char_traits<char>, std::allocator<char> > > > const&) + 0x23c (0xfb38080aab1c in /usr/local/lib/python3.12/dist-packages/torch/lib/libtorch_cpu.so)
frame #7: c10d::ProcessGroupNCCL::HeartbeatMonitor::runLoop() + 0x330 (0xfb37eb687350 in /usr/local/lib/python3.12/dist-packages/torch/lib/libtorch_cuda.so)
frame #8: <unknown function> + 0xe1ae0 (0xfb389bad1ae0 in /lib/aarch64-linux-gnu/libstdc++.so.6)
frame #9: <unknown function> + 0x8582c (0xfb389c99582c in /lib/aarch64-linux-gnu/libc.so.6)
frame #10: <unknown function> + 0xeb79c (0xfb389c9fb79c in /lib/aarch64-linux-gnu/libc.so.6)

[rank1]:[W910 05:57:20.266040183 ProcessGroupNCCL.cpp:1876] [PG ID 0 PG GUID 0 Rank 1] Failed to check the "should dump" flag on TCPStore, (maybe TCPStore server has shut down too early), with error: Broken pipe
[rank1]:[W910 05:57:21.266174698 TCPStore.cpp:106] [c10d] sendBytes failed on SocketImpl(fd=48, addr=[kiwi.200gb]:45988, remote=[emu.200gb]:29553): Broken pipe
Exception raised from sendBytes at /__w/pytorch/pytorch/torch/csrc/distributed/c10d/Utils.hpp:758 (most recent call first):
frame #0: c10::Error::Error(c10::SourceLocation, std::__cxx11::basic_string<char, std::char_traits<char>, std::allocator<char> >) + 0xc8 (0xfb37ea73e158 in /usr/local/lib/python3.12/dist-packages/torch/lib/libc10.so)
frame #1: c10::DistError::DistError(c10::SourceLocation, std::__cxx11::basic_string<char, std::char_traits<char>, std::allocator<char> >) + 0x78 (0xfb37ea73ed48 in /usr/local/lib/python3.12/dist-packages/torch/lib/libc10.so)
frame #2: c10::DistNetworkError::DistNetworkError(c10::SourceLocation, std::__cxx11::basic_string<char, std::char_traits<char>, std::allocator<char> >) + 0x78 (0xfb37ea73f0c8 in /usr/local/lib/python3.12/dist-packages/torch/lib/libc10.so)
frame #3: <unknown function> + 0x70b77ec (0xfb38080a77ec in /usr/local/lib/python3.12/dist-packages/torch/lib/libtorch_cpu.so)
frame #4: <unknown function> + 0x70b9aa4 (0xfb38080a9aa4 in /usr/local/lib/python3.12/dist-packages/torch/lib/libtorch_cpu.so)
frame #5: <unknown function> + 0x70b9c18 (0xfb38080a9c18 in /usr/local/lib/python3.12/dist-packages/torch/lib/libtorch_cpu.so)
frame #6: c10d::TCPStore::check(std::vector<std::__cxx11::basic_string<char, std::char_traits<char>, std::allocator<char> >, std::allocator<std::__cxx11::basic_string<char, std::char_traits<char>, std::allocator<char> > > > const&) + 0x23c (0xfb38080aab1c in /usr/local/lib/python3.12/dist-packages/torch/lib/libtorch_cpu.so)
frame #7: c10d::ProcessGroupNCCL::HeartbeatMonitor::runLoop() + 0x330 (0xfb37eb687350 in /usr/local/lib/python3.12/dist-packages/torch/lib/libtorch_cuda.so)
frame #8: <unknown function> + 0xe1ae0 (0xfb389bad1ae0 in /lib/aarch64-linux-gnu/libstdc++.so.6)
frame #9: <unknown function> + 0x8582c (0xfb389c99582c in /lib/aarch64-linux-gnu/libc.so.6)
frame #10: <unknown function> + 0xeb79c (0xfb389c9fb79c in /lib/aarch64-linux-gnu/libc.so.6)

[rank1]:[W910 05:57:21.268080236 ProcessGroupNCCL.cpp:1876] [PG ID 0 PG GUID 0 Rank 1] Failed to check the "should dump" flag on TCPStore, (maybe TCPStore server has shut down too early), with error: Broken pipe
[rank1]:[W910 05:57:22.268202960 TCPStore.cpp:106] [c10d] sendBytes failed on SocketImpl(fd=48, addr=[kiwi.200gb]:45988, remote=[emu.200gb]:29553): Broken pipe
Exception raised from sendBytes at /__w/pytorch/pytorch/torch/csrc/distributed/c10d/Utils.hpp:758 (most recent call first):
frame #0: c10::Error::Error(c10::SourceLocation, std::__cxx11::basic_string<char, std::char_traits<char>, std::allocator<char> >) + 0xc8 (0xfb37ea73e158 in /usr/local/lib/python3.12/dist-packages/torch/lib/libc10.so)
frame #1: c10::DistError::DistError(c10::SourceLocation, std::__cxx11::basic_string<char, std::char_traits<char>, std::allocator<char> >) + 0x78 (0xfb37ea73ed48 in /usr/local/lib/python3.12/dist-packages/torch/lib/libc10.so)
frame #2: c10::DistNetworkError::DistNetworkError(c10::SourceLocation, std::__cxx11::basic_string<char, std::char_traits<char>, std::allocator<char> >) + 0x78 (0xfb37ea73f0c8 in /usr/local/lib/python3.12/dist-packages/torch/lib/libc10.so)
frame #3: <unknown function> + 0x70b77ec (0xfb38080a77ec in /usr/local/lib/python3.12/dist-packages/torch/lib/libtorch_cpu.so)
frame #4: <unknown function> + 0x70b9aa4 (0xfb38080a9aa4 in /usr/local/lib/python3.12/dist-packages/torch/lib/libtorch_cpu.so)
frame #5: <unknown function> + 0x70b9c18 (0xfb38080a9c18 in /usr/local/lib/python3.12/dist-packages/torch/lib/libtorch_cpu.so)
frame #6: c10d::TCPStore::check(std::vector<std::__cxx11::basic_string<char, std::char_traits<char>, std::allocator<char> >, std::allocator<std::__cxx11::basic_string<char, std::char_traits<char>, std::allocator<char> > > > const&) + 0x23c (0xfb38080aab1c in /usr/local/lib/python3.12/dist-packages/torch/lib/libtorch_cpu.so)
frame #7: c10d::ProcessGroupNCCL::HeartbeatMonitor::runLoop() + 0x330 (0xfb37eb687350 in /usr/local/lib/python3.12/dist-packages/torch/lib/libtorch_cuda.so)
frame #8: <unknown function> + 0xe1ae0 (0xfb389bad1ae0 in /lib/aarch64-linux-gnu/libstdc++.so.6)
frame #9: <unknown function> + 0x8582c (0xfb389c99582c in /lib/aarch64-linux-gnu/libc.so.6)
frame #10: <unknown function> + 0xeb79c (0xfb389c9fb79c in /lib/aarch64-linux-gnu/libc.so.6)

[rank1]:[W910 05:57:22.269801394 ProcessGroupNCCL.cpp:1876] [PG ID 0 PG GUID 0 Rank 1] Failed to check the "should dump" flag on TCPStore, (maybe TCPStore server has shut down too early), with error: Broken pipe
[rank1]:[W910 05:57:23.270846487 TCPStore.cpp:106] [c10d] sendBytes failed on SocketImpl(fd=48, addr=[kiwi.200gb]:45988, remote=[emu.200gb]:29553): Broken pipe
Exception raised from sendBytes at /__w/pytorch/pytorch/torch/csrc/distributed/c10d/Utils.hpp:758 (most recent call first):
frame #0: c10::Error::Error(c10::SourceLocation, std::__cxx11::basic_string<char, std::char_traits<char>, std::allocator<char> >) + 0xc8 (0xfb37ea73e158 in /usr/local/lib/python3.12/dist-packages/torch/lib/libc10.so)
frame #1: c10::DistError::DistError(c10::SourceLocation, std::__cxx11::basic_string<char, std::char_traits<char>, std::allocator<char> >) + 0x78 (0xfb37ea73ed48 in /usr/local/lib/python3.12/dist-packages/torch/lib/libc10.so)
frame #2: c10::DistNetworkError::DistNetworkError(c10::SourceLocation, std::__cxx11::basic_string<char, std::char_traits<char>, std::allocator<char> >) + 0x78 (0xfb37ea73f0c8 in /usr/local/lib/python3.12/dist-packages/torch/lib/libc10.so)
frame #3: <unknown function> + 0x70b77ec (0xfb38080a77ec in /usr/local/lib/python3.12/dist-packages/torch/lib/libtorch_cpu.so)
frame #4: <unknown function> + 0x70b9aa4 (0xfb38080a9aa4 in /usr/local/lib/python3.12/dist-packages/torch/lib/libtorch_cpu.so)
frame #5: <unknown function> + 0x70b9c18 (0xfb38080a9c18 in /usr/local/lib/python3.12/dist-packages/torch/lib/libtorch_cpu.so)
frame #6: c10d::TCPStore::check(std::vector<std::__cxx11::basic_string<char, std::char_traits<char>, std::allocator<char> >, std::allocator<std::__cxx11::basic_string<char, std::char_traits<char>, std::allocator<char> > > > const&) + 0x23c (0xfb38080aab1c in /usr/local/lib/python3.12/dist-packages/torch/lib/libtorch_cpu.so)
frame #7: c10d::ProcessGroupNCCL::HeartbeatMonitor::runLoop() + 0x330 (0xfb37eb687350 in /usr/local/lib/python3.12/dist-packages/torch/lib/libtorch_cuda.so)
frame #8: <unknown function> + 0xe1ae0 (0xfb389bad1ae0 in /lib/aarch64-linux-gnu/libstdc++.so.6)
frame #9: <unknown function> + 0x8582c (0xfb389c99582c in /lib/aarch64-linux-gnu/libc.so.6)
frame #10: <unknown function> + 0xeb79c (0xfb389c9fb79c in /lib/aarch64-linux-gnu/libc.so.6)

[rank1]:[W910 05:57:23.273138505 ProcessGroupNCCL.cpp:1876] [PG ID 0 PG GUID 0 Rank 1] Failed to check the "should dump" flag on TCPStore, (maybe TCPStore server has shut down too early), with error: Broken pipe
[rank1]:[W910 05:57:24.273673967 TCPStore.cpp:106] [c10d] sendBytes failed on SocketImpl(fd=48, addr=[kiwi.200gb]:45988, remote=[emu.200gb]:29553): Broken pipe
Exception raised from sendBytes at /__w/pytorch/pytorch/torch/csrc/distributed/c10d/Utils.hpp:758 (most recent call first):
frame #0: c10::Error::Error(c10::SourceLocation, std::__cxx11::basic_string<char, std::char_traits<char>, std::allocator<char> >) + 0xc8 (0xfb37ea73e158 in /usr/local/lib/python3.12/dist-packages/torch/lib/libc10.so)
frame #1: c10::DistError::DistError(c10::SourceLocation, std::__cxx11::basic_string<char, std::char_traits<char>, std::allocator<char> >) + 0x78 (0xfb37ea73ed48 in /usr/local/lib/python3.12/dist-packages/torch/lib/libc10.so)
frame #2: c10::DistNetworkError::DistNetworkError(c10::SourceLocation, std::__cxx11::basic_string<char, std::char_traits<char>, std::allocator<char> >) + 0x78 (0xfb37ea73f0c8 in /usr/local/lib/python3.12/dist-packages/torch/lib/libc10.so)
frame #3: <unknown function> + 0x70b77ec (0xfb38080a77ec in /usr/local/lib/python3.12/dist-packages/torch/lib/libtorch_cpu.so)
frame #4: <unknown function> + 0x70b9aa4 (0xfb38080a9aa4 in /usr/local/lib/python3.12/dist-packages/torch/lib/libtorch_cpu.so)
frame #5: <unknown function> + 0x70b9c18 (0xfb38080a9c18 in /usr/local/lib/python3.12/dist-packages/torch/lib/libtorch_cpu.so)
frame #6: c10d::TCPStore::check(std::vector<std::__cxx11::basic_string<char, std::char_traits<char>, std::allocator<char> >, std::allocator<std::__cxx11::basic_string<char, std::char_traits<char>, std::allocator<char> > > > const&) + 0x23c (0xfb38080aab1c in /usr/local/lib/python3.12/dist-packages/torch/lib/libtorch_cpu.so)
frame #7: c10d::ProcessGroupNCCL::HeartbeatMonitor::runLoop() + 0x330 (0xfb37eb687350 in /usr/local/lib/python3.12/dist-packages/torch/lib/libtorch_cuda.so)
frame #8: <unknown function> + 0xe1ae0 (0xfb389bad1ae0 in /lib/aarch64-linux-gnu/libstdc++.so.6)
frame #9: <unknown function> + 0x8582c (0xfb389c99582c in /lib/aarch64-linux-gnu/libc.so.6)
frame #10: <unknown function> + 0xeb79c (0xfb389c9fb79c in /lib/aarch64-linux-gnu/libc.so.6)

[rank1]:[W910 05:57:24.276074961 ProcessGroupNCCL.cpp:1876] [PG ID 0 PG GUID 0 Rank 1] Failed to check the "should dump" flag on TCPStore, (maybe TCPStore server has shut down too early), with error: Broken pipe
[rank1]:[W910 05:57:25.276563767 TCPStore.cpp:106] [c10d] sendBytes failed on SocketImpl(fd=48, addr=[kiwi.200gb]:45988, remote=[emu.200gb]:29553): Broken pipe
Exception raised from sendBytes at /__w/pytorch/pytorch/torch/csrc/distributed/c10d/Utils.hpp:758 (most recent call first):
frame #0: c10::Error::Error(c10::SourceLocation, std::__cxx11::basic_string<char, std::char_traits<char>, std::allocator<char> >) + 0xc8 (0xfb37ea73e158 in /usr/local/lib/python3.12/dist-packages/torch/lib/libc10.so)
frame #1: c10::DistError::DistError(c10::SourceLocation, std::__cxx11::basic_string<char, std::char_traits<char>, std::allocator<char> >) + 0x78 (0xfb37ea73ed48 in /usr/local/lib/python3.12/dist-packages/torch/lib/libc10.so)
frame #2: c10::DistNetworkError::DistNetworkError(c10::SourceLocation, std::__cxx11::basic_string<char, std::char_traits<char>, std::allocator<char> >) + 0x78 (0xfb37ea73f0c8 in /usr/local/lib/python3.12/dist-packages/torch/lib/libc10.so)
frame #3: <unknown function> + 0x70b77ec (0xfb38080a77ec in /usr/local/lib/python3.12/dist-packages/torch/lib/libtorch_cpu.so)
frame #4: <unknown function> + 0x70b9aa4 (0xfb38080a9aa4 in /usr/local/lib/python3.12/dist-packages/torch/lib/libtorch_cpu.so)
frame #5: <unknown function> + 0x70b9c18 (0xfb38080a9c18 in /usr/local/lib/python3.12/dist-packages/torch/lib/libtorch_cpu.so)
frame #6: c10d::TCPStore::check(std::vector<std::__cxx11::basic_string<char, std::char_traits<char>, std::allocator<char> >, std::allocator<std::__cxx11::basic_string<char, std::char_traits<char>, std::allocator<char> > > > const&) + 0x23c (0xfb38080aab1c in /usr/local/lib/python3.12/dist-packages/torch/lib/libtorch_cpu.so)
frame #7: c10d::ProcessGroupNCCL::HeartbeatMonitor::runLoop() + 0x330 (0xfb37eb687350 in /usr/local/lib/python3.12/dist-packages/torch/lib/libtorch_cuda.so)
frame #8: <unknown function> + 0xe1ae0 (0xfb389bad1ae0 in /lib/aarch64-linux-gnu/libstdc++.so.6)
frame #9: <unknown function> + 0x8582c (0xfb389c99582c in /lib/aarch64-linux-gnu/libc.so.6)
frame #10: <unknown function> + 0xeb79c (0xfb389c9fb79c in /lib/aarch64-linux-gnu/libc.so.6)

[rank1]:[W910 05:57:25.278569305 ProcessGroupNCCL.cpp:1876] [PG ID 0 PG GUID 0 Rank 1] Failed to check the "should dump" flag on TCPStore, (maybe TCPStore server has shut down too early), with error: Broken pipe
[rank1]:[W910 05:57:26.279139871 TCPStore.cpp:106] [c10d] sendBytes failed on SocketImpl(fd=48, addr=[kiwi.200gb]:45988, remote=[emu.200gb]:29553): Broken pipe
Exception raised from sendBytes at /__w/pytorch/pytorch/torch/csrc/distributed/c10d/Utils.hpp:758 (most recent call first):
frame #0: c10::Error::Error(c10::SourceLocation, std::__cxx11::basic_string<char, std::char_traits<char>, std::allocator<char> >) + 0xc8 (0xfb37ea73e158 in /usr/local/lib/python3.12/dist-packages/torch/lib/libc10.so)
frame #1: c10::DistError::DistError(c10::SourceLocation, std::__cxx11::basic_string<char, std::char_traits<char>, std::allocator<char> >) + 0x78 (0xfb37ea73ed48 in /usr/local/lib/python3.12/dist-packages/torch/lib/libc10.so)
frame #2: c10::DistNetworkError::DistNetworkError(c10::SourceLocation, std::__cxx11::basic_string<char, std::char_traits<char>, std::allocator<char> >) + 0x78 (0xfb37ea73f0c8 in /usr/local/lib/python3.12/dist-packages/torch/lib/libc10.so)
frame #3: <unknown function> + 0x70b77ec (0xfb38080a77ec in /usr/local/lib/python3.12/dist-packages/torch/lib/libtorch_cpu.so)
frame #4: <unknown function> + 0x70b9aa4 (0xfb38080a9aa4 in /usr/local/lib/python3.12/dist-packages/torch/lib/libtorch_cpu.so)
frame #5: <unknown function> + 0x70b9c18 (0xfb38080a9c18 in /usr/local/lib/python3.12/dist-packages/torch/lib/libtorch_cpu.so)
frame #6: c10d::TCPStore::check(std::vector<std::__cxx11::basic_string<char, std::char_traits<char>, std::allocator<char> >, std::allocator<std::__cxx11::basic_string<char, std::char_traits<char>, std::allocator<char> > > > const&) + 0x23c (0xfb38080aab1c in /usr/local/lib/python3.12/dist-packages/torch/lib/libtorch_cpu.so)
frame #7: c10d::ProcessGroupNCCL::HeartbeatMonitor::runLoop() + 0x330 (0xfb37eb687350 in /usr/local/lib/python3.12/dist-packages/torch/lib/libtorch_cuda.so)
frame #8: <unknown function> + 0xe1ae0 (0xfb389bad1ae0 in /lib/aarch64-linux-gnu/libstdc++.so.6)
frame #9: <unknown function> + 0x8582c (0xfb389c99582c in /lib/aarch64-linux-gnu/libc.so.6)
frame #10: <unknown function> + 0xeb79c (0xfb389c9fb79c in /lib/aarch64-linux-gnu/libc.so.6)

[rank1]:[W910 05:57:26.281133153 ProcessGroupNCCL.cpp:1876] [PG ID 0 PG GUID 0 Rank 1] Failed to check the "should dump" flag on TCPStore, (maybe TCPStore server has shut down too early), with error: Broken pipe
[rank1]:[W910 05:57:27.281756471 TCPStore.cpp:106] [c10d] sendBytes failed on SocketImpl(fd=48, addr=[kiwi.200gb]:45988, remote=[emu.200gb]:29553): Broken pipe
Exception raised from sendBytes at /__w/pytorch/pytorch/torch/csrc/distributed/c10d/Utils.hpp:758 (most recent call first):
frame #0: c10::Error::Error(c10::SourceLocation, std::__cxx11::basic_string<char, std::char_traits<char>, std::allocator<char> >) + 0xc8 (0xfb37ea73e158 in /usr/local/lib/python3.12/dist-packages/torch/lib/libc10.so)
frame #1: c10::DistError::DistError(c10::SourceLocation, std::__cxx11::basic_string<char, std::char_traits<char>, std::allocator<char> >) + 0x78 (0xfb37ea73ed48 in /usr/local/lib/python3.12/dist-packages/torch/lib/libc10.so)
frame #2: c10::DistNetworkError::DistNetworkError(c10::SourceLocation, std::__cxx11::basic_string<char, std::char_traits<char>, std::allocator<char> >) + 0x78 (0xfb37ea73f0c8 in /usr/local/lib/python3.12/dist-packages/torch/lib/libc10.so)
frame #3: <unknown function> + 0x70b77ec (0xfb38080a77ec in /usr/local/lib/python3.12/dist-packages/torch/lib/libtorch_cpu.so)
frame #4: <unknown function> + 0x70b9aa4 (0xfb38080a9aa4 in /usr/local/lib/python3.12/dist-packages/torch/lib/libtorch_cpu.so)
frame #5: <unknown function> + 0x70b9c18 (0xfb38080a9c18 in /usr/local/lib/python3.12/dist-packages/torch/lib/libtorch_cpu.so)
frame #6: c10d::TCPStore::check(std::vector<std::__cxx11::basic_string<char, std::char_traits<char>, std::allocator<char> >, std::allocator<std::__cxx11::basic_string<char, std::char_traits<char>, std::allocator<char> > > > const&) + 0x23c (0xfb38080aab1c in /usr/local/lib/python3.12/dist-packages/torch/lib/libtorch_cpu.so)
frame #7: c10d::ProcessGroupNCCL::HeartbeatMonitor::runLoop() + 0x330 (0xfb37eb687350 in /usr/local/lib/python3.12/dist-packages/torch/lib/libtorch_cuda.so)
frame #8: <unknown function> + 0xe1ae0 (0xfb389bad1ae0 in /lib/aarch64-linux-gnu/libstdc++.so.6)
frame #9: <unknown function> + 0x8582c (0xfb389c99582c in /lib/aarch64-linux-gnu/libc.so.6)
frame #10: <unknown function> + 0xeb79c (0xfb389c9fb79c in /lib/aarch64-linux-gnu/libc.so.6)

[rank1]:[W910 05:57:27.283812809 ProcessGroupNCCL.cpp:1876] [PG ID 0 PG GUID 0 Rank 1] Failed to check the "should dump" flag on TCPStore, (maybe TCPStore server has shut down too early), with error: Broken pipe
[rank1]:[W910 05:57:28.284415200 TCPStore.cpp:106] [c10d] sendBytes failed on SocketImpl(fd=48, addr=[kiwi.200gb]:45988, remote=[emu.200gb]:29553): Broken pipe
Exception raised from sendBytes at /__w/pytorch/pytorch/torch/csrc/distributed/c10d/Utils.hpp:758 (most recent call first):
frame #0: c10::Error::Error(c10::SourceLocation, std::__cxx11::basic_string<char, std::char_traits<char>, std::allocator<char> >) + 0xc8 (0xfb37ea73e158 in /usr/local/lib/python3.12/dist-packages/torch/lib/libc10.so)
frame #1: c10::DistError::DistError(c10::SourceLocation, std::__cxx11::basic_string<char, std::char_traits<char>, std::allocator<char> >) + 0x78 (0xfb37ea73ed48 in /usr/local/lib/python3.12/dist-packages/torch/lib/libc10.so)
frame #2: c10::DistNetworkError::DistNetworkError(c10::SourceLocation, std::__cxx11::basic_string<char, std::char_traits<char>, std::allocator<char> >) + 0x78 (0xfb37ea73f0c8 in /usr/local/lib/python3.12/dist-packages/torch/lib/libc10.so)
frame #3: <unknown function> + 0x70b77ec (0xfb38080a77ec in /usr/local/lib/python3.12/dist-packages/torch/lib/libtorch_cpu.so)
frame #4: <unknown function> + 0x70b9aa4 (0xfb38080a9aa4 in /usr/local/lib/python3.12/dist-packages/torch/lib/libtorch_cpu.so)
frame #5: <unknown function> + 0x70b9c18 (0xfb38080a9c18 in /usr/local/lib/python3.12/dist-packages/torch/lib/libtorch_cpu.so)
frame #6: c10d::TCPStore::check(std::vector<std::__cxx11::basic_string<char, std::char_traits<char>, std::allocator<char> >, std::allocator<std::__cxx11::basic_string<char, std::char_traits<char>, std::allocator<char> > > > const&) + 0x23c (0xfb38080aab1c in /usr/local/lib/python3.12/dist-packages/torch/lib/libtorch_cpu.so)
frame #7: c10d::ProcessGroupNCCL::HeartbeatMonitor::runLoop() + 0x330 (0xfb37eb687350 in /usr/local/lib/python3.12/dist-packages/torch/lib/libtorch_cuda.so)
frame #8: <unknown function> + 0xe1ae0 (0xfb389bad1ae0 in /lib/aarch64-linux-gnu/libstdc++.so.6)
frame #9: <unknown function> + 0x8582c (0xfb389c99582c in /lib/aarch64-linux-gnu/libc.so.6)
frame #10: <unknown function> + 0xeb79c (0xfb389c9fb79c in /lib/aarch64-linux-gnu/libc.so.6)

[rank1]:[W910 05:57:28.286627890 ProcessGroupNCCL.cpp:1876] [PG ID 0 PG GUID 0 Rank 1] Failed to check the "should dump" flag on TCPStore, (maybe TCPStore server has shut down too early), with error: Broken pipe
[rank1]:[W910 05:57:29.287127241 TCPStore.cpp:106] [c10d] sendBytes failed on SocketImpl(fd=48, addr=[kiwi.200gb]:45988, remote=[emu.200gb]:29553): Broken pipe
Exception raised from sendBytes at /__w/pytorch/pytorch/torch/csrc/distributed/c10d/Utils.hpp:758 (most recent call first):
frame #0: c10::Error::Error(c10::SourceLocation, std::__cxx11::basic_string<char, std::char_traits<char>, std::allocator<char> >) + 0xc8 (0xfb37ea73e158 in /usr/local/lib/python3.12/dist-packages/torch/lib/libc10.so)
frame #1: c10::DistError::DistError(c10::SourceLocation, std::__cxx11::basic_string<char, std::char_traits<char>, std::allocator<char> >) + 0x78 (0xfb37ea73ed48 in /usr/local/lib/python3.12/dist-packages/torch/lib/libc10.so)
frame #2: c10::DistNetworkError::DistNetworkError(c10::SourceLocation, std::__cxx11::basic_string<char, std::char_traits<char>, std::allocator<char> >) + 0x78 (0xfb37ea73f0c8 in /usr/local/lib/python3.12/dist-packages/torch/lib/libc10.so)
frame #3: <unknown function> + 0x70b77ec (0xfb38080a77ec in /usr/local/lib/python3.12/dist-packages/torch/lib/libtorch_cpu.so)
frame #4: <unknown function> + 0x70b9aa4 (0xfb38080a9aa4 in /usr/local/lib/python3.12/dist-packages/torch/lib/libtorch_cpu.so)
frame #5: <unknown function> + 0x70b9c18 (0xfb38080a9c18 in /usr/local/lib/python3.12/dist-packages/torch/lib/libtorch_cpu.so)
frame #6: c10d::TCPStore::check(std::vector<std::__cxx11::basic_string<char, std::char_traits<char>, std::allocator<char> >, std::allocator<std::__cxx11::basic_string<char, std::char_traits<char>, std::allocator<char> > > > const&) + 0x23c (0xfb38080aab1c in /usr/local/lib/python3.12/dist-packages/torch/lib/libtorch_cpu.so)
frame #7: c10d::ProcessGroupNCCL::HeartbeatMonitor::runLoop() + 0x330 (0xfb37eb687350 in /usr/local/lib/python3.12/dist-packages/torch/lib/libtorch_cuda.so)
frame #8: <unknown function> + 0xe1ae0 (0xfb389bad1ae0 in /lib/aarch64-linux-gnu/libstdc++.so.6)
frame #9: <unknown function> + 0x8582c (0xfb389c99582c in /lib/aarch64-linux-gnu/libc.so.6)
frame #10: <unknown function> + 0xeb79c (0xfb389c9fb79c in /lib/aarch64-linux-gnu/libc.so.6)

[rank1]:[W910 05:57:29.289100604 ProcessGroupNCCL.cpp:1876] [PG ID 0 PG GUID 0 Rank 1] Failed to check the "should dump" flag on TCPStore, (maybe TCPStore server has shut down too early), with error: Broken pipe
[rank1]:[W910 05:57:30.289526595 TCPStore.cpp:106] [c10d] sendBytes failed on SocketImpl(fd=48, addr=[kiwi.200gb]:45988, remote=[emu.200gb]:29553): Broken pipe
Exception raised from sendBytes at /__w/pytorch/pytorch/torch/csrc/distributed/c10d/Utils.hpp:758 (most recent call first):
frame #0: c10::Error::Error(c10::SourceLocation, std::__cxx11::basic_string<char, std::char_traits<char>, std::allocator<char> >) + 0xc8 (0xfb37ea73e158 in /usr/local/lib/python3.12/dist-packages/torch/lib/libc10.so)
frame #1: c10::DistError::DistError(c10::SourceLocation, std::__cxx11::basic_string<char, std::char_traits<char>, std::allocator<char> >) + 0x78 (0xfb37ea73ed48 in /usr/local/lib/python3.12/dist-packages/torch/lib/libc10.so)
frame #2: c10::DistNetworkError::DistNetworkError(c10::SourceLocation, std::__cxx11::basic_string<char, std::char_traits<char>, std::allocator<char> >) + 0x78 (0xfb37ea73f0c8 in /usr/local/lib/python3.12/dist-packages/torch/lib/libc10.so)
frame #3: <unknown function> + 0x70b77ec (0xfb38080a77ec in /usr/local/lib/python3.12/dist-packages/torch/lib/libtorch_cpu.so)
frame #4: <unknown function> + 0x70b9aa4 (0xfb38080a9aa4 in /usr/local/lib/python3.12/dist-packages/torch/lib/libtorch_cpu.so)
frame #5: <unknown function> + 0x70b9c18 (0xfb38080a9c18 in /usr/local/lib/python3.12/dist-packages/torch/lib/libtorch_cpu.so)
frame #6: c10d::TCPStore::check(std::vector<std::__cxx11::basic_string<char, std::char_traits<char>, std::allocator<char> >, std::allocator<std::__cxx11::basic_string<char, std::char_traits<char>, std::allocator<char> > > > const&) + 0x23c (0xfb38080aab1c in /usr/local/lib/python3.12/dist-packages/torch/lib/libtorch_cpu.so)
frame #7: c10d::ProcessGroupNCCL::HeartbeatMonitor::runLoop() + 0x330 (0xfb37eb687350 in /usr/local/lib/python3.12/dist-packages/torch/lib/libtorch_cuda.so)
frame #8: <unknown function> + 0xe1ae0 (0xfb389bad1ae0 in /lib/aarch64-linux-gnu/libstdc++.so.6)
frame #9: <unknown function> + 0x8582c (0xfb389c99582c in /lib/aarch64-linux-gnu/libc.so.6)
frame #10: <unknown function> + 0xeb79c (0xfb389c9fb79c in /lib/aarch64-linux-gnu/libc.so.6)

[rank1]:[W910 05:57:30.292085814 ProcessGroupNCCL.cpp:1876] [PG ID 0 PG GUID 0 Rank 1] Failed to check the "should dump" flag on TCPStore, (maybe TCPStore server has shut down too early), with error: Broken pipe
[rank1]:[W910 05:57:31.292306141 TCPStore.cpp:106] [c10d] sendBytes failed on SocketImpl(fd=48, addr=[kiwi.200gb]:45988, remote=[emu.200gb]:29553): Broken pipe
Exception raised from sendBytes at /__w/pytorch/pytorch/torch/csrc/distributed/c10d/Utils.hpp:758 (most recent call first):
frame #0: c10::Error::Error(c10::SourceLocation, std::__cxx11::basic_string<char, std::char_traits<char>, std::allocator<char> >) + 0xc8 (0xfb37ea73e158 in /usr/local/lib/python3.12/dist-packages/torch/lib/libc10.so)
frame #1: c10::DistError::DistError(c10::SourceLocation, std::__cxx11::basic_string<char, std::char_traits<char>, std::allocator<char> >) + 0x78 (0xfb37ea73ed48 in /usr/local/lib/python3.12/dist-packages/torch/lib/libc10.so)
frame #2: c10::DistNetworkError::DistNetworkError(c10::SourceLocation, std::__cxx11::basic_string<char, std::char_traits<char>, std::allocator<char> >) + 0x78 (0xfb37ea73f0c8 in /usr/local/lib/python3.12/dist-packages/torch/lib/libc10.so)
frame #3: <unknown function> + 0x70b77ec (0xfb38080a77ec in /usr/local/lib/python3.12/dist-packages/torch/lib/libtorch_cpu.so)
frame #4: <unknown function> + 0x70b9aa4 (0xfb38080a9aa4 in /usr/local/lib/python3.12/dist-packages/torch/lib/libtorch_cpu.so)
frame #5: <unknown function> + 0x70b9c18 (0xfb38080a9c18 in /usr/local/lib/python3.12/dist-packages/torch/lib/libtorch_cpu.so)
frame #6: c10d::TCPStore::check(std::vector<std::__cxx11::basic_string<char, std::char_traits<char>, std::allocator<char> >, std::allocator<std::__cxx11::basic_string<char, std::char_traits<char>, std::allocator<char> > > > const&) + 0x23c (0xfb38080aab1c in /usr/local/lib/python3.12/dist-packages/torch/lib/libtorch_cpu.so)
frame #7: c10d::ProcessGroupNCCL::HeartbeatMonitor::runLoop() + 0x330 (0xfb37eb687350 in /usr/local/lib/python3.12/dist-packages/torch/lib/libtorch_cuda.so)
frame #8: <unknown function> + 0xe1ae0 (0xfb389bad1ae0 in /lib/aarch64-linux-gnu/libstdc++.so.6)
frame #9: <unknown function> + 0x8582c (0xfb389c99582c in /lib/aarch64-linux-gnu/libc.so.6)
frame #10: <unknown function> + 0xeb79c (0xfb389c9fb79c in /lib/aarch64-linux-gnu/libc.so.6)

[rank1]:[W910 05:57:31.294159327 ProcessGroupNCCL.cpp:1876] [PG ID 0 PG GUID 0 Rank 1] Failed to check the "should dump" flag on TCPStore, (maybe TCPStore server has shut down too early), with error: Broken pipe
[rank1]:[W910 05:57:32.294278503 TCPStore.cpp:106] [c10d] sendBytes failed on SocketImpl(fd=48, addr=[kiwi.200gb]:45988, remote=[emu.200gb]:29553): Broken pipe
Exception raised from sendBytes at /__w/pytorch/pytorch/torch/csrc/distributed/c10d/Utils.hpp:758 (most recent call first):
frame #0: c10::Error::Error(c10::SourceLocation, std::__cxx11::basic_string<char, std::char_traits<char>, std::allocator<char> >) + 0xc8 (0xfb37ea73e158 in /usr/local/lib/python3.12/dist-packages/torch/lib/libc10.so)
frame #1: c10::DistError::DistError(c10::SourceLocation, std::__cxx11::basic_string<char, std::char_traits<char>, std::allocator<char> >) + 0x78 (0xfb37ea73ed48 in /usr/local/lib/python3.12/dist-packages/torch/lib/libc10.so)
frame #2: c10::DistNetworkError::DistNetworkError(c10::SourceLocation, std::__cxx11::basic_string<char, std::char_traits<char>, std::allocator<char> >) + 0x78 (0xfb37ea73f0c8 in /usr/local/lib/python3.12/dist-packages/torch/lib/libc10.so)
frame #3: <unknown function> + 0x70b77ec (0xfb38080a77ec in /usr/local/lib/python3.12/dist-packages/torch/lib/libtorch_cpu.so)
frame #4: <unknown function> + 0x70b9aa4 (0xfb38080a9aa4 in /usr/local/lib/python3.12/dist-packages/torch/lib/libtorch_cpu.so)
frame #5: <unknown function> + 0x70b9c18 (0xfb38080a9c18 in /usr/local/lib/python3.12/dist-packages/torch/lib/libtorch_cpu.so)
frame #6: c10d::TCPStore::check(std::vector<std::__cxx11::basic_string<char, std::char_traits<char>, std::allocator<char> >, std::allocator<std::__cxx11::basic_string<char, std::char_traits<char>, std::allocator<char> > > > const&) + 0x23c (0xfb38080aab1c in /usr/local/lib/python3.12/dist-packages/torch/lib/libtorch_cpu.so)
frame #7: c10d::ProcessGroupNCCL::HeartbeatMonitor::runLoop() + 0x330 (0xfb37eb687350 in /usr/local/lib/python3.12/dist-packages/torch/lib/libtorch_cuda.so)
frame #8: <unknown function> + 0xe1ae0 (0xfb389bad1ae0 in /lib/aarch64-linux-gnu/libstdc++.so.6)
frame #9: <unknown function> + 0x8582c (0xfb389c99582c in /lib/aarch64-linux-gnu/libc.so.6)
frame #10: <unknown function> + 0xeb79c (0xfb389c9fb79c in /lib/aarch64-linux-gnu/libc.so.6)

[rank1]:[W910 05:57:32.296506361 ProcessGroupNCCL.cpp:1876] [PG ID 0 PG GUID 0 Rank 1] Failed to check the "should dump" flag on TCPStore, (maybe TCPStore server has shut down too early), with error: Broken pipe
[rank1]:[W910 05:57:33.297524114 TCPStore.cpp:106] [c10d] sendBytes failed on SocketImpl(fd=48, addr=[kiwi.200gb]:45988, remote=[emu.200gb]:29553): Broken pipe
Exception raised from sendBytes at /__w/pytorch/pytorch/torch/csrc/distributed/c10d/Utils.hpp:758 (most recent call first):
frame #0: c10::Error::Error(c10::SourceLocation, std::__cxx11::basic_string<char, std::char_traits<char>, std::allocator<char> >) + 0xc8 (0xfb37ea73e158 in /usr/local/lib/python3.12/dist-packages/torch/lib/libc10.so)
frame #1: c10::DistError::DistError(c10::SourceLocation, std::__cxx11::basic_string<char, std::char_traits<char>, std::allocator<char> >) + 0x78 (0xfb37ea73ed48 in /usr/local/lib/python3.12/dist-packages/torch/lib/libc10.so)
frame #2: c10::DistNetworkError::DistNetworkError(c10::SourceLocation, std::__cxx11::basic_string<char, std::char_traits<char>, std::allocator<char> >) + 0x78 (0xfb37ea73f0c8 in /usr/local/lib/python3.12/dist-packages/torch/lib/libc10.so)
frame #3: <unknown function> + 0x70b77ec (0xfb38080a77ec in /usr/local/lib/python3.12/dist-packages/torch/lib/libtorch_cpu.so)
frame #4: <unknown function> + 0x70b9aa4 (0xfb38080a9aa4 in /usr/local/lib/python3.12/dist-packages/torch/lib/libtorch_cpu.so)
frame #5: <unknown function> + 0x70b9c18 (0xfb38080a9c18 in /usr/local/lib/python3.12/dist-packages/torch/lib/libtorch_cpu.so)
frame #6: c10d::TCPStore::check(std::vector<std::__cxx11::basic_string<char, std::char_traits<char>, std::allocator<char> >, std::allocator<std::__cxx11::basic_string<char, std::char_traits<char>, std::allocator<char> > > > const&) + 0x23c (0xfb38080aab1c in /usr/local/lib/python3.12/dist-packages/torch/lib/libtorch_cpu.so)
frame #7: c10d::ProcessGroupNCCL::HeartbeatMonitor::runLoop() + 0x330 (0xfb37eb687350 in /usr/local/lib/python3.12/dist-packages/torch/lib/libtorch_cuda.so)
frame #8: <unknown function> + 0xe1ae0 (0xfb389bad1ae0 in /lib/aarch64-linux-gnu/libstdc++.so.6)
frame #9: <unknown function> + 0x8582c (0xfb389c99582c in /lib/aarch64-linux-gnu/libc.so.6)
frame #10: <unknown function> + 0xeb79c (0xfb389c9fb79c in /lib/aarch64-linux-gnu/libc.so.6)

[rank1]:[W910 05:57:33.299423748 ProcessGroupNCCL.cpp:1876] [PG ID 0 PG GUID 0 Rank 1] Failed to check the "should dump" flag on TCPStore, (maybe TCPStore server has shut down too early), with error: Broken pipe
[rank1]:[W910 05:57:34.300059581 TCPStore.cpp:106] [c10d] sendBytes failed on SocketImpl(fd=48, addr=[kiwi.200gb]:45988, remote=[emu.200gb]:29553): Broken pipe
Exception raised from sendBytes at /__w/pytorch/pytorch/torch/csrc/distributed/c10d/Utils.hpp:758 (most recent call first):
frame #0: c10::Error::Error(c10::SourceLocation, std::__cxx11::basic_string<char, std::char_traits<char>, std::allocator<char> >) + 0xc8 (0xfb37ea73e158 in /usr/local/lib/python3.12/dist-packages/torch/lib/libc10.so)
frame #1: c10::DistError::DistError(c10::SourceLocation, std::__cxx11::basic_string<char, std::char_traits<char>, std::allocator<char> >) + 0x78 (0xfb37ea73ed48 in /usr/local/lib/python3.12/dist-packages/torch/lib/libc10.so)
frame #2: c10::DistNetworkError::DistNetworkError(c10::SourceLocation, std::__cxx11::basic_string<char, std::char_traits<char>, std::allocator<char> >) + 0x78 (0xfb37ea73f0c8 in /usr/local/lib/python3.12/dist-packages/torch/lib/libc10.so)
frame #3: <unknown function> + 0x70b77ec (0xfb38080a77ec in /usr/local/lib/python3.12/dist-packages/torch/lib/libtorch_cpu.so)
frame #4: <unknown function> + 0x70b9aa4 (0xfb38080a9aa4 in /usr/local/lib/python3.12/dist-packages/torch/lib/libtorch_cpu.so)
frame #5: <unknown function> + 0x70b9c18 (0xfb38080a9c18 in /usr/local/lib/python3.12/dist-packages/torch/lib/libtorch_cpu.so)
frame #6: c10d::TCPStore::check(std::vector<std::__cxx11::basic_string<char, std::char_traits<char>, std::allocator<char> >, std::allocator<std::__cxx11::basic_string<char, std::char_traits<char>, std::allocator<char> > > > const&) + 0x23c (0xfb38080aab1c in /usr/local/lib/python3.12/dist-packages/torch/lib/libtorch_cpu.so)
frame #7: c10d::ProcessGroupNCCL::HeartbeatMonitor::runLoop() + 0x330 (0xfb37eb687350 in /usr/local/lib/python3.12/dist-packages/torch/lib/libtorch_cuda.so)
frame #8: <unknown function> + 0xe1ae0 (0xfb389bad1ae0 in /lib/aarch64-linux-gnu/libstdc++.so.6)
frame #9: <unknown function> + 0x8582c (0xfb389c99582c in /lib/aarch64-linux-gnu/libc.so.6)
frame #10: <unknown function> + 0xeb79c (0xfb389c9fb79c in /lib/aarch64-linux-gnu/libc.so.6)

[rank1]:[W910 05:57:34.302370192 ProcessGroupNCCL.cpp:1876] [PG ID 0 PG GUID 0 Rank 1] Failed to check the "should dump" flag on TCPStore, (maybe TCPStore server has shut down too early), with error: Broken pipe
[rank1]:[W910 05:57:35.302980361 TCPStore.cpp:106] [c10d] sendBytes failed on SocketImpl(fd=48, addr=[kiwi.200gb]:45988, remote=[emu.200gb]:29553): Broken pipe
Exception raised from sendBytes at /__w/pytorch/pytorch/torch/csrc/distributed/c10d/Utils.hpp:758 (most recent call first):
frame #0: c10::Error::Error(c10::SourceLocation, std::__cxx11::basic_string<char, std::char_traits<char>, std::allocator<char> >) + 0xc8 (0xfb37ea73e158 in /usr/local/lib/python3.12/dist-packages/torch/lib/libc10.so)
frame #1: c10::DistError::DistError(c10::SourceLocation, std::__cxx11::basic_string<char, std::char_traits<char>, std::allocator<char> >) + 0x78 (0xfb37ea73ed48 in /usr/local/lib/python3.12/dist-packages/torch/lib/libc10.so)
frame #2: c10::DistNetworkError::DistNetworkError(c10::SourceLocation, std::__cxx11::basic_string<char, std::char_traits<char>, std::allocator<char> >) + 0x78 (0xfb37ea73f0c8 in /usr/local/lib/python3.12/dist-packages/torch/lib/libc10.so)
frame #3: <unknown function> + 0x70b77ec (0xfb38080a77ec in /usr/local/lib/python3.12/dist-packages/torch/lib/libtorch_cpu.so)
frame #4: <unknown function> + 0x70b9aa4 (0xfb38080a9aa4 in /usr/local/lib/python3.12/dist-packages/torch/lib/libtorch_cpu.so)
frame #5: <unknown function> + 0x70b9c18 (0xfb38080a9c18 in /usr/local/lib/python3.12/dist-packages/torch/lib/libtorch_cpu.so)
frame #6: c10d::TCPStore::check(std::vector<std::__cxx11::basic_string<char, std::char_traits<char>, std::allocator<char> >, std::allocator<std::__cxx11::basic_string<char, std::char_traits<char>, std::allocator<char> > > > const&) + 0x23c (0xfb38080aab1c in /usr/local/lib/python3.12/dist-packages/torch/lib/libtorch_cpu.so)
frame #7: c10d::ProcessGroupNCCL::HeartbeatMonitor::runLoop() + 0x330 (0xfb37eb687350 in /usr/local/lib/python3.12/dist-packages/torch/lib/libtorch_cuda.so)
frame #8: <unknown function> + 0xe1ae0 (0xfb389bad1ae0 in /lib/aarch64-linux-gnu/libstdc++.so.6)
frame #9: <unknown function> + 0x8582c (0xfb389c99582c in /lib/aarch64-linux-gnu/libc.so.6)
frame #10: <unknown function> + 0xeb79c (0xfb389c9fb79c in /lib/aarch64-linux-gnu/libc.so.6)

[rank1]:[W910 05:57:35.304990139 ProcessGroupNCCL.cpp:1876] [PG ID 0 PG GUID 0 Rank 1] Failed to check the "should dump" flag on TCPStore, (maybe TCPStore server has shut down too early), with error: Broken pipe
[rank1]:[W910 05:57:36.305166180 TCPStore.cpp:106] [c10d] sendBytes failed on SocketImpl(fd=48, addr=[kiwi.200gb]:45988, remote=[emu.200gb]:29553): Broken pipe
Exception raised from sendBytes at /__w/pytorch/pytorch/torch/csrc/distributed/c10d/Utils.hpp:758 (most recent call first):
frame #0: c10::Error::Error(c10::SourceLocation, std::__cxx11::basic_string<char, std::char_traits<char>, std::allocator<char> >) + 0xc8 (0xfb37ea73e158 in /usr/local/lib/python3.12/dist-packages/torch/lib/libc10.so)
frame #1: c10::DistError::DistError(c10::SourceLocation, std::__cxx11::basic_string<char, std::char_traits<char>, std::allocator<char> >) + 0x78 (0xfb37ea73ed48 in /usr/local/lib/python3.12/dist-packages/torch/lib/libc10.so)
frame #2: c10::DistNetworkError::DistNetworkError(c10::SourceLocation, std::__cxx11::basic_string<char, std::char_traits<char>, std::allocator<char> >) + 0x78 (0xfb37ea73f0c8 in /usr/local/lib/python3.12/dist-packages/torch/lib/libc10.so)
frame #3: <unknown function> + 0x70b77ec (0xfb38080a77ec in /usr/local/lib/python3.12/dist-packages/torch/lib/libtorch_cpu.so)
frame #4: <unknown function> + 0x70b9aa4 (0xfb38080a9aa4 in /usr/local/lib/python3.12/dist-packages/torch/lib/libtorch_cpu.so)
frame #5: <unknown function> + 0x70b9c18 (0xfb38080a9c18 in /usr/local/lib/python3.12/dist-packages/torch/lib/libtorch_cpu.so)
frame #6: c10d::TCPStore::check(std::vector<std::__cxx11::basic_string<char, std::char_traits<char>, std::allocator<char> >, std::allocator<std::__cxx11::basic_string<char, std::char_traits<char>, std::allocator<char> > > > const&) + 0x23c (0xfb38080aab1c in /usr/local/lib/python3.12/dist-packages/torch/lib/libtorch_cpu.so)
frame #7: c10d::ProcessGroupNCCL::HeartbeatMonitor::runLoop() + 0x330 (0xfb37eb687350 in /usr/local/lib/python3.12/dist-packages/torch/lib/libtorch_cuda.so)
frame #8: <unknown function> + 0xe1ae0 (0xfb389bad1ae0 in /lib/aarch64-linux-gnu/libstdc++.so.6)
frame #9: <unknown function> + 0x8582c (0xfb389c99582c in /lib/aarch64-linux-gnu/libc.so.6)
frame #10: <unknown function> + 0xeb79c (0xfb389c9fb79c in /lib/aarch64-linux-gnu/libc.so.6)

[rank1]:[W910 05:57:36.307040934 ProcessGroupNCCL.cpp:1876] [PG ID 0 PG GUID 0 Rank 1] Failed to check the "should dump" flag on TCPStore, (maybe TCPStore server has shut down too early), with error: Broken pipe
[rank1]:[W910 05:57:37.307655025 TCPStore.cpp:106] [c10d] sendBytes failed on SocketImpl(fd=48, addr=[kiwi.200gb]:45988, remote=[emu.200gb]:29553): Broken pipe
Exception raised from sendBytes at /__w/pytorch/pytorch/torch/csrc/distributed/c10d/Utils.hpp:758 (most recent call first):
frame #0: c10::Error::Error(c10::SourceLocation, std::__cxx11::basic_string<char, std::char_traits<char>, std::allocator<char> >) + 0xc8 (0xfb37ea73e158 in /usr/local/lib/python3.12/dist-packages/torch/lib/libc10.so)
frame #1: c10::DistError::DistError(c10::SourceLocation, std::__cxx11::basic_string<char, std::char_traits<char>, std::allocator<char> >) + 0x78 (0xfb37ea73ed48 in /usr/local/lib/python3.12/dist-packages/torch/lib/libc10.so)
frame #2: c10::DistNetworkError::DistNetworkError(c10::SourceLocation, std::__cxx11::basic_string<char, std::char_traits<char>, std::allocator<char> >) + 0x78 (0xfb37ea73f0c8 in /usr/local/lib/python3.12/dist-packages/torch/lib/libc10.so)
frame #3: <unknown function> + 0x70b77ec (0xfb38080a77ec in /usr/local/lib/python3.12/dist-packages/torch/lib/libtorch_cpu.so)
frame #4: <unknown function> + 0x70b9aa4 (0xfb38080a9aa4 in /usr/local/lib/python3.12/dist-packages/torch/lib/libtorch_cpu.so)
frame #5: <unknown function> + 0x70b9c18 (0xfb38080a9c18 in /usr/local/lib/python3.12/dist-packages/torch/lib/libtorch_cpu.so)
frame #6: c10d::TCPStore::check(std::vector<std::__cxx11::basic_string<char, std::char_traits<char>, std::allocator<char> >, std::allocator<std::__cxx11::basic_string<char, std::char_traits<char>, std::allocator<char> > > > const&) + 0x23c (0xfb38080aab1c in /usr/local/lib/python3.12/dist-packages/torch/lib/libtorch_cpu.so)
frame #7: c10d::ProcessGroupNCCL::HeartbeatMonitor::runLoop() + 0x330 (0xfb37eb687350 in /usr/local/lib/python3.12/dist-packages/torch/lib/libtorch_cuda.so)
frame #8: <unknown function> + 0xe1ae0 (0xfb389bad1ae0 in /lib/aarch64-linux-gnu/libstdc++.so.6)
frame #9: <unknown function> + 0x8582c (0xfb389c99582c in /lib/aarch64-linux-gnu/libc.so.6)
frame #10: <unknown function> + 0xeb79c (0xfb389c9fb79c in /lib/aarch64-linux-gnu/libc.so.6)

[rank1]:[W910 05:57:37.309695475 ProcessGroupNCCL.cpp:1876] [PG ID 0 PG GUID 0 Rank 1] Failed to check the "should dump" flag on TCPStore, (maybe TCPStore server has shut down too early), with error: Broken pipe
[rank1]:[W910 05:57:38.309811245 TCPStore.cpp:106] [c10d] sendBytes failed on SocketImpl(fd=48, addr=[kiwi.200gb]:45988, remote=[emu.200gb]:29553): Broken pipe
Exception raised from sendBytes at /__w/pytorch/pytorch/torch/csrc/distributed/c10d/Utils.hpp:758 (most recent call first):
frame #0: c10::Error::Error(c10::SourceLocation, std::__cxx11::basic_string<char, std::char_traits<char>, std::allocator<char> >) + 0xc8 (0xfb37ea73e158 in /usr/local/lib/python3.12/dist-packages/torch/lib/libc10.so)
frame #1: c10::DistError::DistError(c10::SourceLocation, std::__cxx11::basic_string<char, std::char_traits<char>, std::allocator<char> >) + 0x78 (0xfb37ea73ed48 in /usr/local/lib/python3.12/dist-packages/torch/lib/libc10.so)
frame #2: c10::DistNetworkError::DistNetworkError(c10::SourceLocation, std::__cxx11::basic_string<char, std::char_traits<char>, std::allocator<char> >) + 0x78 (0xfb37ea73f0c8 in /usr/local/lib/python3.12/dist-packages/torch/lib/libc10.so)
frame #3: <unknown function> + 0x70b77ec (0xfb38080a77ec in /usr/local/lib/python3.12/dist-packages/torch/lib/libtorch_cpu.so)
frame #4: <unknown function> + 0x70b9aa4 (0xfb38080a9aa4 in /usr/local/lib/python3.12/dist-packages/torch/lib/libtorch_cpu.so)
frame #5: <unknown function> + 0x70b9c18 (0xfb38080a9c18 in /usr/local/lib/python3.12/dist-packages/torch/lib/libtorch_cpu.so)
frame #6: c10d::TCPStore::check(std::vector<std::__cxx11::basic_string<char, std::char_traits<char>, std::allocator<char> >, std::allocator<std::__cxx11::basic_string<char, std::char_traits<char>, std::allocator<char> > > > const&) + 0x23c (0xfb38080aab1c in /usr/local/lib/python3.12/dist-packages/torch/lib/libtorch_cpu.so)
frame #7: c10d::ProcessGroupNCCL::HeartbeatMonitor::runLoop() + 0x330 (0xfb37eb687350 in /usr/local/lib/python3.12/dist-packages/torch/lib/libtorch_cuda.so)
frame #8: <unknown function> + 0xe1ae0 (0xfb389bad1ae0 in /lib/aarch64-linux-gnu/libstdc++.so.6)
frame #9: <unknown function> + 0x8582c (0xfb389c99582c in /lib/aarch64-linux-gnu/libc.so.6)
frame #10: <unknown function> + 0xeb79c (0xfb389c9fb79c in /lib/aarch64-linux-gnu/libc.so.6)

[rank1]:[W910 05:57:38.311668863 ProcessGroupNCCL.cpp:1876] [PG ID 0 PG GUID 0 Rank 1] Failed to check the "should dump" flag on TCPStore, (maybe TCPStore server has shut down too early), with error: Broken pipe
[rank1]:[W910 05:57:39.311997881 TCPStore.cpp:106] [c10d] sendBytes failed on SocketImpl(fd=48, addr=[kiwi.200gb]:45988, remote=[emu.200gb]:29553): Broken pipe
Exception raised from sendBytes at /__w/pytorch/pytorch/torch/csrc/distributed/c10d/Utils.hpp:758 (most recent call first):
frame #0: c10::Error::Error(c10::SourceLocation, std::__cxx11::basic_string<char, std::char_traits<char>, std::allocator<char> >) + 0xc8 (0xfb37ea73e158 in /usr/local/lib/python3.12/dist-packages/torch/lib/libc10.so)
frame #1: c10::DistError::DistError(c10::SourceLocation, std::__cxx11::basic_string<char, std::char_traits<char>, std::allocator<char> >) + 0x78 (0xfb37ea73ed48 in /usr/local/lib/python3.12/dist-packages/torch/lib/libc10.so)
frame #2: c10::DistNetworkError::DistNetworkError(c10::SourceLocation, std::__cxx11::basic_string<char, std::char_traits<char>, std::allocator<char> >) + 0x78 (0xfb37ea73f0c8 in /usr/local/lib/python3.12/dist-packages/torch/lib/libc10.so)
frame #3: <unknown function> + 0x70b77ec (0xfb38080a77ec in /usr/local/lib/python3.12/dist-packages/torch/lib/libtorch_cpu.so)
frame #4: <unknown function> + 0x70b9aa4 (0xfb38080a9aa4 in /usr/local/lib/python3.12/dist-packages/torch/lib/libtorch_cpu.so)
frame #5: <unknown function> + 0x70b9c18 (0xfb38080a9c18 in /usr/local/lib/python3.12/dist-packages/torch/lib/libtorch_cpu.so)
frame #6: c10d::TCPStore::check(std::vector<std::__cxx11::basic_string<char, std::char_traits<char>, std::allocator<char> >, std::allocator<std::__cxx11::basic_string<char, std::char_traits<char>, std::allocator<char> > > > const&) + 0x23c (0xfb38080aab1c in /usr/local/lib/python3.12/dist-packages/torch/lib/libtorch_cpu.so)
frame #7: c10d::ProcessGroupNCCL::HeartbeatMonitor::runLoop() + 0x330 (0xfb37eb687350 in /usr/local/lib/python3.12/dist-packages/torch/lib/libtorch_cuda.so)
frame #8: <unknown function> + 0xe1ae0 (0xfb389bad1ae0 in /lib/aarch64-linux-gnu/libstdc++.so.6)
frame #9: <unknown function> + 0x8582c (0xfb389c99582c in /lib/aarch64-linux-gnu/libc.so.6)
frame #10: <unknown function> + 0xeb79c (0xfb389c9fb79c in /lib/aarch64-linux-gnu/libc.so.6)

[rank1]:[W910 05:57:39.313980539 ProcessGroupNCCL.cpp:1876] [PG ID 0 PG GUID 0 Rank 1] Failed to check the "should dump" flag on TCPStore, (maybe TCPStore server has shut down too early), with error: Broken pipe
[rank1]:[W910 05:57:40.314600711 TCPStore.cpp:106] [c10d] sendBytes failed on SocketImpl(fd=48, addr=[kiwi.200gb]:45988, remote=[emu.200gb]:29553): Broken pipe
Exception raised from sendBytes at /__w/pytorch/pytorch/torch/csrc/distributed/c10d/Utils.hpp:758 (most recent call first):
frame #0: c10::Error::Error(c10::SourceLocation, std::__cxx11::basic_string<char, std::char_traits<char>, std::allocator<char> >) + 0xc8 (0xfb37ea73e158 in /usr/local/lib/python3.12/dist-packages/torch/lib/libc10.so)
frame #1: c10::DistError::DistError(c10::SourceLocation, std::__cxx11::basic_string<char, std::char_traits<char>, std::allocator<char> >) + 0x78 (0xfb37ea73ed48 in /usr/local/lib/python3.12/dist-packages/torch/lib/libc10.so)
frame #2: c10::DistNetworkError::DistNetworkError(c10::SourceLocation, std::__cxx11::basic_string<char, std::char_traits<char>, std::allocator<char> >) + 0x78 (0xfb37ea73f0c8 in /usr/local/lib/python3.12/dist-packages/torch/lib/libc10.so)
frame #3: <unknown function> + 0x70b77ec (0xfb38080a77ec in /usr/local/lib/python3.12/dist-packages/torch/lib/libtorch_cpu.so)
frame #4: <unknown function> + 0x70b9aa4 (0xfb38080a9aa4 in /usr/local/lib/python3.12/dist-packages/torch/lib/libtorch_cpu.so)
frame #5: <unknown function> + 0x70b9c18 (0xfb38080a9c18 in /usr/local/lib/python3.12/dist-packages/torch/lib/libtorch_cpu.so)
frame #6: c10d::TCPStore::check(std::vector<std::__cxx11::basic_string<char, std::char_traits<char>, std::allocator<char> >, std::allocator<std::__cxx11::basic_string<char, std::char_traits<char>, std::allocator<char> > > > const&) + 0x23c (0xfb38080aab1c in /usr/local/lib/python3.12/dist-packages/torch/lib/libtorch_cpu.so)
frame #7: c10d::ProcessGroupNCCL::HeartbeatMonitor::runLoop() + 0x330 (0xfb37eb687350 in /usr/local/lib/python3.12/dist-packages/torch/lib/libtorch_cuda.so)
frame #8: <unknown function> + 0xe1ae0 (0xfb389bad1ae0 in /lib/aarch64-linux-gnu/libstdc++.so.6)
frame #9: <unknown function> + 0x8582c (0xfb389c99582c in /lib/aarch64-linux-gnu/libc.so.6)
frame #10: <unknown function> + 0xeb79c (0xfb389c9fb79c in /lib/aarch64-linux-gnu/libc.so.6)

[rank1]:[W910 05:57:40.316549481 ProcessGroupNCCL.cpp:1876] [PG ID 0 PG GUID 0 Rank 1] Failed to check the "should dump" flag on TCPStore, (maybe TCPStore server has shut down too early), with error: Broken pipe
[rank1]:[W910 05:57:41.317164932 TCPStore.cpp:106] [c10d] sendBytes failed on SocketImpl(fd=48, addr=[kiwi.200gb]:45988, remote=[emu.200gb]:29553): Broken pipe
Exception raised from sendBytes at /__w/pytorch/pytorch/torch/csrc/distributed/c10d/Utils.hpp:758 (most recent call first):
frame #0: c10::Error::Error(c10::SourceLocation, std::__cxx11::basic_string<char, std::char_traits<char>, std::allocator<char> >) + 0xc8 (0xfb37ea73e158 in /usr/local/lib/python3.12/dist-packages/torch/lib/libc10.so)
frame #1: c10::DistError::DistError(c10::SourceLocation, std::__cxx11::basic_string<char, std::char_traits<char>, std::allocator<char> >) + 0x78 (0xfb37ea73ed48 in /usr/local/lib/python3.12/dist-packages/torch/lib/libc10.so)
frame #2: c10::DistNetworkError::DistNetworkError(c10::SourceLocation, std::__cxx11::basic_string<char, std::char_traits<char>, std::allocator<char> >) + 0x78 (0xfb37ea73f0c8 in /usr/local/lib/python3.12/dist-packages/torch/lib/libc10.so)
frame #3: <unknown function> + 0x70b77ec (0xfb38080a77ec in /usr/local/lib/python3.12/dist-packages/torch/lib/libtorch_cpu.so)
frame #4: <unknown function> + 0x70b9aa4 (0xfb38080a9aa4 in /usr/local/lib/python3.12/dist-packages/torch/lib/libtorch_cpu.so)
frame #5: <unknown function> + 0x70b9c18 (0xfb38080a9c18 in /usr/local/lib/python3.12/dist-packages/torch/lib/libtorch_cpu.so)
frame #6: c10d::TCPStore::check(std::vector<std::__cxx11::basic_string<char, std::char_traits<char>, std::allocator<char> >, std::allocator<std::__cxx11::basic_string<char, std::char_traits<char>, std::allocator<char> > > > const&) + 0x23c (0xfb38080aab1c in /usr/local/lib/python3.12/dist-packages/torch/lib/libtorch_cpu.so)
frame #7: c10d::ProcessGroupNCCL::HeartbeatMonitor::runLoop() + 0x330 (0xfb37eb687350 in /usr/local/lib/python3.12/dist-packages/torch/lib/libtorch_cuda.so)
frame #8: <unknown function> + 0xe1ae0 (0xfb389bad1ae0 in /lib/aarch64-linux-gnu/libstdc++.so.6)
frame #9: <unknown function> + 0x8582c (0xfb389c99582c in /lib/aarch64-linux-gnu/libc.so.6)
frame #10: <unknown function> + 0xeb79c (0xfb389c9fb79c in /lib/aarch64-linux-gnu/libc.so.6)

[rank1]:[W910 05:57:41.319671959 ProcessGroupNCCL.cpp:1876] [PG ID 0 PG GUID 0 Rank 1] Failed to check the "should dump" flag on TCPStore, (maybe TCPStore server has shut down too early), with error: Broken pipe
[rank1]:[W910 05:57:42.319993362 TCPStore.cpp:106] [c10d] sendBytes failed on SocketImpl(fd=48, addr=[kiwi.200gb]:45988, remote=[emu.200gb]:29553): Broken pipe
Exception raised from sendBytes at /__w/pytorch/pytorch/torch/csrc/distributed/c10d/Utils.hpp:758 (most recent call first):
frame #0: c10::Error::Error(c10::SourceLocation, std::__cxx11::basic_string<char, std::char_traits<char>, std::allocator<char> >) + 0xc8 (0xfb37ea73e158 in /usr/local/lib/python3.12/dist-packages/torch/lib/libc10.so)
frame #1: c10::DistError::DistError(c10::SourceLocation, std::__cxx11::basic_string<char, std::char_traits<char>, std::allocator<char> >) + 0x78 (0xfb37ea73ed48 in /usr/local/lib/python3.12/dist-packages/torch/lib/libc10.so)
frame #2: c10::DistNetworkError::DistNetworkError(c10::SourceLocation, std::__cxx11::basic_string<char, std::char_traits<char>, std::allocator<char> >) + 0x78 (0xfb37ea73f0c8 in /usr/local/lib/python3.12/dist-packages/torch/lib/libc10.so)
frame #3: <unknown function> + 0x70b77ec (0xfb38080a77ec in /usr/local/lib/python3.12/dist-packages/torch/lib/libtorch_cpu.so)
frame #4: <unknown function> + 0x70b9aa4 (0xfb38080a9aa4 in /usr/local/lib/python3.12/dist-packages/torch/lib/libtorch_cpu.so)
frame #5: <unknown function> + 0x70b9c18 (0xfb38080a9c18 in /usr/local/lib/python3.12/dist-packages/torch/lib/libtorch_cpu.so)
frame #6: c10d::TCPStore::check(std::vector<std::__cxx11::basic_string<char, std::char_traits<char>, std::allocator<char> >, std::allocator<std::__cxx11::basic_string<char, std::char_traits<char>, std::allocator<char> > > > const&) + 0x23c (0xfb38080aab1c in /usr/local/lib/python3.12/dist-packages/torch/lib/libtorch_cpu.so)
frame #7: c10d::ProcessGroupNCCL::HeartbeatMonitor::runLoop() + 0x330 (0xfb37eb687350 in /usr/local/lib/python3.12/dist-packages/torch/lib/libtorch_cuda.so)
frame #8: <unknown function> + 0xe1ae0 (0xfb389bad1ae0 in /lib/aarch64-linux-gnu/libstdc++.so.6)
frame #9: <unknown function> + 0x8582c (0xfb389c99582c in /lib/aarch64-linux-gnu/libc.so.6)
frame #10: <unknown function> + 0xeb79c (0xfb389c9fb79c in /lib/aarch64-linux-gnu/libc.so.6)

[rank1]:[W910 05:57:42.322273653 ProcessGroupNCCL.cpp:1876] [PG ID 0 PG GUID 0 Rank 1] Failed to check the "should dump" flag on TCPStore, (maybe TCPStore server has shut down too early), with error: Broken pipe
[rank1]:[W910 05:57:43.322490721 TCPStore.cpp:106] [c10d] sendBytes failed on SocketImpl(fd=48, addr=[kiwi.200gb]:45988, remote=[emu.200gb]:29553): Broken pipe
Exception raised from sendBytes at /__w/pytorch/pytorch/torch/csrc/distributed/c10d/Utils.hpp:758 (most recent call first):
frame #0: c10::Error::Error(c10::SourceLocation, std::__cxx11::basic_string<char, std::char_traits<char>, std::allocator<char> >) + 0xc8 (0xfb37ea73e158 in /usr/local/lib/python3.12/dist-packages/torch/lib/libc10.so)
frame #1: c10::DistError::DistError(c10::SourceLocation, std::__cxx11::basic_string<char, std::char_traits<char>, std::allocator<char> >) + 0x78 (0xfb37ea73ed48 in /usr/local/lib/python3.12/dist-packages/torch/lib/libc10.so)
frame #2: c10::DistNetworkError::DistNetworkError(c10::SourceLocation, std::__cxx11::basic_string<char, std::char_traits<char>, std::allocator<char> >) + 0x78 (0xfb37ea73f0c8 in /usr/local/lib/python3.12/dist-packages/torch/lib/libc10.so)
frame #3: <unknown function> + 0x70b77ec (0xfb38080a77ec in /usr/local/lib/python3.12/dist-packages/torch/lib/libtorch_cpu.so)
frame #4: <unknown function> + 0x70b9aa4 (0xfb38080a9aa4 in /usr/local/lib/python3.12/dist-packages/torch/lib/libtorch_cpu.so)
frame #5: <unknown function> + 0x70b9c18 (0xfb38080a9c18 in /usr/local/lib/python3.12/dist-packages/torch/lib/libtorch_cpu.so)
frame #6: c10d::TCPStore::check(std::vector<std::__cxx11::basic_string<char, std::char_traits<char>, std::allocator<char> >, std::allocator<std::__cxx11::basic_string<char, std::char_traits<char>, std::allocator<char> > > > const&) + 0x23c (0xfb38080aab1c in /usr/local/lib/python3.12/dist-packages/torch/lib/libtorch_cpu.so)
frame #7: c10d::ProcessGroupNCCL::HeartbeatMonitor::runLoop() + 0x330 (0xfb37eb687350 in /usr/local/lib/python3.12/dist-packages/torch/lib/libtorch_cuda.so)
frame #8: <unknown function> + 0xe1ae0 (0xfb389bad1ae0 in /lib/aarch64-linux-gnu/libstdc++.so.6)
frame #9: <unknown function> + 0x8582c (0xfb389c99582c in /lib/aarch64-linux-gnu/libc.so.6)
frame #10: <unknown function> + 0xeb79c (0xfb389c9fb79c in /lib/aarch64-linux-gnu/libc.so.6)

[rank1]:[W910 05:57:43.324328099 ProcessGroupNCCL.cpp:1876] [PG ID 0 PG GUID 0 Rank 1] Failed to check the "should dump" flag on TCPStore, (maybe TCPStore server has shut down too early), with error: Broken pipe
[rank1]:[W910 05:57:44.324549967 TCPStore.cpp:106] [c10d] sendBytes failed on SocketImpl(fd=48, addr=[kiwi.200gb]:45988, remote=[emu.200gb]:29553): Broken pipe
Exception raised from sendBytes at /__w/pytorch/pytorch/torch/csrc/distributed/c10d/Utils.hpp:758 (most recent call first):
frame #0: c10::Error::Error(c10::SourceLocation, std::__cxx11::basic_string<char, std::char_traits<char>, std::allocator<char> >) + 0xc8 (0xfb37ea73e158 in /usr/local/lib/python3.12/dist-packages/torch/lib/libc10.so)
frame #1: c10::DistError::DistError(c10::SourceLocation, std::__cxx11::basic_string<char, std::char_traits<char>, std::allocator<char> >) + 0x78 (0xfb37ea73ed48 in /usr/local/lib/python3.12/dist-packages/torch/lib/libc10.so)
frame #2: c10::DistNetworkError::DistNetworkError(c10::SourceLocation, std::__cxx11::basic_string<char, std::char_traits<char>, std::allocator<char> >) + 0x78 (0xfb37ea73f0c8 in /usr/local/lib/python3.12/dist-packages/torch/lib/libc10.so)
frame #3: <unknown function> + 0x70b77ec (0xfb38080a77ec in /usr/local/lib/python3.12/dist-packages/torch/lib/libtorch_cpu.so)
frame #4: <unknown function> + 0x70b9aa4 (0xfb38080a9aa4 in /usr/local/lib/python3.12/dist-packages/torch/lib/libtorch_cpu.so)
frame #5: <unknown function> + 0x70b9c18 (0xfb38080a9c18 in /usr/local/lib/python3.12/dist-packages/torch/lib/libtorch_cpu.so)
frame #6: c10d::TCPStore::check(std::vector<std::__cxx11::basic_string<char, std::char_traits<char>, std::allocator<char> >, std::allocator<std::__cxx11::basic_string<char, std::char_traits<char>, std::allocator<char> > > > const&) + 0x23c (0xfb38080aab1c in /usr/local/lib/python3.12/dist-packages/torch/lib/libtorch_cpu.so)
frame #7: c10d::ProcessGroupNCCL::HeartbeatMonitor::runLoop() + 0x330 (0xfb37eb687350 in /usr/local/lib/python3.12/dist-packages/torch/lib/libtorch_cuda.so)
frame #8: <unknown function> + 0xe1ae0 (0xfb389bad1ae0 in /lib/aarch64-linux-gnu/libstdc++.so.6)
frame #9: <unknown function> + 0x8582c (0xfb389c99582c in /lib/aarch64-linux-gnu/libc.so.6)
frame #10: <unknown function> + 0xeb79c (0xfb389c9fb79c in /lib/aarch64-linux-gnu/libc.so.6)

[rank1]:[W910 05:57:44.326430289 ProcessGroupNCCL.cpp:1876] [PG ID 0 PG GUID 0 Rank 1] Failed to check the "should dump" flag on TCPStore, (maybe TCPStore server has shut down too early), with error: Broken pipe
[rank1]:[W910 05:57:45.326858095 TCPStore.cpp:106] [c10d] sendBytes failed on SocketImpl(fd=48, addr=[kiwi.200gb]:45988, remote=[emu.200gb]:29553): Broken pipe
Exception raised from sendBytes at /__w/pytorch/pytorch/torch/csrc/distributed/c10d/Utils.hpp:758 (most recent call first):
frame #0: c10::Error::Error(c10::SourceLocation, std::__cxx11::basic_string<char, std::char_traits<char>, std::allocator<char> >) + 0xc8 (0xfb37ea73e158 in /usr/local/lib/python3.12/dist-packages/torch/lib/libc10.so)
frame #1: c10::DistError::DistError(c10::SourceLocation, std::__cxx11::basic_string<char, std::char_traits<char>, std::allocator<char> >) + 0x78 (0xfb37ea73ed48 in /usr/local/lib/python3.12/dist-packages/torch/lib/libc10.so)
frame #2: c10::DistNetworkError::DistNetworkError(c10::SourceLocation, std::__cxx11::basic_string<char, std::char_traits<char>, std::allocator<char> >) + 0x78 (0xfb37ea73f0c8 in /usr/local/lib/python3.12/dist-packages/torch/lib/libc10.so)
frame #3: <unknown function> + 0x70b77ec (0xfb38080a77ec in /usr/local/lib/python3.12/dist-packages/torch/lib/libtorch_cpu.so)
frame #4: <unknown function> + 0x70b9aa4 (0xfb38080a9aa4 in /usr/local/lib/python3.12/dist-packages/torch/lib/libtorch_cpu.so)
frame #5: <unknown function> + 0x70b9c18 (0xfb38080a9c18 in /usr/local/lib/python3.12/dist-packages/torch/lib/libtorch_cpu.so)
frame #6: c10d::TCPStore::check(std::vector<std::__cxx11::basic_string<char, std::char_traits<char>, std::allocator<char> >, std::allocator<std::__cxx11::basic_string<char, std::char_traits<char>, std::allocator<char> > > > const&) + 0x23c (0xfb38080aab1c in /usr/local/lib/python3.12/dist-packages/torch/lib/libtorch_cpu.so)
frame #7: c10d::ProcessGroupNCCL::HeartbeatMonitor::runLoop() + 0x330 (0xfb37eb687350 in /usr/local/lib/python3.12/dist-packages/torch/lib/libtorch_cuda.so)
frame #8: <unknown function> + 0xe1ae0 (0xfb389bad1ae0 in /lib/aarch64-linux-gnu/libstdc++.so.6)
frame #9: <unknown function> + 0x8582c (0xfb389c99582c in /lib/aarch64-linux-gnu/libc.so.6)
frame #10: <unknown function> + 0xeb79c (0xfb389c9fb79c in /lib/aarch64-linux-gnu/libc.so.6)

[rank1]:[W910 05:57:45.328949681 ProcessGroupNCCL.cpp:1876] [PG ID 0 PG GUID 0 Rank 1] Failed to check the "should dump" flag on TCPStore, (maybe TCPStore server has shut down too early), with error: Broken pipe
[rank1]:[W910 05:57:46.329560207 TCPStore.cpp:106] [c10d] sendBytes failed on SocketImpl(fd=48, addr=[kiwi.200gb]:45988, remote=[emu.200gb]:29553): Broken pipe
Exception raised from sendBytes at /__w/pytorch/pytorch/torch/csrc/distributed/c10d/Utils.hpp:758 (most recent call first):
frame #0: c10::Error::Error(c10::SourceLocation, std::__cxx11::basic_string<char, std::char_traits<char>, std::allocator<char> >) + 0xc8 (0xfb37ea73e158 in /usr/local/lib/python3.12/dist-packages/torch/lib/libc10.so)
frame #1: c10::DistError::DistError(c10::SourceLocation, std::__cxx11::basic_string<char, std::char_traits<char>, std::allocator<char> >) + 0x78 (0xfb37ea73ed48 in /usr/local/lib/python3.12/dist-packages/torch/lib/libc10.so)
frame #2: c10::DistNetworkError::DistNetworkError(c10::SourceLocation, std::__cxx11::basic_string<char, std::char_traits<char>, std::allocator<char> >) + 0x78 (0xfb37ea73f0c8 in /usr/local/lib/python3.12/dist-packages/torch/lib/libc10.so)
frame #3: <unknown function> + 0x70b77ec (0xfb38080a77ec in /usr/local/lib/python3.12/dist-packages/torch/lib/libtorch_cpu.so)
frame #4: <unknown function> + 0x70b9aa4 (0xfb38080a9aa4 in /usr/local/lib/python3.12/dist-packages/torch/lib/libtorch_cpu.so)
frame #5: <unknown function> + 0x70b9c18 (0xfb38080a9c18 in /usr/local/lib/python3.12/dist-packages/torch/lib/libtorch_cpu.so)
frame #6: c10d::TCPStore::check(std::vector<std::__cxx11::basic_string<char, std::char_traits<char>, std::allocator<char> >, std::allocator<std::__cxx11::basic_string<char, std::char_traits<char>, std::allocator<char> > > > const&) + 0x23c (0xfb38080aab1c in /usr/local/lib/python3.12/dist-packages/torch/lib/libtorch_cpu.so)
frame #7: c10d::ProcessGroupNCCL::HeartbeatMonitor::runLoop() + 0x330 (0xfb37eb687350 in /usr/local/lib/python3.12/dist-packages/torch/lib/libtorch_cuda.so)
frame #8: <unknown function> + 0xe1ae0 (0xfb389bad1ae0 in /lib/aarch64-linux-gnu/libstdc++.so.6)
frame #9: <unknown function> + 0x8582c (0xfb389c99582c in /lib/aarch64-linux-gnu/libc.so.6)
frame #10: <unknown function> + 0xeb79c (0xfb389c9fb79c in /lib/aarch64-linux-gnu/libc.so.6)

[rank1]:[W910 05:57:46.331952289 ProcessGroupNCCL.cpp:1876] [PG ID 0 PG GUID 0 Rank 1] Failed to check the "should dump" flag on TCPStore, (maybe TCPStore server has shut down too early), with error: Broken pipe
[rank1]:[W910 05:57:47.332560127 TCPStore.cpp:106] [c10d] sendBytes failed on SocketImpl(fd=48, addr=[kiwi.200gb]:45988, remote=[emu.200gb]:29553): Broken pipe
Exception raised from sendBytes at /__w/pytorch/pytorch/torch/csrc/distributed/c10d/Utils.hpp:758 (most recent call first):
frame #0: c10::Error::Error(c10::SourceLocation, std::__cxx11::basic_string<char, std::char_traits<char>, std::allocator<char> >) + 0xc8 (0xfb37ea73e158 in /usr/local/lib/python3.12/dist-packages/torch/lib/libc10.so)
frame #1: c10::DistError::DistError(c10::SourceLocation, std::__cxx11::basic_string<char, std::char_traits<char>, std::allocator<char> >) + 0x78 (0xfb37ea73ed48 in /usr/local/lib/python3.12/dist-packages/torch/lib/libc10.so)
frame #2: c10::DistNetworkError::DistNetworkError(c10::SourceLocation, std::__cxx11::basic_string<char, std::char_traits<char>, std::allocator<char> >) + 0x78 (0xfb37ea73f0c8 in /usr/local/lib/python3.12/dist-packages/torch/lib/libc10.so)
frame #3: <unknown function> + 0x70b77ec (0xfb38080a77ec in /usr/local/lib/python3.12/dist-packages/torch/lib/libtorch_cpu.so)
frame #4: <unknown function> + 0x70b9aa4 (0xfb38080a9aa4 in /usr/local/lib/python3.12/dist-packages/torch/lib/libtorch_cpu.so)
frame #5: <unknown function> + 0x70b9c18 (0xfb38080a9c18 in /usr/local/lib/python3.12/dist-packages/torch/lib/libtorch_cpu.so)
frame #6: c10d::TCPStore::check(std::vector<std::__cxx11::basic_string<char, std::char_traits<char>, std::allocator<char> >, std::allocator<std::__cxx11::basic_string<char, std::char_traits<char>, std::allocator<char> > > > const&) + 0x23c (0xfb38080aab1c in /usr/local/lib/python3.12/dist-packages/torch/lib/libtorch_cpu.so)
frame #7: c10d::ProcessGroupNCCL::HeartbeatMonitor::runLoop() + 0x330 (0xfb37eb687350 in /usr/local/lib/python3.12/dist-packages/torch/lib/libtorch_cuda.so)
frame #8: <unknown function> + 0xe1ae0 (0xfb389bad1ae0 in /lib/aarch64-linux-gnu/libstdc++.so.6)
frame #9: <unknown function> + 0x8582c (0xfb389c99582c in /lib/aarch64-linux-gnu/libc.so.6)
frame #10: <unknown function> + 0xeb79c (0xfb389c9fb79c in /lib/aarch64-linux-gnu/libc.so.6)

[rank1]:[W910 05:57:47.334470849 ProcessGroupNCCL.cpp:1876] [PG ID 0 PG GUID 0 Rank 1] Failed to check the "should dump" flag on TCPStore, (maybe TCPStore server has shut down too early), with error: Broken pipe
[rank1]:[W910 05:57:48.335261936 TCPStore.cpp:106] [c10d] sendBytes failed on SocketImpl(fd=48, addr=[kiwi.200gb]:45988, remote=[emu.200gb]:29553): Broken pipe
Exception raised from sendBytes at /__w/pytorch/pytorch/torch/csrc/distributed/c10d/Utils.hpp:758 (most recent call first):
frame #0: c10::Error::Error(c10::SourceLocation, std::__cxx11::basic_string<char, std::char_traits<char>, std::allocator<char> >) + 0xc8 (0xfb37ea73e158 in /usr/local/lib/python3.12/dist-packages/torch/lib/libc10.so)
frame #1: c10::DistError::DistError(c10::SourceLocation, std::__cxx11::basic_string<char, std::char_traits<char>, std::allocator<char> >) + 0x78 (0xfb37ea73ed48 in /usr/local/lib/python3.12/dist-packages/torch/lib/libc10.so)
frame #2: c10::DistNetworkError::DistNetworkError(c10::SourceLocation, std::__cxx11::basic_string<char, std::char_traits<char>, std::allocator<char> >) + 0x78 (0xfb37ea73f0c8 in /usr/local/lib/python3.12/dist-packages/torch/lib/libc10.so)
frame #3: <unknown function> + 0x70b77ec (0xfb38080a77ec in /usr/local/lib/python3.12/dist-packages/torch/lib/libtorch_cpu.so)
frame #4: <unknown function> + 0x70b9aa4 (0xfb38080a9aa4 in /usr/local/lib/python3.12/dist-packages/torch/lib/libtorch_cpu.so)
frame #5: <unknown function> + 0x70b9c18 (0xfb38080a9c18 in /usr/local/lib/python3.12/dist-packages/torch/lib/libtorch_cpu.so)
frame #6: c10d::TCPStore::check(std::vector<std::__cxx11::basic_string<char, std::char_traits<char>, std::allocator<char> >, std::allocator<std::__cxx11::basic_string<char, std::char_traits<char>, std::allocator<char> > > > const&) + 0x23c (0xfb38080aab1c in /usr/local/lib/python3.12/dist-packages/torch/lib/libtorch_cpu.so)
frame #7: c10d::ProcessGroupNCCL::HeartbeatMonitor::runLoop() + 0x330 (0xfb37eb687350 in /usr/local/lib/python3.12/dist-packages/torch/lib/libtorch_cuda.so)
frame #8: <unknown function> + 0xe1ae0 (0xfb389bad1ae0 in /lib/aarch64-linux-gnu/libstdc++.so.6)
frame #9: <unknown function> + 0x8582c (0xfb389c99582c in /lib/aarch64-linux-gnu/libc.so.6)
frame #10: <unknown function> + 0xeb79c (0xfb389c9fb79c in /lib/aarch64-linux-gnu/libc.so.6)

[rank1]:[W910 05:57:48.337104018 ProcessGroupNCCL.cpp:1876] [PG ID 0 PG GUID 0 Rank 1] Failed to check the "should dump" flag on TCPStore, (maybe TCPStore server has shut down too early), with error: Broken pipe
[rank1]:[W910 05:57:49.337631424 TCPStore.cpp:106] [c10d] sendBytes failed on SocketImpl(fd=48, addr=[kiwi.200gb]:45988, remote=[emu.200gb]:29553): Broken pipe
Exception raised from sendBytes at /__w/pytorch/pytorch/torch/csrc/distributed/c10d/Utils.hpp:758 (most recent call first):
frame #0: c10::Error::Error(c10::SourceLocation, std::__cxx11::basic_string<char, std::char_traits<char>, std::allocator<char> >) + 0xc8 (0xfb37ea73e158 in /usr/local/lib/python3.12/dist-packages/torch/lib/libc10.so)
frame #1: c10::DistError::DistError(c10::SourceLocation, std::__cxx11::basic_string<char, std::char_traits<char>, std::allocator<char> >) + 0x78 (0xfb37ea73ed48 in /usr/local/lib/python3.12/dist-packages/torch/lib/libc10.so)
frame #2: c10::DistNetworkError::DistNetworkError(c10::SourceLocation, std::__cxx11::basic_string<char, std::char_traits<char>, std::allocator<char> >) + 0x78 (0xfb37ea73f0c8 in /usr/local/lib/python3.12/dist-packages/torch/lib/libc10.so)
frame #3: <unknown function> + 0x70b77ec (0xfb38080a77ec in /usr/local/lib/python3.12/dist-packages/torch/lib/libtorch_cpu.so)
frame #4: <unknown function> + 0x70b9aa4 (0xfb38080a9aa4 in /usr/local/lib/python3.12/dist-packages/torch/lib/libtorch_cpu.so)
frame #5: <unknown function> + 0x70b9c18 (0xfb38080a9c18 in /usr/local/lib/python3.12/dist-packages/torch/lib/libtorch_cpu.so)
frame #6: c10d::TCPStore::check(std::vector<std::__cxx11::basic_string<char, std::char_traits<char>, std::allocator<char> >, std::allocator<std::__cxx11::basic_string<char, std::char_traits<char>, std::allocator<char> > > > const&) + 0x23c (0xfb38080aab1c in /usr/local/lib/python3.12/dist-packages/torch/lib/libtorch_cpu.so)
frame #7: c10d::ProcessGroupNCCL::HeartbeatMonitor::runLoop() + 0x330 (0xfb37eb687350 in /usr/local/lib/python3.12/dist-packages/torch/lib/libtorch_cuda.so)
frame #8: <unknown function> + 0xe1ae0 (0xfb389bad1ae0 in /lib/aarch64-linux-gnu/libstdc++.so.6)
frame #9: <unknown function> + 0x8582c (0xfb389c99582c in /lib/aarch64-linux-gnu/libc.so.6)
frame #10: <unknown function> + 0xeb79c (0xfb389c9fb79c in /lib/aarch64-linux-gnu/libc.so.6)

[rank1]:[W910 05:57:49.339588130 ProcessGroupNCCL.cpp:1876] [PG ID 0 PG GUID 0 Rank 1] Failed to check the "should dump" flag on TCPStore, (maybe TCPStore server has shut down too early), with error: Broken pipe
[rank1]:[W910 05:57:50.340198977 TCPStore.cpp:106] [c10d] sendBytes failed on SocketImpl(fd=48, addr=[kiwi.200gb]:45988, remote=[emu.200gb]:29553): Broken pipe
Exception raised from sendBytes at /__w/pytorch/pytorch/torch/csrc/distributed/c10d/Utils.hpp:758 (most recent call first):
frame #0: c10::Error::Error(c10::SourceLocation, std::__cxx11::basic_string<char, std::char_traits<char>, std::allocator<char> >) + 0xc8 (0xfb37ea73e158 in /usr/local/lib/python3.12/dist-packages/torch/lib/libc10.so)
frame #1: c10::DistError::DistError(c10::SourceLocation, std::__cxx11::basic_string<char, std::char_traits<char>, std::allocator<char> >) + 0x78 (0xfb37ea73ed48 in /usr/local/lib/python3.12/dist-packages/torch/lib/libc10.so)
frame #2: c10::DistNetworkError::DistNetworkError(c10::SourceLocation, std::__cxx11::basic_string<char, std::char_traits<char>, std::allocator<char> >) + 0x78 (0xfb37ea73f0c8 in /usr/local/lib/python3.12/dist-packages/torch/lib/libc10.so)
frame #3: <unknown function> + 0x70b77ec (0xfb38080a77ec in /usr/local/lib/python3.12/dist-packages/torch/lib/libtorch_cpu.so)
frame #4: <unknown function> + 0x70b9aa4 (0xfb38080a9aa4 in /usr/local/lib/python3.12/dist-packages/torch/lib/libtorch_cpu.so)
frame #5: <unknown function> + 0x70b9c18 (0xfb38080a9c18 in /usr/local/lib/python3.12/dist-packages/torch/lib/libtorch_cpu.so)
frame #6: c10d::TCPStore::check(std::vector<std::__cxx11::basic_string<char, std::char_traits<char>, std::allocator<char> >, std::allocator<std::__cxx11::basic_string<char, std::char_traits<char>, std::allocator<char> > > > const&) + 0x23c (0xfb38080aab1c in /usr/local/lib/python3.12/dist-packages/torch/lib/libtorch_cpu.so)
frame #7: c10d::ProcessGroupNCCL::HeartbeatMonitor::runLoop() + 0x330 (0xfb37eb687350 in /usr/local/lib/python3.12/dist-packages/torch/lib/libtorch_cuda.so)
frame #8: <unknown function> + 0xe1ae0 (0xfb389bad1ae0 in /lib/aarch64-linux-gnu/libstdc++.so.6)
frame #9: <unknown function> + 0x8582c (0xfb389c99582c in /lib/aarch64-linux-gnu/libc.so.6)
frame #10: <unknown function> + 0xeb79c (0xfb389c9fb79c in /lib/aarch64-linux-gnu/libc.so.6)

[rank1]:[W910 05:57:50.342783988 ProcessGroupNCCL.cpp:1876] [PG ID 0 PG GUID 0 Rank 1] Failed to check the "should dump" flag on TCPStore, (maybe TCPStore server has shut down too early), with error: Broken pipe
[rank1]:[W910 05:57:51.343233939 TCPStore.cpp:106] [c10d] sendBytes failed on SocketImpl(fd=48, addr=[kiwi.200gb]:45988, remote=[emu.200gb]:29553): Broken pipe
Exception raised from sendBytes at /__w/pytorch/pytorch/torch/csrc/distributed/c10d/Utils.hpp:758 (most recent call first):
frame #0: c10::Error::Error(c10::SourceLocation, std::__cxx11::basic_string<char, std::char_traits<char>, std::allocator<char> >) + 0xc8 (0xfb37ea73e158 in /usr/local/lib/python3.12/dist-packages/torch/lib/libc10.so)
frame #1: c10::DistError::DistError(c10::SourceLocation, std::__cxx11::basic_string<char, std::char_traits<char>, std::allocator<char> >) + 0x78 (0xfb37ea73ed48 in /usr/local/lib/python3.12/dist-packages/torch/lib/libc10.so)
frame #2: c10::DistNetworkError::DistNetworkError(c10::SourceLocation, std::__cxx11::basic_string<char, std::char_traits<char>, std::allocator<char> >) + 0x78 (0xfb37ea73f0c8 in /usr/local/lib/python3.12/dist-packages/torch/lib/libc10.so)
frame #3: <unknown function> + 0x70b77ec (0xfb38080a77ec in /usr/local/lib/python3.12/dist-packages/torch/lib/libtorch_cpu.so)
frame #4: <unknown function> + 0x70b9aa4 (0xfb38080a9aa4 in /usr/local/lib/python3.12/dist-packages/torch/lib/libtorch_cpu.so)
frame #5: <unknown function> + 0x70b9c18 (0xfb38080a9c18 in /usr/local/lib/python3.12/dist-packages/torch/lib/libtorch_cpu.so)
frame #6: c10d::TCPStore::check(std::vector<std::__cxx11::basic_string<char, std::char_traits<char>, std::allocator<char> >, std::allocator<std::__cxx11::basic_string<char, std::char_traits<char>, std::allocator<char> > > > const&) + 0x23c (0xfb38080aab1c in /usr/local/lib/python3.12/dist-packages/torch/lib/libtorch_cpu.so)
frame #7: c10d::ProcessGroupNCCL::HeartbeatMonitor::runLoop() + 0x330 (0xfb37eb687350 in /usr/local/lib/python3.12/dist-packages/torch/lib/libtorch_cuda.so)
frame #8: <unknown function> + 0xe1ae0 (0xfb389bad1ae0 in /lib/aarch64-linux-gnu/libstdc++.so.6)
frame #9: <unknown function> + 0x8582c (0xfb389c99582c in /lib/aarch64-linux-gnu/libc.so.6)
frame #10: <unknown function> + 0xeb79c (0xfb389c9fb79c in /lib/aarch64-linux-gnu/libc.so.6)

[rank1]:[W910 05:57:51.344865685 ProcessGroupNCCL.cpp:1876] [PG ID 0 PG GUID 0 Rank 1] Failed to check the "should dump" flag on TCPStore, (maybe TCPStore server has shut down too early), with error: Broken pipe
[rank1]:[W910 05:57:52.345467508 TCPStore.cpp:106] [c10d] sendBytes failed on SocketImpl(fd=48, addr=[kiwi.200gb]:45988, remote=[emu.200gb]:29553): Broken pipe
Exception raised from sendBytes at /__w/pytorch/pytorch/torch/csrc/distributed/c10d/Utils.hpp:758 (most recent call first):
frame #0: c10::Error::Error(c10::SourceLocation, std::__cxx11::basic_string<char, std::char_traits<char>, std::allocator<char> >) + 0xc8 (0xfb37ea73e158 in /usr/local/lib/python3.12/dist-packages/torch/lib/libc10.so)
frame #1: c10::DistError::DistError(c10::SourceLocation, std::__cxx11::basic_string<char, std::char_traits<char>, std::allocator<char> >) + 0x78 (0xfb37ea73ed48 in /usr/local/lib/python3.12/dist-packages/torch/lib/libc10.so)
frame #2: c10::DistNetworkError::DistNetworkError(c10::SourceLocation, std::__cxx11::basic_string<char, std::char_traits<char>, std::allocator<char> >) + 0x78 (0xfb37ea73f0c8 in /usr/local/lib/python3.12/dist-packages/torch/lib/libc10.so)
frame #3: <unknown function> + 0x70b77ec (0xfb38080a77ec in /usr/local/lib/python3.12/dist-packages/torch/lib/libtorch_cpu.so)
frame #4: <unknown function> + 0x70b9aa4 (0xfb38080a9aa4 in /usr/local/lib/python3.12/dist-packages/torch/lib/libtorch_cpu.so)
frame #5: <unknown function> + 0x70b9c18 (0xfb38080a9c18 in /usr/local/lib/python3.12/dist-packages/torch/lib/libtorch_cpu.so)
frame #6: c10d::TCPStore::check(std::vector<std::__cxx11::basic_string<char, std::char_traits<char>, std::allocator<char> >, std::allocator<std::__cxx11::basic_string<char, std::char_traits<char>, std::allocator<char> > > > const&) + 0x23c (0xfb38080aab1c in /usr/local/lib/python3.12/dist-packages/torch/lib/libtorch_cpu.so)
frame #7: c10d::ProcessGroupNCCL::HeartbeatMonitor::runLoop() + 0x330 (0xfb37eb687350 in /usr/local/lib/python3.12/dist-packages/torch/lib/libtorch_cuda.so)
frame #8: <unknown function> + 0xe1ae0 (0xfb389bad1ae0 in /lib/aarch64-linux-gnu/libstdc++.so.6)
frame #9: <unknown function> + 0x8582c (0xfb389c99582c in /lib/aarch64-linux-gnu/libc.so.6)
frame #10: <unknown function> + 0xeb79c (0xfb389c9fb79c in /lib/aarch64-linux-gnu/libc.so.6)

[rank1]:[W910 05:57:52.347672999 ProcessGroupNCCL.cpp:1876] [PG ID 0 PG GUID 0 Rank 1] Failed to check the "should dump" flag on TCPStore, (maybe TCPStore server has shut down too early), with error: Broken pipe
[rank1]:[W910 05:57:53.347908790 TCPStore.cpp:106] [c10d] sendBytes failed on SocketImpl(fd=48, addr=[kiwi.200gb]:45988, remote=[emu.200gb]:29553): Broken pipe
Exception raised from sendBytes at /__w/pytorch/pytorch/torch/csrc/distributed/c10d/Utils.hpp:758 (most recent call first):
frame #0: c10::Error::Error(c10::SourceLocation, std::__cxx11::basic_string<char, std::char_traits<char>, std::allocator<char> >) + 0xc8 (0xfb37ea73e158 in /usr/local/lib/python3.12/dist-packages/torch/lib/libc10.so)
frame #1: c10::DistError::DistError(c10::SourceLocation, std::__cxx11::basic_string<char, std::char_traits<char>, std::allocator<char> >) + 0x78 (0xfb37ea73ed48 in /usr/local/lib/python3.12/dist-packages/torch/lib/libc10.so)
frame #2: c10::DistNetworkError::DistNetworkError(c10::SourceLocation, std::__cxx11::basic_string<char, std::char_traits<char>, std::allocator<char> >) + 0x78 (0xfb37ea73f0c8 in /usr/local/lib/python3.12/dist-packages/torch/lib/libc10.so)
frame #3: <unknown function> + 0x70b77ec (0xfb38080a77ec in /usr/local/lib/python3.12/dist-packages/torch/lib/libtorch_cpu.so)
frame #4: <unknown function> + 0x70b9aa4 (0xfb38080a9aa4 in /usr/local/lib/python3.12/dist-packages/torch/lib/libtorch_cpu.so)
frame #5: <unknown function> + 0x70b9c18 (0xfb38080a9c18 in /usr/local/lib/python3.12/dist-packages/torch/lib/libtorch_cpu.so)
frame #6: c10d::TCPStore::check(std::vector<std::__cxx11::basic_string<char, std::char_traits<char>, std::allocator<char> >, std::allocator<std::__cxx11::basic_string<char, std::char_traits<char>, std::allocator<char> > > > const&) + 0x23c (0xfb38080aab1c in /usr/local/lib/python3.12/dist-packages/torch/lib/libtorch_cpu.so)
frame #7: c10d::ProcessGroupNCCL::HeartbeatMonitor::runLoop() + 0x330 (0xfb37eb687350 in /usr/local/lib/python3.12/dist-packages/torch/lib/libtorch_cuda.so)
frame #8: <unknown function> + 0xe1ae0 (0xfb389bad1ae0 in /lib/aarch64-linux-gnu/libstdc++.so.6)
frame #9: <unknown function> + 0x8582c (0xfb389c99582c in /lib/aarch64-linux-gnu/libc.so.6)
frame #10: <unknown function> + 0xeb79c (0xfb389c9fb79c in /lib/aarch64-linux-gnu/libc.so.6)

[rank1]:[W910 05:57:53.349773672 ProcessGroupNCCL.cpp:1876] [PG ID 0 PG GUID 0 Rank 1] Failed to check the "should dump" flag on TCPStore, (maybe TCPStore server has shut down too early), with error: Broken pipe
[rank1]:[W910 05:57:54.350407929 TCPStore.cpp:106] [c10d] sendBytes failed on SocketImpl(fd=48, addr=[kiwi.200gb]:45988, remote=[emu.200gb]:29553): Broken pipe
Exception raised from sendBytes at /__w/pytorch/pytorch/torch/csrc/distributed/c10d/Utils.hpp:758 (most recent call first):
frame #0: c10::Error::Error(c10::SourceLocation, std::__cxx11::basic_string<char, std::char_traits<char>, std::allocator<char> >) + 0xc8 (0xfb37ea73e158 in /usr/local/lib/python3.12/dist-packages/torch/lib/libc10.so)
frame #1: c10::DistError::DistError(c10::SourceLocation, std::__cxx11::basic_string<char, std::char_traits<char>, std::allocator<char> >) + 0x78 (0xfb37ea73ed48 in /usr/local/lib/python3.12/dist-packages/torch/lib/libc10.so)
frame #2: c10::DistNetworkError::DistNetworkError(c10::SourceLocation, std::__cxx11::basic_string<char, std::char_traits<char>, std::allocator<char> >) + 0x78 (0xfb37ea73f0c8 in /usr/local/lib/python3.12/dist-packages/torch/lib/libc10.so)
frame #3: <unknown function> + 0x70b77ec (0xfb38080a77ec in /usr/local/lib/python3.12/dist-packages/torch/lib/libtorch_cpu.so)
frame #4: <unknown function> + 0x70b9aa4 (0xfb38080a9aa4 in /usr/local/lib/python3.12/dist-packages/torch/lib/libtorch_cpu.so)
frame #5: <unknown function> + 0x70b9c18 (0xfb38080a9c18 in /usr/local/lib/python3.12/dist-packages/torch/lib/libtorch_cpu.so)
frame #6: c10d::TCPStore::check(std::vector<std::__cxx11::basic_string<char, std::char_traits<char>, std::allocator<char> >, std::allocator<std::__cxx11::basic_string<char, std::char_traits<char>, std::allocator<char> > > > const&) + 0x23c (0xfb38080aab1c in /usr/local/lib/python3.12/dist-packages/torch/lib/libtorch_cpu.so)
frame #7: c10d::ProcessGroupNCCL::HeartbeatMonitor::runLoop() + 0x330 (0xfb37eb687350 in /usr/local/lib/python3.12/dist-packages/torch/lib/libtorch_cuda.so)
frame #8: <unknown function> + 0xe1ae0 (0xfb389bad1ae0 in /lib/aarch64-linux-gnu/libstdc++.so.6)
frame #9: <unknown function> + 0x8582c (0xfb389c99582c in /lib/aarch64-linux-gnu/libc.so.6)
frame #10: <unknown function> + 0xeb79c (0xfb389c9fb79c in /lib/aarch64-linux-gnu/libc.so.6)

[rank1]:[W910 05:57:54.352368811 ProcessGroupNCCL.cpp:1876] [PG ID 0 PG GUID 0 Rank 1] Failed to check the "should dump" flag on TCPStore, (maybe TCPStore server has shut down too early), with error: Broken pipe
[rank1]:[W910 05:57:55.352901900 TCPStore.cpp:106] [c10d] sendBytes failed on SocketImpl(fd=48, addr=[kiwi.200gb]:45988, remote=[emu.200gb]:29553): Broken pipe
Exception raised from sendBytes at /__w/pytorch/pytorch/torch/csrc/distributed/c10d/Utils.hpp:758 (most recent call first):
frame #0: c10::Error::Error(c10::SourceLocation, std::__cxx11::basic_string<char, std::char_traits<char>, std::allocator<char> >) + 0xc8 (0xfb37ea73e158 in /usr/local/lib/python3.12/dist-packages/torch/lib/libc10.so)
frame #1: c10::DistError::DistError(c10::SourceLocation, std::__cxx11::basic_string<char, std::char_traits<char>, std::allocator<char> >) + 0x78 (0xfb37ea73ed48 in /usr/local/lib/python3.12/dist-packages/torch/lib/libc10.so)
frame #2: c10::DistNetworkError::DistNetworkError(c10::SourceLocation, std::__cxx11::basic_string<char, std::char_traits<char>, std::allocator<char> >) + 0x78 (0xfb37ea73f0c8 in /usr/local/lib/python3.12/dist-packages/torch/lib/libc10.so)
frame #3: <unknown function> + 0x70b77ec (0xfb38080a77ec in /usr/local/lib/python3.12/dist-packages/torch/lib/libtorch_cpu.so)
frame #4: <unknown function> + 0x70b9aa4 (0xfb38080a9aa4 in /usr/local/lib/python3.12/dist-packages/torch/lib/libtorch_cpu.so)
frame #5: <unknown function> + 0x70b9c18 (0xfb38080a9c18 in /usr/local/lib/python3.12/dist-packages/torch/lib/libtorch_cpu.so)
frame #6: c10d::TCPStore::check(std::vector<std::__cxx11::basic_string<char, std::char_traits<char>, std::allocator<char> >, std::allocator<std::__cxx11::basic_string<char, std::char_traits<char>, std::allocator<char> > > > const&) + 0x23c (0xfb38080aab1c in /usr/local/lib/python3.12/dist-packages/torch/lib/libtorch_cpu.so)
frame #7: c10d::ProcessGroupNCCL::HeartbeatMonitor::runLoop() + 0x330 (0xfb37eb687350 in /usr/local/lib/python3.12/dist-packages/torch/lib/libtorch_cuda.so)
frame #8: <unknown function> + 0xe1ae0 (0xfb389bad1ae0 in /lib/aarch64-linux-gnu/libstdc++.so.6)
frame #9: <unknown function> + 0x8582c (0xfb389c99582c in /lib/aarch64-linux-gnu/libc.so.6)
frame #10: <unknown function> + 0xeb79c (0xfb389c9fb79c in /lib/aarch64-linux-gnu/libc.so.6)

[rank1]:[W910 05:57:55.354640206 ProcessGroupNCCL.cpp:1876] [PG ID 0 PG GUID 0 Rank 1] Failed to check the "should dump" flag on TCPStore, (maybe TCPStore server has shut down too early), with error: Broken pipe
[rank1]:[W910 05:57:56.355257743 TCPStore.cpp:106] [c10d] sendBytes failed on SocketImpl(fd=48, addr=[kiwi.200gb]:45988, remote=[emu.200gb]:29553): Broken pipe
Exception raised from sendBytes at /__w/pytorch/pytorch/torch/csrc/distributed/c10d/Utils.hpp:758 (most recent call first):
frame #0: c10::Error::Error(c10::SourceLocation, std::__cxx11::basic_string<char, std::char_traits<char>, std::allocator<char> >) + 0xc8 (0xfb37ea73e158 in /usr/local/lib/python3.12/dist-packages/torch/lib/libc10.so)
frame #1: c10::DistError::DistError(c10::SourceLocation, std::__cxx11::basic_string<char, std::char_traits<char>, std::allocator<char> >) + 0x78 (0xfb37ea73ed48 in /usr/local/lib/python3.12/dist-packages/torch/lib/libc10.so)
frame #2: c10::DistNetworkError::DistNetworkError(c10::SourceLocation, std::__cxx11::basic_string<char, std::char_traits<char>, std::allocator<char> >) + 0x78 (0xfb37ea73f0c8 in /usr/local/lib/python3.12/dist-packages/torch/lib/libc10.so)
frame #3: <unknown function> + 0x70b77ec (0xfb38080a77ec in /usr/local/lib/python3.12/dist-packages/torch/lib/libtorch_cpu.so)
frame #4: <unknown function> + 0x70b9aa4 (0xfb38080a9aa4 in /usr/local/lib/python3.12/dist-packages/torch/lib/libtorch_cpu.so)
frame #5: <unknown function> + 0x70b9c18 (0xfb38080a9c18 in /usr/local/lib/python3.12/dist-packages/torch/lib/libtorch_cpu.so)
frame #6: c10d::TCPStore::check(std::vector<std::__cxx11::basic_string<char, std::char_traits<char>, std::allocator<char> >, std::allocator<std::__cxx11::basic_string<char, std::char_traits<char>, std::allocator<char> > > > const&) + 0x23c (0xfb38080aab1c in /usr/local/lib/python3.12/dist-packages/torch/lib/libtorch_cpu.so)
frame #7: c10d::ProcessGroupNCCL::HeartbeatMonitor::runLoop() + 0x330 (0xfb37eb687350 in /usr/local/lib/python3.12/dist-packages/torch/lib/libtorch_cuda.so)
frame #8: <unknown function> + 0xe1ae0 (0xfb389bad1ae0 in /lib/aarch64-linux-gnu/libstdc++.so.6)
frame #9: <unknown function> + 0x8582c (0xfb389c99582c in /lib/aarch64-linux-gnu/libc.so.6)
frame #10: <unknown function> + 0xeb79c (0xfb389c9fb79c in /lib/aarch64-linux-gnu/libc.so.6)

[rank1]:[W910 05:57:56.357309889 ProcessGroupNCCL.cpp:1876] [PG ID 0 PG GUID 0 Rank 1] Failed to check the "should dump" flag on TCPStore, (maybe TCPStore server has shut down too early), with error: Broken pipe
[rank1]:[W910 05:57:57.357813283 TCPStore.cpp:106] [c10d] sendBytes failed on SocketImpl(fd=48, addr=[kiwi.200gb]:45988, remote=[emu.200gb]:29553): Broken pipe
Exception raised from sendBytes at /__w/pytorch/pytorch/torch/csrc/distributed/c10d/Utils.hpp:758 (most recent call first):
frame #0: c10::Error::Error(c10::SourceLocation, std::__cxx11::basic_string<char, std::char_traits<char>, std::allocator<char> >) + 0xc8 (0xfb37ea73e158 in /usr/local/lib/python3.12/dist-packages/torch/lib/libc10.so)
frame #1: c10::DistError::DistError(c10::SourceLocation, std::__cxx11::basic_string<char, std::char_traits<char>, std::allocator<char> >) + 0x78 (0xfb37ea73ed48 in /usr/local/lib/python3.12/dist-packages/torch/lib/libc10.so)
frame #2: c10::DistNetworkError::DistNetworkError(c10::SourceLocation, std::__cxx11::basic_string<char, std::char_traits<char>, std::allocator<char> >) + 0x78 (0xfb37ea73f0c8 in /usr/local/lib/python3.12/dist-packages/torch/lib/libc10.so)
frame #3: <unknown function> + 0x70b77ec (0xfb38080a77ec in /usr/local/lib/python3.12/dist-packages/torch/lib/libtorch_cpu.so)
frame #4: <unknown function> + 0x70b9aa4 (0xfb38080a9aa4 in /usr/local/lib/python3.12/dist-packages/torch/lib/libtorch_cpu.so)
frame #5: <unknown function> + 0x70b9c18 (0xfb38080a9c18 in /usr/local/lib/python3.12/dist-packages/torch/lib/libtorch_cpu.so)
frame #6: c10d::TCPStore::check(std::vector<std::__cxx11::basic_string<char, std::char_traits<char>, std::allocator<char> >, std::allocator<std::__cxx11::basic_string<char, std::char_traits<char>, std::allocator<char> > > > const&) + 0x23c (0xfb38080aab1c in /usr/local/lib/python3.12/dist-packages/torch/lib/libtorch_cpu.so)
frame #7: c10d::ProcessGroupNCCL::HeartbeatMonitor::runLoop() + 0x330 (0xfb37eb687350 in /usr/local/lib/python3.12/dist-packages/torch/lib/libtorch_cuda.so)
frame #8: <unknown function> + 0xe1ae0 (0xfb389bad1ae0 in /lib/aarch64-linux-gnu/libstdc++.so.6)
frame #9: <unknown function> + 0x8582c (0xfb389c99582c in /lib/aarch64-linux-gnu/libc.so.6)
frame #10: <unknown function> + 0xeb79c (0xfb389c9fb79c in /lib/aarch64-linux-gnu/libc.so.6)

[rank1]:[W910 05:57:57.359674853 ProcessGroupNCCL.cpp:1876] [PG ID 0 PG GUID 0 Rank 1] Failed to check the "should dump" flag on TCPStore, (maybe TCPStore server has shut down too early), with error: Broken pipe
[rank1]:[W910 05:57:58.360228823 TCPStore.cpp:106] [c10d] sendBytes failed on SocketImpl(fd=48, addr=[kiwi.200gb]:45988, remote=[emu.200gb]:29553): Broken pipe
Exception raised from sendBytes at /__w/pytorch/pytorch/torch/csrc/distributed/c10d/Utils.hpp:758 (most recent call first):
frame #0: c10::Error::Error(c10::SourceLocation, std::__cxx11::basic_string<char, std::char_traits<char>, std::allocator<char> >) + 0xc8 (0xfb37ea73e158 in /usr/local/lib/python3.12/dist-packages/torch/lib/libc10.so)
frame #1: c10::DistError::DistError(c10::SourceLocation, std::__cxx11::basic_string<char, std::char_traits<char>, std::allocator<char> >) + 0x78 (0xfb37ea73ed48 in /usr/local/lib/python3.12/dist-packages/torch/lib/libc10.so)
frame #2: c10::DistNetworkError::DistNetworkError(c10::SourceLocation, std::__cxx11::basic_string<char, std::char_traits<char>, std::allocator<char> >) + 0x78 (0xfb37ea73f0c8 in /usr/local/lib/python3.12/dist-packages/torch/lib/libc10.so)
frame #3: <unknown function> + 0x70b77ec (0xfb38080a77ec in /usr/local/lib/python3.12/dist-packages/torch/lib/libtorch_cpu.so)
frame #4: <unknown function> + 0x70b9aa4 (0xfb38080a9aa4 in /usr/local/lib/python3.12/dist-packages/torch/lib/libtorch_cpu.so)
frame #5: <unknown function> + 0x70b9c18 (0xfb38080a9c18 in /usr/local/lib/python3.12/dist-packages/torch/lib/libtorch_cpu.so)
frame #6: c10d::TCPStore::check(std::vector<std::__cxx11::basic_string<char, std::char_traits<char>, std::allocator<char> >, std::allocator<std::__cxx11::basic_string<char, std::char_traits<char>, std::allocator<char> > > > const&) + 0x23c (0xfb38080aab1c in /usr/local/lib/python3.12/dist-packages/torch/lib/libtorch_cpu.so)
frame #7: c10d::ProcessGroupNCCL::HeartbeatMonitor::runLoop() + 0x330 (0xfb37eb687350 in /usr/local/lib/python3.12/dist-packages/torch/lib/libtorch_cuda.so)
frame #8: <unknown function> + 0xe1ae0 (0xfb389bad1ae0 in /lib/aarch64-linux-gnu/libstdc++.so.6)
frame #9: <unknown function> + 0x8582c (0xfb389c99582c in /lib/aarch64-linux-gnu/libc.so.6)
frame #10: <unknown function> + 0xeb79c (0xfb389c9fb79c in /lib/aarch64-linux-gnu/libc.so.6)

[rank1]:[W910 05:57:58.362554825 ProcessGroupNCCL.cpp:1876] [PG ID 0 PG GUID 0 Rank 1] Failed to check the "should dump" flag on TCPStore, (maybe TCPStore server has shut down too early), with error: Broken pipe
[rank1]:[W910 05:57:59.362778379 TCPStore.cpp:106] [c10d] sendBytes failed on SocketImpl(fd=48, addr=[kiwi.200gb]:45988, remote=[emu.200gb]:29553): Broken pipe
Exception raised from sendBytes at /__w/pytorch/pytorch/torch/csrc/distributed/c10d/Utils.hpp:758 (most recent call first):
frame #0: c10::Error::Error(c10::SourceLocation, std::__cxx11::basic_string<char, std::char_traits<char>, std::allocator<char> >) + 0xc8 (0xfb37ea73e158 in /usr/local/lib/python3.12/dist-packages/torch/lib/libc10.so)
frame #1: c10::DistError::DistError(c10::SourceLocation, std::__cxx11::basic_string<char, std::char_traits<char>, std::allocator<char> >) + 0x78 (0xfb37ea73ed48 in /usr/local/lib/python3.12/dist-packages/torch/lib/libc10.so)
frame #2: c10::DistNetworkError::DistNetworkError(c10::SourceLocation, std::__cxx11::basic_string<char, std::char_traits<char>, std::allocator<char> >) + 0x78 (0xfb37ea73f0c8 in /usr/local/lib/python3.12/dist-packages/torch/lib/libc10.so)
frame #3: <unknown function> + 0x70b77ec (0xfb38080a77ec in /usr/local/lib/python3.12/dist-packages/torch/lib/libtorch_cpu.so)
frame #4: <unknown function> + 0x70b9aa4 (0xfb38080a9aa4 in /usr/local/lib/python3.12/dist-packages/torch/lib/libtorch_cpu.so)
frame #5: <unknown function> + 0x70b9c18 (0xfb38080a9c18 in /usr/local/lib/python3.12/dist-packages/torch/lib/libtorch_cpu.so)
frame #6: c10d::TCPStore::check(std::vector<std::__cxx11::basic_string<char, std::char_traits<char>, std::allocator<char> >, std::allocator<std::__cxx11::basic_string<char, std::char_traits<char>, std::allocator<char> > > > const&) + 0x23c (0xfb38080aab1c in /usr/local/lib/python3.12/dist-packages/torch/lib/libtorch_cpu.so)
frame #7: c10d::ProcessGroupNCCL::HeartbeatMonitor::runLoop() + 0x330 (0xfb37eb687350 in /usr/local/lib/python3.12/dist-packages/torch/lib/libtorch_cuda.so)
frame #8: <unknown function> + 0xe1ae0 (0xfb389bad1ae0 in /lib/aarch64-linux-gnu/libstdc++.so.6)
frame #9: <unknown function> + 0x8582c (0xfb389c99582c in /lib/aarch64-linux-gnu/libc.so.6)
frame #10: <unknown function> + 0xeb79c (0xfb389c9fb79c in /lib/aarch64-linux-gnu/libc.so.6)

[rank1]:[W910 05:57:59.365015198 ProcessGroupNCCL.cpp:1876] [PG ID 0 PG GUID 0 Rank 1] Failed to check the "should dump" flag on TCPStore, (maybe TCPStore server has shut down too early), with error: Broken pipe
[rank1]:[W910 05:58:00.365241375 TCPStore.cpp:106] [c10d] sendBytes failed on SocketImpl(fd=48, addr=[kiwi.200gb]:45988, remote=[emu.200gb]:29553): Broken pipe
Exception raised from sendBytes at /__w/pytorch/pytorch/torch/csrc/distributed/c10d/Utils.hpp:758 (most recent call first):
frame #0: c10::Error::Error(c10::SourceLocation, std::__cxx11::basic_string<char, std::char_traits<char>, std::allocator<char> >) + 0xc8 (0xfb37ea73e158 in /usr/local/lib/python3.12/dist-packages/torch/lib/libc10.so)
frame #1: c10::DistError::DistError(c10::SourceLocation, std::__cxx11::basic_string<char, std::char_traits<char>, std::allocator<char> >) + 0x78 (0xfb37ea73ed48 in /usr/local/lib/python3.12/dist-packages/torch/lib/libc10.so)
frame #2: c10::DistNetworkError::DistNetworkError(c10::SourceLocation, std::__cxx11::basic_string<char, std::char_traits<char>, std::allocator<char> >) + 0x78 (0xfb37ea73f0c8 in /usr/local/lib/python3.12/dist-packages/torch/lib/libc10.so)
frame #3: <unknown function> + 0x70b77ec (0xfb38080a77ec in /usr/local/lib/python3.12/dist-packages/torch/lib/libtorch_cpu.so)
frame #4: <unknown function> + 0x70b9aa4 (0xfb38080a9aa4 in /usr/local/lib/python3.12/dist-packages/torch/lib/libtorch_cpu.so)
frame #5: <unknown function> + 0x70b9c18 (0xfb38080a9c18 in /usr/local/lib/python3.12/dist-packages/torch/lib/libtorch_cpu.so)
frame #6: c10d::TCPStore::check(std::vector<std::__cxx11::basic_string<char, std::char_traits<char>, std::allocator<char> >, std::allocator<std::__cxx11::basic_string<char, std::char_traits<char>, std::allocator<char> > > > const&) + 0x23c (0xfb38080aab1c in /usr/local/lib/python3.12/dist-packages/torch/lib/libtorch_cpu.so)
frame #7: c10d::ProcessGroupNCCL::HeartbeatMonitor::runLoop() + 0x330 (0xfb37eb687350 in /usr/local/lib/python3.12/dist-packages/torch/lib/libtorch_cuda.so)
frame #8: <unknown function> + 0xe1ae0 (0xfb389bad1ae0 in /lib/aarch64-linux-gnu/libstdc++.so.6)
frame #9: <unknown function> + 0x8582c (0xfb389c99582c in /lib/aarch64-linux-gnu/libc.so.6)
frame #10: <unknown function> + 0xeb79c (0xfb389c9fb79c in /lib/aarch64-linux-gnu/libc.so.6)

[rank1]:[W910 05:58:00.367009025 ProcessGroupNCCL.cpp:1876] [PG ID 0 PG GUID 0 Rank 1] Failed to check the "should dump" flag on TCPStore, (maybe TCPStore server has shut down too early), with error: Broken pipe
[rank1]:[W910 05:58:01.367630964 TCPStore.cpp:106] [c10d] sendBytes failed on SocketImpl(fd=48, addr=[kiwi.200gb]:45988, remote=[emu.200gb]:29553): Broken pipe
Exception raised from sendBytes at /__w/pytorch/pytorch/torch/csrc/distributed/c10d/Utils.hpp:758 (most recent call first):
frame #0: c10::Error::Error(c10::SourceLocation, std::__cxx11::basic_string<char, std::char_traits<char>, std::allocator<char> >) + 0xc8 (0xfb37ea73e158 in /usr/local/lib/python3.12/dist-packages/torch/lib/libc10.so)
frame #1: c10::DistError::DistError(c10::SourceLocation, std::__cxx11::basic_string<char, std::char_traits<char>, std::allocator<char> >) + 0x78 (0xfb37ea73ed48 in /usr/local/lib/python3.12/dist-packages/torch/lib/libc10.so)
frame #2: c10::DistNetworkError::DistNetworkError(c10::SourceLocation, std::__cxx11::basic_string<char, std::char_traits<char>, std::allocator<char> >) + 0x78 (0xfb37ea73f0c8 in /usr/local/lib/python3.12/dist-packages/torch/lib/libc10.so)
frame #3: <unknown function> + 0x70b77ec (0xfb38080a77ec in /usr/local/lib/python3.12/dist-packages/torch/lib/libtorch_cpu.so)
frame #4: <unknown function> + 0x70b9aa4 (0xfb38080a9aa4 in /usr/local/lib/python3.12/dist-packages/torch/lib/libtorch_cpu.so)
frame #5: <unknown function> + 0x70b9c18 (0xfb38080a9c18 in /usr/local/lib/python3.12/dist-packages/torch/lib/libtorch_cpu.so)
frame #6: c10d::TCPStore::check(std::vector<std::__cxx11::basic_string<char, std::char_traits<char>, std::allocator<char> >, std::allocator<std::__cxx11::basic_string<char, std::char_traits<char>, std::allocator<char> > > > const&) + 0x23c (0xfb38080aab1c in /usr/local/lib/python3.12/dist-packages/torch/lib/libtorch_cpu.so)
frame #7: c10d::ProcessGroupNCCL::HeartbeatMonitor::runLoop() + 0x330 (0xfb37eb687350 in /usr/local/lib/python3.12/dist-packages/torch/lib/libtorch_cuda.so)
frame #8: <unknown function> + 0xe1ae0 (0xfb389bad1ae0 in /lib/aarch64-linux-gnu/libstdc++.so.6)
frame #9: <unknown function> + 0x8582c (0xfb389c99582c in /lib/aarch64-linux-gnu/libc.so.6)
frame #10: <unknown function> + 0xeb79c (0xfb389c9fb79c in /lib/aarch64-linux-gnu/libc.so.6)

[rank1]:[W910 05:58:01.370404887 ProcessGroupNCCL.cpp:1876] [PG ID 0 PG GUID 0 Rank 1] Failed to check the "should dump" flag on TCPStore, (maybe TCPStore server has shut down too early), with error: Broken pipe
[rank1]:[W910 05:58:02.370980907 TCPStore.cpp:106] [c10d] sendBytes failed on SocketImpl(fd=48, addr=[kiwi.200gb]:45988, remote=[emu.200gb]:29553): Broken pipe
Exception raised from sendBytes at /__w/pytorch/pytorch/torch/csrc/distributed/c10d/Utils.hpp:758 (most recent call first):
frame #0: c10::Error::Error(c10::SourceLocation, std::__cxx11::basic_string<char, std::char_traits<char>, std::allocator<char> >) + 0xc8 (0xfb37ea73e158 in /usr/local/lib/python3.12/dist-packages/torch/lib/libc10.so)
frame #1: c10::DistError::DistError(c10::SourceLocation, std::__cxx11::basic_string<char, std::char_traits<char>, std::allocator<char> >) + 0x78 (0xfb37ea73ed48 in /usr/local/lib/python3.12/dist-packages/torch/lib/libc10.so)
frame #2: c10::DistNetworkError::DistNetworkError(c10::SourceLocation, std::__cxx11::basic_string<char, std::char_traits<char>, std::allocator<char> >) + 0x78 (0xfb37ea73f0c8 in /usr/local/lib/python3.12/dist-packages/torch/lib/libc10.so)
frame #3: <unknown function> + 0x70b77ec (0xfb38080a77ec in /usr/local/lib/python3.12/dist-packages/torch/lib/libtorch_cpu.so)
frame #4: <unknown function> + 0x70b9aa4 (0xfb38080a9aa4 in /usr/local/lib/python3.12/dist-packages/torch/lib/libtorch_cpu.so)
frame #5: <unknown function> + 0x70b9c18 (0xfb38080a9c18 in /usr/local/lib/python3.12/dist-packages/torch/lib/libtorch_cpu.so)
frame #6: c10d::TCPStore::check(std::vector<std::__cxx11::basic_string<char, std::char_traits<char>, std::allocator<char> >, std::allocator<std::__cxx11::basic_string<char, std::char_traits<char>, std::allocator<char> > > > const&) + 0x23c (0xfb38080aab1c in /usr/local/lib/python3.12/dist-packages/torch/lib/libtorch_cpu.so)
frame #7: c10d::ProcessGroupNCCL::HeartbeatMonitor::runLoop() + 0x330 (0xfb37eb687350 in /usr/local/lib/python3.12/dist-packages/torch/lib/libtorch_cuda.so)
frame #8: <unknown function> + 0xe1ae0 (0xfb389bad1ae0 in /lib/aarch64-linux-gnu/libstdc++.so.6)
frame #9: <unknown function> + 0x8582c (0xfb389c99582c in /lib/aarch64-linux-gnu/libc.so.6)
frame #10: <unknown function> + 0xeb79c (0xfb389c9fb79c in /lib/aarch64-linux-gnu/libc.so.6)

[rank1]:[W910 05:58:02.373213101 ProcessGroupNCCL.cpp:1876] [PG ID 0 PG GUID 0 Rank 1] Failed to check the "should dump" flag on TCPStore, (maybe TCPStore server has shut down too early), with error: Broken pipe
[rank1]:[W910 05:58:03.373579937 TCPStore.cpp:106] [c10d] sendBytes failed on SocketImpl(fd=48, addr=[kiwi.200gb]:45988, remote=[emu.200gb]:29553): Broken pipe
Exception raised from sendBytes at /__w/pytorch/pytorch/torch/csrc/distributed/c10d/Utils.hpp:758 (most recent call first):
frame #0: c10::Error::Error(c10::SourceLocation, std::__cxx11::basic_string<char, std::char_traits<char>, std::allocator<char> >) + 0xc8 (0xfb37ea73e158 in /usr/local/lib/python3.12/dist-packages/torch/lib/libc10.so)
frame #1: c10::DistError::DistError(c10::SourceLocation, std::__cxx11::basic_string<char, std::char_traits<char>, std::allocator<char> >) + 0x78 (0xfb37ea73ed48 in /usr/local/lib/python3.12/dist-packages/torch/lib/libc10.so)
frame #2: c10::DistNetworkError::DistNetworkError(c10::SourceLocation, std::__cxx11::basic_string<char, std::char_traits<char>, std::allocator<char> >) + 0x78 (0xfb37ea73f0c8 in /usr/local/lib/python3.12/dist-packages/torch/lib/libc10.so)
frame #3: <unknown function> + 0x70b77ec (0xfb38080a77ec in /usr/local/lib/python3.12/dist-packages/torch/lib/libtorch_cpu.so)
frame #4: <unknown function> + 0x70b9aa4 (0xfb38080a9aa4 in /usr/local/lib/python3.12/dist-packages/torch/lib/libtorch_cpu.so)
frame #5: <unknown function> + 0x70b9c18 (0xfb38080a9c18 in /usr/local/lib/python3.12/dist-packages/torch/lib/libtorch_cpu.so)
frame #6: c10d::TCPStore::check(std::vector<std::__cxx11::basic_string<char, std::char_traits<char>, std::allocator<char> >, std::allocator<std::__cxx11::basic_string<char, std::char_traits<char>, std::allocator<char> > > > const&) + 0x23c (0xfb38080aab1c in /usr/local/lib/python3.12/dist-packages/torch/lib/libtorch_cpu.so)
frame #7: c10d::ProcessGroupNCCL::HeartbeatMonitor::runLoop() + 0x330 (0xfb37eb687350 in /usr/local/lib/python3.12/dist-packages/torch/lib/libtorch_cuda.so)
frame #8: <unknown function> + 0xe1ae0 (0xfb389bad1ae0 in /lib/aarch64-linux-gnu/libstdc++.so.6)
frame #9: <unknown function> + 0x8582c (0xfb389c99582c in /lib/aarch64-linux-gnu/libc.so.6)
frame #10: <unknown function> + 0xeb79c (0xfb389c9fb79c in /lib/aarch64-linux-gnu/libc.so.6)

[rank1]:[W910 05:58:03.375446739 ProcessGroupNCCL.cpp:1876] [PG ID 0 PG GUID 0 Rank 1] Failed to check the "should dump" flag on TCPStore, (maybe TCPStore server has shut down too early), with error: Broken pipe
[rank1]:[W910 05:58:04.376052070 TCPStore.cpp:106] [c10d] sendBytes failed on SocketImpl(fd=48, addr=[kiwi.200gb]:45988, remote=[emu.200gb]:29553): Broken pipe
Exception raised from sendBytes at /__w/pytorch/pytorch/torch/csrc/distributed/c10d/Utils.hpp:758 (most recent call first):
frame #0: c10::Error::Error(c10::SourceLocation, std::__cxx11::basic_string<char, std::char_traits<char>, std::allocator<char> >) + 0xc8 (0xfb37ea73e158 in /usr/local/lib/python3.12/dist-packages/torch/lib/libc10.so)
frame #1: c10::DistError::DistError(c10::SourceLocation, std::__cxx11::basic_string<char, std::char_traits<char>, std::allocator<char> >) + 0x78 (0xfb37ea73ed48 in /usr/local/lib/python3.12/dist-packages/torch/lib/libc10.so)
frame #2: c10::DistNetworkError::DistNetworkError(c10::SourceLocation, std::__cxx11::basic_string<char, std::char_traits<char>, std::allocator<char> >) + 0x78 (0xfb37ea73f0c8 in /usr/local/lib/python3.12/dist-packages/torch/lib/libc10.so)
frame #3: <unknown function> + 0x70b77ec (0xfb38080a77ec in /usr/local/lib/python3.12/dist-packages/torch/lib/libtorch_cpu.so)
frame #4: <unknown function> + 0x70b9aa4 (0xfb38080a9aa4 in /usr/local/lib/python3.12/dist-packages/torch/lib/libtorch_cpu.so)
frame #5: <unknown function> + 0x70b9c18 (0xfb38080a9c18 in /usr/local/lib/python3.12/dist-packages/torch/lib/libtorch_cpu.so)
frame #6: c10d::TCPStore::check(std::vector<std::__cxx11::basic_string<char, std::char_traits<char>, std::allocator<char> >, std::allocator<std::__cxx11::basic_string<char, std::char_traits<char>, std::allocator<char> > > > const&) + 0x23c (0xfb38080aab1c in /usr/local/lib/python3.12/dist-packages/torch/lib/libtorch_cpu.so)
frame #7: c10d::ProcessGroupNCCL::HeartbeatMonitor::runLoop() + 0x330 (0xfb37eb687350 in /usr/local/lib/python3.12/dist-packages/torch/lib/libtorch_cuda.so)
frame #8: <unknown function> + 0xe1ae0 (0xfb389bad1ae0 in /lib/aarch64-linux-gnu/libstdc++.so.6)
frame #9: <unknown function> + 0x8582c (0xfb389c99582c in /lib/aarch64-linux-gnu/libc.so.6)
frame #10: <unknown function> + 0xeb79c (0xfb389c9fb79c in /lib/aarch64-linux-gnu/libc.so.6)

[rank1]:[W910 05:58:04.378976266 ProcessGroupNCCL.cpp:1876] [PG ID 0 PG GUID 0 Rank 1] Failed to check the "should dump" flag on TCPStore, (maybe TCPStore server has shut down too early), with error: Broken pipe
[rank1]:[W910 05:58:05.379598734 TCPStore.cpp:106] [c10d] sendBytes failed on SocketImpl(fd=48, addr=[kiwi.200gb]:45988, remote=[emu.200gb]:29553): Broken pipe
Exception raised from sendBytes at /__w/pytorch/pytorch/torch/csrc/distributed/c10d/Utils.hpp:758 (most recent call first):
frame #0: c10::Error::Error(c10::SourceLocation, std::__cxx11::basic_string<char, std::char_traits<char>, std::allocator<char> >) + 0xc8 (0xfb37ea73e158 in /usr/local/lib/python3.12/dist-packages/torch/lib/libc10.so)
frame #1: c10::DistError::DistError(c10::SourceLocation, std::__cxx11::basic_string<char, std::char_traits<char>, std::allocator<char> >) + 0x78 (0xfb37ea73ed48 in /usr/local/lib/python3.12/dist-packages/torch/lib/libc10.so)
frame #2: c10::DistNetworkError::DistNetworkError(c10::SourceLocation, std::__cxx11::basic_string<char, std::char_traits<char>, std::allocator<char> >) + 0x78 (0xfb37ea73f0c8 in /usr/local/lib/python3.12/dist-packages/torch/lib/libc10.so)
frame #3: <unknown function> + 0x70b77ec (0xfb38080a77ec in /usr/local/lib/python3.12/dist-packages/torch/lib/libtorch_cpu.so)
frame #4: <unknown function> + 0x70b9aa4 (0xfb38080a9aa4 in /usr/local/lib/python3.12/dist-packages/torch/lib/libtorch_cpu.so)
frame #5: <unknown function> + 0x70b9c18 (0xfb38080a9c18 in /usr/local/lib/python3.12/dist-packages/torch/lib/libtorch_cpu.so)
frame #6: c10d::TCPStore::check(std::vector<std::__cxx11::basic_string<char, std::char_traits<char>, std::allocator<char> >, std::allocator<std::__cxx11::basic_string<char, std::char_traits<char>, std::allocator<char> > > > const&) + 0x23c (0xfb38080aab1c in /usr/local/lib/python3.12/dist-packages/torch/lib/libtorch_cpu.so)
frame #7: c10d::ProcessGroupNCCL::HeartbeatMonitor::runLoop() + 0x330 (0xfb37eb687350 in /usr/local/lib/python3.12/dist-packages/torch/lib/libtorch_cuda.so)
frame #8: <unknown function> + 0xe1ae0 (0xfb389bad1ae0 in /lib/aarch64-linux-gnu/libstdc++.so.6)
frame #9: <unknown function> + 0x8582c (0xfb389c99582c in /lib/aarch64-linux-gnu/libc.so.6)
frame #10: <unknown function> + 0xeb79c (0xfb389c9fb79c in /lib/aarch64-linux-gnu/libc.so.6)

[rank1]:[W910 05:58:05.381330928 ProcessGroupNCCL.cpp:1876] [PG ID 0 PG GUID 0 Rank 1] Failed to check the "should dump" flag on TCPStore, (maybe TCPStore server has shut down too early), with error: Broken pipe
[rank1]:[W910 05:58:06.381950292 TCPStore.cpp:106] [c10d] sendBytes failed on SocketImpl(fd=48, addr=[kiwi.200gb]:45988, remote=[emu.200gb]:29553): Broken pipe
Exception raised from sendBytes at /__w/pytorch/pytorch/torch/csrc/distributed/c10d/Utils.hpp:758 (most recent call first):
frame #0: c10::Error::Error(c10::SourceLocation, std::__cxx11::basic_string<char, std::char_traits<char>, std::allocator<char> >) + 0xc8 (0xfb37ea73e158 in /usr/local/lib/python3.12/dist-packages/torch/lib/libc10.so)
frame #1: c10::DistError::DistError(c10::SourceLocation, std::__cxx11::basic_string<char, std::char_traits<char>, std::allocator<char> >) + 0x78 (0xfb37ea73ed48 in /usr/local/lib/python3.12/dist-packages/torch/lib/libc10.so)
frame #2: c10::DistNetworkError::DistNetworkError(c10::SourceLocation, std::__cxx11::basic_string<char, std::char_traits<char>, std::allocator<char> >) + 0x78 (0xfb37ea73f0c8 in /usr/local/lib/python3.12/dist-packages/torch/lib/libc10.so)
frame #3: <unknown function> + 0x70b77ec (0xfb38080a77ec in /usr/local/lib/python3.12/dist-packages/torch/lib/libtorch_cpu.so)
frame #4: <unknown function> + 0x70b9aa4 (0xfb38080a9aa4 in /usr/local/lib/python3.12/dist-packages/torch/lib/libtorch_cpu.so)
frame #5: <unknown function> + 0x70b9c18 (0xfb38080a9c18 in /usr/local/lib/python3.12/dist-packages/torch/lib/libtorch_cpu.so)
frame #6: c10d::TCPStore::check(std::vector<std::__cxx11::basic_string<char, std::char_traits<char>, std::allocator<char> >, std::allocator<std::__cxx11::basic_string<char, std::char_traits<char>, std::allocator<char> > > > const&) + 0x23c (0xfb38080aab1c in /usr/local/lib/python3.12/dist-packages/torch/lib/libtorch_cpu.so)
frame #7: c10d::ProcessGroupNCCL::HeartbeatMonitor::runLoop() + 0x330 (0xfb37eb687350 in /usr/local/lib/python3.12/dist-packages/torch/lib/libtorch_cuda.so)
frame #8: <unknown function> + 0xe1ae0 (0xfb389bad1ae0 in /lib/aarch64-linux-gnu/libstdc++.so.6)
frame #9: <unknown function> + 0x8582c (0xfb389c99582c in /lib/aarch64-linux-gnu/libc.so.6)
frame #10: <unknown function> + 0xeb79c (0xfb389c9fb79c in /lib/aarch64-linux-gnu/libc.so.6)

[rank1]:[W910 05:58:06.383873559 ProcessGroupNCCL.cpp:1876] [PG ID 0 PG GUID 0 Rank 1] Failed to check the "should dump" flag on TCPStore, (maybe TCPStore server has shut down too early), with error: Broken pipe
[rank1]:[W910 05:58:07.384014075 TCPStore.cpp:106] [c10d] sendBytes failed on SocketImpl(fd=48, addr=[kiwi.200gb]:45988, remote=[emu.200gb]:29553): Broken pipe
Exception raised from sendBytes at /__w/pytorch/pytorch/torch/csrc/distributed/c10d/Utils.hpp:758 (most recent call first):
frame #0: c10::Error::Error(c10::SourceLocation, std::__cxx11::basic_string<char, std::char_traits<char>, std::allocator<char> >) + 0xc8 (0xfb37ea73e158 in /usr/local/lib/python3.12/dist-packages/torch/lib/libc10.so)
frame #1: c10::DistError::DistError(c10::SourceLocation, std::__cxx11::basic_string<char, std::char_traits<char>, std::allocator<char> >) + 0x78 (0xfb37ea73ed48 in /usr/local/lib/python3.12/dist-packages/torch/lib/libc10.so)
frame #2: c10::DistNetworkError::DistNetworkError(c10::SourceLocation, std::__cxx11::basic_string<char, std::char_traits<char>, std::allocator<char> >) + 0x78 (0xfb37ea73f0c8 in /usr/local/lib/python3.12/dist-packages/torch/lib/libc10.so)
frame #3: <unknown function> + 0x70b77ec (0xfb38080a77ec in /usr/local/lib/python3.12/dist-packages/torch/lib/libtorch_cpu.so)
frame #4: <unknown function> + 0x70b9aa4 (0xfb38080a9aa4 in /usr/local/lib/python3.12/dist-packages/torch/lib/libtorch_cpu.so)
frame #5: <unknown function> + 0x70b9c18 (0xfb38080a9c18 in /usr/local/lib/python3.12/dist-packages/torch/lib/libtorch_cpu.so)
frame #6: c10d::TCPStore::check(std::vector<std::__cxx11::basic_string<char, std::char_traits<char>, std::allocator<char> >, std::allocator<std::__cxx11::basic_string<char, std::char_traits<char>, std::allocator<char> > > > const&) + 0x23c (0xfb38080aab1c in /usr/local/lib/python3.12/dist-packages/torch/lib/libtorch_cpu.so)
frame #7: c10d::ProcessGroupNCCL::HeartbeatMonitor::runLoop() + 0x330 (0xfb37eb687350 in /usr/local/lib/python3.12/dist-packages/torch/lib/libtorch_cuda.so)
frame #8: <unknown function> + 0xe1ae0 (0xfb389bad1ae0 in /lib/aarch64-linux-gnu/libstdc++.so.6)
frame #9: <unknown function> + 0x8582c (0xfb389c99582c in /lib/aarch64-linux-gnu/libc.so.6)
frame #10: <unknown function> + 0xeb79c (0xfb389c9fb79c in /lib/aarch64-linux-gnu/libc.so.6)

[rank1]:[W910 05:58:07.385595405 ProcessGroupNCCL.cpp:1876] [PG ID 0 PG GUID 0 Rank 1] Failed to check the "should dump" flag on TCPStore, (maybe TCPStore server has shut down too early), with error: Broken pipe
